year,background,age,age_group,population
2002,Swedish,0,young,84594
2002,Swedish,1,young,80084
2002,Swedish,2,young,78975
2002,Swedish,3,young,76812
2002,Swedish,4,young,77282
2002,Swedish,5,young,78180
2002,Swedish,6,young,82365
2002,Swedish,7,young,89312
2002,Swedish,8,young,97770
2002,Swedish,9,young,102712
2002,Swedish,10,young,108662
2002,Swedish,11,young,110948
2002,Swedish,12,young,112042
2002,Swedish,13,young,105450
2002,Swedish,14,young,102059
2002,Swedish,15,young,95382
2002,Swedish,16,young,93168
2002,Swedish,17,young,89906
2002,Swedish,18,young,85746
2002,Swedish,19,young,83740
2002,Swedish,20,working_age,84399
2002,Swedish,21,working_age,84812
2002,Swedish,22,working_age,87303
2002,Swedish,23,working_age,86220
2002,Swedish,24,working_age,83472
2002,Swedish,25,working_age,86157
2002,Swedish,26,working_age,87967
2002,Swedish,27,working_age,92922
2002,Swedish,28,working_age,98780
2002,Swedish,29,working_age,97936
2002,Swedish,30,working_age,99375
2002,Swedish,31,working_age,100288
2002,Swedish,32,working_age,96540
2002,Swedish,33,working_age,95414
2002,Swedish,34,working_age,100779
2002,Swedish,35,working_age,108022
2002,Swedish,36,working_age,109734
2002,Swedish,37,working_age,109919
2002,Swedish,38,working_age,110001
2002,Swedish,39,working_age,101101
2002,Swedish,40,working_age,95985
2002,Swedish,41,working_age,93465
2002,Swedish,42,working_age,91447
2002,Swedish,43,working_age,93828
2002,Swedish,44,working_age,94470
2002,Swedish,45,working_age,95676
2002,Swedish,46,working_age,96833
2002,Swedish,47,working_age,96301
2002,Swedish,48,working_age,94208
2002,Swedish,49,working_age,98220
2002,Swedish,50,working_age,97990
2002,Swedish,51,working_age,97711
2002,Swedish,52,working_age,102231
2002,Swedish,53,working_age,107096
2002,Swedish,54,working_age,111499
2002,Swedish,55,working_age,112843
2002,Swedish,56,working_age,115318
2002,Swedish,57,working_age,115914
2002,Swedish,58,working_age,114591
2002,Swedish,59,working_age,106513
2002,Swedish,60,working_age,96800
2002,Swedish,61,working_age,83152
2002,Swedish,62,working_age,79150
2002,Swedish,63,working_age,79268
2002,Swedish,64,working_age,75804
2002,Swedish,65,working_age,71515
2002,Swedish,66,elderly,69384
2002,Swedish,67,elderly,65700
2002,Swedish,68,elderly,63553
2002,Swedish,69,elderly,62425
2002,Swedish,70,elderly,64333
2002,Swedish,71,elderly,63458
2002,Swedish,72,elderly,63425
2002,Swedish,73,elderly,60875
2002,Swedish,74,elderly,62064
2002,Swedish,75,elderly,59455
2002,Swedish,76,elderly,59349
2002,Swedish,77,elderly,59186
2002,Swedish,78,elderly,57600
2002,Swedish,79,elderly,56473
2002,Swedish,80,elderly,53819
2002,Swedish,81,elderly,55119
2002,Swedish,82,elderly,54268
2002,Swedish,83,elderly,41302
2002,Swedish,84,elderly,37616
2002,Swedish,85,elderly,34549
2002,Swedish,86,elderly,30484
2002,Swedish,87,elderly,26089
2002,Swedish,88,elderly,23176
2002,Swedish,89,elderly,19663
2002,Swedish,90,elderly,16319
2002,Swedish,91,elderly,12960
2002,Swedish,92,elderly,10164
2002,Swedish,93,elderly,7956
2002,Swedish,94,elderly,5681
2002,Swedish,95,elderly,4174
2002,Swedish,96,elderly,2896
2002,Swedish,97,elderly,1861
2002,Swedish,98,elderly,1215
2002,Swedish,99,elderly,798
2002,Swedish,100+,elderly,1027
2002,foreign,0,young,11432
2002,foreign,1,young,12602
2002,foreign,2,young,13205
2002,foreign,3,young,13509
2002,foreign,4,young,14004
2002,foreign,5,young,14200
2002,foreign,6,young,14710
2002,foreign,7,young,15607
2002,foreign,8,young,16003
2002,foreign,9,young,16177
2002,foreign,10,young,16268
2002,foreign,11,young,16696
2002,foreign,12,young,16874
2002,foreign,13,young,16528
2002,foreign,14,young,16863
2002,foreign,15,young,16693
2002,foreign,16,young,16830
2002,foreign,17,young,17006
2002,foreign,18,young,17007
2002,foreign,19,young,16748
2002,foreign,20,working_age,17293
2002,foreign,21,working_age,17584
2002,foreign,22,working_age,18584
2002,foreign,23,working_age,18481
2002,foreign,24,working_age,18856
2002,foreign,25,working_age,19425
2002,foreign,26,working_age,20565
2002,foreign,27,working_age,21282
2002,foreign,28,working_age,21784
2002,foreign,29,working_age,21930
2002,foreign,30,working_age,23052
2002,foreign,31,working_age,23448
2002,foreign,32,working_age,23737
2002,foreign,33,working_age,24144
2002,foreign,34,working_age,24834
2002,foreign,35,working_age,24900
2002,foreign,36,working_age,25095
2002,foreign,37,working_age,25481
2002,foreign,38,working_age,25674
2002,foreign,39,working_age,24991
2002,foreign,40,working_age,24557
2002,foreign,41,working_age,23614
2002,foreign,42,working_age,24112
2002,foreign,43,working_age,22895
2002,foreign,44,working_age,21977
2002,foreign,45,working_age,22408
2002,foreign,46,working_age,21884
2002,foreign,47,working_age,20864
2002,foreign,48,working_age,20593
2002,foreign,49,working_age,19487
2002,foreign,50,working_age,18970
2002,foreign,51,working_age,18163
2002,foreign,52,working_age,18571
2002,foreign,53,working_age,18175
2002,foreign,54,working_age,18030
2002,foreign,55,working_age,17804
2002,foreign,56,working_age,16738
2002,foreign,57,working_age,14780
2002,foreign,58,working_age,13710
2002,foreign,59,working_age,13311
2002,foreign,60,working_age,12587
2002,foreign,61,working_age,13588
2002,foreign,62,working_age,12656
2002,foreign,63,working_age,12741
2002,foreign,64,working_age,12033
2002,foreign,65,working_age,11570
2002,foreign,66,elderly,10841
2002,foreign,67,elderly,10469
2002,foreign,68,elderly,10012
2002,foreign,69,elderly,9023
2002,foreign,70,elderly,9007
2002,foreign,71,elderly,8651
2002,foreign,72,elderly,8959
2002,foreign,73,elderly,8059
2002,foreign,74,elderly,7680
2002,foreign,75,elderly,7053
2002,foreign,76,elderly,6734
2002,foreign,77,elderly,6331
2002,foreign,78,elderly,5757
2002,foreign,79,elderly,5328
2002,foreign,80,elderly,4681
2002,foreign,81,elderly,4131
2002,foreign,82,elderly,3677
2002,foreign,83,elderly,2739
2002,foreign,84,elderly,2304
2002,foreign,85,elderly,1934
2002,foreign,86,elderly,1534
2002,foreign,87,elderly,1457
2002,foreign,88,elderly,1402
2002,foreign,89,elderly,1075
2002,foreign,90,elderly,875
2002,foreign,91,elderly,691
2002,foreign,92,elderly,529
2002,foreign,93,elderly,385
2002,foreign,94,elderly,293
2002,foreign,95,elderly,212
2002,foreign,96,elderly,147
2002,foreign,97,elderly,95
2002,foreign,98,elderly,64
2002,foreign,99,elderly,63
2002,foreign,100+,elderly,102
2003,Swedish,0,young,87360
2003,Swedish,1,young,84060
2003,Swedish,2,young,79857
2003,Swedish,3,young,78857
2003,Swedish,4,young,76736
2003,Swedish,5,young,77230
2003,Swedish,6,young,78107
2003,Swedish,7,young,82335
2003,Swedish,8,young,89295
2003,Swedish,9,young,97765
2003,Swedish,10,young,102719
2003,Swedish,11,young,108646
2003,Swedish,12,young,110953
2003,Swedish,13,young,112049
2003,Swedish,14,young,105462
2003,Swedish,15,young,102049
2003,Swedish,16,young,95401
2003,Swedish,17,young,93173
2003,Swedish,18,young,89936
2003,Swedish,19,young,85609
2003,Swedish,20,working_age,83663
2003,Swedish,21,working_age,84211
2003,Swedish,22,working_age,84587
2003,Swedish,23,working_age,87076
2003,Swedish,24,working_age,85983
2003,Swedish,25,working_age,83223
2003,Swedish,26,working_age,85808
2003,Swedish,27,working_age,87693
2003,Swedish,28,working_age,92659
2003,Swedish,29,working_age,98496
2003,Swedish,30,working_age,97775
2003,Swedish,31,working_age,99183
2003,Swedish,32,working_age,100171
2003,Swedish,33,working_age,96430
2003,Swedish,34,working_age,95348
2003,Swedish,35,working_age,100687
2003,Swedish,36,working_age,107949
2003,Swedish,37,working_age,109692
2003,Swedish,38,working_age,109815
2003,Swedish,39,working_age,109892
2003,Swedish,40,working_age,101036
2003,Swedish,41,working_age,95901
2003,Swedish,42,working_age,93361
2003,Swedish,43,working_age,91360
2003,Swedish,44,working_age,93723
2003,Swedish,45,working_age,94352
2003,Swedish,46,working_age,95547
2003,Swedish,47,working_age,96661
2003,Swedish,48,working_age,96111
2003,Swedish,49,working_age,94033
2003,Swedish,50,working_age,97984
2003,Swedish,51,working_age,97716
2003,Swedish,52,working_age,97464
2003,Swedish,53,working_age,101924
2003,Swedish,54,working_age,106736
2003,Swedish,55,working_age,111077
2003,Swedish,56,working_age,112383
2003,Swedish,57,working_age,114766
2003,Swedish,58,working_age,115354
2003,Swedish,59,working_age,113974
2003,Swedish,60,working_age,105877
2003,Swedish,61,working_age,96138
2003,Swedish,62,working_age,82434
2003,Swedish,63,working_age,78496
2003,Swedish,64,working_age,78546
2003,Swedish,65,working_age,74967
2003,Swedish,66,elderly,70708
2003,Swedish,67,elderly,68498
2003,Swedish,68,elderly,64790
2003,Swedish,69,elderly,62554
2003,Swedish,70,elderly,61315
2003,Swedish,71,elderly,63075
2003,Swedish,72,elderly,62143
2003,Swedish,73,elderly,61915
2003,Swedish,74,elderly,59321
2003,Swedish,75,elderly,60377
2003,Swedish,76,elderly,57543
2003,Swedish,77,elderly,57193
2003,Swedish,78,elderly,56855
2003,Swedish,79,elderly,55018
2003,Swedish,80,elderly,53550
2003,Swedish,81,elderly,50686
2003,Swedish,82,elderly,51489
2003,Swedish,83,elderly,50306
2003,Swedish,84,elderly,37906
2003,Swedish,85,elderly,34160
2003,Swedish,86,elderly,30964
2003,Swedish,87,elderly,26944
2003,Swedish,88,elderly,22665
2003,Swedish,89,elderly,19761
2003,Swedish,90,elderly,16525
2003,Swedish,91,elderly,13492
2003,Swedish,92,elderly,10393
2003,Swedish,93,elderly,7959
2003,Swedish,94,elderly,6090
2003,Swedish,95,elderly,4251
2003,Swedish,96,elderly,2989
2003,Swedish,97,elderly,2002
2003,Swedish,98,elderly,1253
2003,Swedish,99,elderly,787
2003,Swedish,100+,elderly,1084
2003,foreign,0,young,11870
2003,foreign,1,young,13019
2003,foreign,2,young,13347
2003,foreign,3,young,13757
2003,foreign,4,young,14023
2003,foreign,5,young,14538
2003,foreign,6,young,14667
2003,foreign,7,young,15163
2003,foreign,8,young,16038
2003,foreign,9,young,16461
2003,foreign,10,young,16638
2003,foreign,11,young,16645
2003,foreign,12,young,17112
2003,foreign,13,young,17335
2003,foreign,14,young,16946
2003,foreign,15,young,17332
2003,foreign,16,young,17155
2003,foreign,17,young,17336
2003,foreign,18,young,17620
2003,foreign,19,young,17689
2003,foreign,20,working_age,17609
2003,foreign,21,working_age,18220
2003,foreign,22,working_age,18714
2003,foreign,23,working_age,20022
2003,foreign,24,working_age,19932
2003,foreign,25,working_age,20379
2003,foreign,26,working_age,20707
2003,foreign,27,working_age,21797
2003,foreign,28,working_age,22411
2003,foreign,29,working_age,22778
2003,foreign,30,working_age,22908
2003,foreign,31,working_age,23913
2003,foreign,32,working_age,24206
2003,foreign,33,working_age,24442
2003,foreign,34,working_age,24727
2003,foreign,35,working_age,25320
2003,foreign,36,working_age,25354
2003,foreign,37,working_age,25486
2003,foreign,38,working_age,25830
2003,foreign,39,working_age,25871
2003,foreign,40,working_age,25314
2003,foreign,41,working_age,24806
2003,foreign,42,working_age,23720
2003,foreign,43,working_age,24281
2003,foreign,44,working_age,23065
2003,foreign,45,working_age,22113
2003,foreign,46,working_age,22532
2003,foreign,47,working_age,21982
2003,foreign,48,working_age,20901
2003,foreign,49,working_age,20640
2003,foreign,50,working_age,19517
2003,foreign,51,working_age,18995
2003,foreign,52,working_age,18179
2003,foreign,53,working_age,18546
2003,foreign,54,working_age,18157
2003,foreign,55,working_age,17999
2003,foreign,56,working_age,17769
2003,foreign,57,working_age,16728
2003,foreign,58,working_age,14718
2003,foreign,59,working_age,13660
2003,foreign,60,working_age,13254
2003,foreign,61,working_age,12558
2003,foreign,62,working_age,13527
2003,foreign,63,working_age,12589
2003,foreign,64,working_age,12655
2003,foreign,65,working_age,11896
2003,foreign,66,elderly,11432
2003,foreign,67,elderly,10700
2003,foreign,68,elderly,10284
2003,foreign,69,elderly,9848
2003,foreign,70,elderly,8834
2003,foreign,71,elderly,8806
2003,foreign,72,elderly,8448
2003,foreign,73,elderly,8729
2003,foreign,74,elderly,7811
2003,foreign,75,elderly,7430
2003,foreign,76,elderly,6802
2003,foreign,77,elderly,6473
2003,foreign,78,elderly,6057
2003,foreign,79,elderly,5494
2003,foreign,80,elderly,5031
2003,foreign,81,elderly,4431
2003,foreign,82,elderly,3874
2003,foreign,83,elderly,3388
2003,foreign,84,elderly,2532
2003,foreign,85,elderly,2111
2003,foreign,86,elderly,1751
2003,foreign,87,elderly,1353
2003,foreign,88,elderly,1282
2003,foreign,89,elderly,1240
2003,foreign,90,elderly,913
2003,foreign,91,elderly,752
2003,foreign,92,elderly,568
2003,foreign,93,elderly,420
2003,foreign,94,elderly,310
2003,foreign,95,elderly,231
2003,foreign,96,elderly,155
2003,foreign,97,elderly,106
2003,foreign,98,elderly,66
2003,foreign,99,elderly,52
2003,foreign,100+,elderly,116
2004,Swedish,0,young,88489
2004,Swedish,1,young,86718
2004,Swedish,2,young,83812
2004,Swedish,3,young,79717
2004,Swedish,4,young,78769
2004,Swedish,5,young,76668
2004,Swedish,6,young,77149
2004,Swedish,7,young,78046
2004,Swedish,8,young,82302
2004,Swedish,9,young,89258
2004,Swedish,10,young,97742
2004,Swedish,11,young,102676
2004,Swedish,12,young,108632
2004,Swedish,13,young,110937
2004,Swedish,14,young,112029
2004,Swedish,15,young,105468
2004,Swedish,16,young,102063
2004,Swedish,17,young,95399
2004,Swedish,18,young,93162
2004,Swedish,19,young,89831
2004,Swedish,20,working_age,85505
2004,Swedish,21,working_age,83513
2004,Swedish,22,working_age,84018
2004,Swedish,23,working_age,84422
2004,Swedish,24,working_age,86888
2004,Swedish,25,working_age,85790
2004,Swedish,26,working_age,82942
2004,Swedish,27,working_age,85522
2004,Swedish,28,working_age,87407
2004,Swedish,29,working_age,92368
2004,Swedish,30,working_age,98279
2004,Swedish,31,working_age,97519
2004,Swedish,32,working_age,98997
2004,Swedish,33,working_age,100015
2004,Swedish,34,working_age,96308
2004,Swedish,35,working_age,95237
2004,Swedish,36,working_age,100589
2004,Swedish,37,working_age,107876
2004,Swedish,38,working_age,109509
2004,Swedish,39,working_age,109698
2004,Swedish,40,working_age,109781
2004,Swedish,41,working_age,100945
2004,Swedish,42,working_age,95750
2004,Swedish,43,working_age,93258
2004,Swedish,44,working_age,91240
2004,Swedish,45,working_age,93626
2004,Swedish,46,working_age,94216
2004,Swedish,47,working_age,95376
2004,Swedish,48,working_age,96458
2004,Swedish,49,working_age,95885
2004,Swedish,50,working_age,93773
2004,Swedish,51,working_age,97706
2004,Swedish,52,working_age,97470
2004,Swedish,53,working_age,97188
2004,Swedish,54,working_age,101580
2004,Swedish,55,working_age,106308
2004,Swedish,56,working_age,110622
2004,Swedish,57,working_age,111821
2004,Swedish,58,working_age,114160
2004,Swedish,59,working_age,114702
2004,Swedish,60,working_age,113240
2004,Swedish,61,working_age,105101
2004,Swedish,62,working_age,95418
2004,Swedish,63,working_age,81769
2004,Swedish,64,working_age,77792
2004,Swedish,65,working_age,77759
2004,Swedish,66,elderly,74157
2004,Swedish,67,elderly,69841
2004,Swedish,68,elderly,67616
2004,Swedish,69,elderly,63793
2004,Swedish,70,elderly,61549
2004,Swedish,71,elderly,60155
2004,Swedish,72,elderly,61811
2004,Swedish,73,elderly,60793
2004,Swedish,74,elderly,60345
2004,Swedish,75,elderly,57695
2004,Swedish,76,elderly,58608
2004,Swedish,77,elderly,55528
2004,Swedish,78,elderly,55047
2004,Swedish,79,elderly,54422
2004,Swedish,80,elderly,52422
2004,Swedish,81,elderly,50607
2004,Swedish,82,elderly,47547
2004,Swedish,83,elderly,47976
2004,Swedish,84,elderly,46350
2004,Swedish,85,elderly,34621
2004,Swedish,86,elderly,30652
2004,Swedish,87,elderly,27521
2004,Swedish,88,elderly,23536
2004,Swedish,89,elderly,19467
2004,Swedish,90,elderly,16658
2004,Swedish,91,elderly,13686
2004,Swedish,92,elderly,10960
2004,Swedish,93,elderly,8251
2004,Swedish,94,elderly,6138
2004,Swedish,95,elderly,4552
2004,Swedish,96,elderly,3110
2004,Swedish,97,elderly,2115
2004,Swedish,98,elderly,1373
2004,Swedish,99,elderly,826
2004,Swedish,100+,elderly,1158
2004,foreign,0,young,12601
2004,foreign,1,young,13563
2004,foreign,2,young,13813
2004,foreign,3,young,13826
2004,foreign,4,young,14250
2004,foreign,5,young,14472
2004,foreign,6,young,14994
2004,foreign,7,young,15063
2004,foreign,8,young,15499
2004,foreign,9,young,16468
2004,foreign,10,young,16860
2004,foreign,11,young,17013
2004,foreign,12,young,17046
2004,foreign,13,young,17464
2004,foreign,14,young,17705
2004,foreign,15,young,17330
2004,foreign,16,young,17741
2004,foreign,17,young,17571
2004,foreign,18,young,17883
2004,foreign,19,young,18249
2004,foreign,20,working_age,18378
2004,foreign,21,working_age,18498
2004,foreign,22,working_age,19453
2004,foreign,23,working_age,20188
2004,foreign,24,working_age,21449
2004,foreign,25,working_age,21461
2004,foreign,26,working_age,21848
2004,foreign,27,working_age,21973
2004,foreign,28,working_age,22968
2004,foreign,29,working_age,23440
2004,foreign,30,working_age,23621
2004,foreign,31,working_age,23718
2004,foreign,32,working_age,24570
2004,foreign,33,working_age,24681
2004,foreign,34,working_age,24929
2004,foreign,35,working_age,25120
2004,foreign,36,working_age,25685
2004,foreign,37,working_age,25754
2004,foreign,38,working_age,25656
2004,foreign,39,working_age,26028
2004,foreign,40,working_age,26074
2004,foreign,41,working_age,25488
2004,foreign,42,working_age,24928
2004,foreign,43,working_age,23879
2004,foreign,44,working_age,24422
2004,foreign,45,working_age,23167
2004,foreign,46,working_age,22180
2004,foreign,47,working_age,22590
2004,foreign,48,working_age,22007
2004,foreign,49,working_age,20933
2004,foreign,50,working_age,20658
2004,foreign,51,working_age,19534
2004,foreign,52,working_age,18965
2004,foreign,53,working_age,18189
2004,foreign,54,working_age,18523
2004,foreign,55,working_age,18093
2004,foreign,56,working_age,17929
2004,foreign,57,working_age,17679
2004,foreign,58,working_age,16689
2004,foreign,59,working_age,14683
2004,foreign,60,working_age,13616
2004,foreign,61,working_age,13174
2004,foreign,62,working_age,12481
2004,foreign,63,working_age,13422
2004,foreign,64,working_age,12471
2004,foreign,65,working_age,12482
2004,foreign,66,elderly,11720
2004,foreign,67,elderly,11276
2004,foreign,68,elderly,10509
2004,foreign,69,elderly,10095
2004,foreign,70,elderly,9644
2004,foreign,71,elderly,8640
2004,foreign,72,elderly,8552
2004,foreign,73,elderly,8223
2004,foreign,74,elderly,8481
2004,foreign,75,elderly,7564
2004,foreign,76,elderly,7172
2004,foreign,77,elderly,6558
2004,foreign,78,elderly,6189
2004,foreign,79,elderly,5774
2004,foreign,80,elderly,5210
2004,foreign,81,elderly,4743
2004,foreign,82,elderly,4144
2004,foreign,83,elderly,3570
2004,foreign,84,elderly,3113
2004,foreign,85,elderly,2282
2004,foreign,86,elderly,1908
2004,foreign,87,elderly,1554
2004,foreign,88,elderly,1186
2004,foreign,89,elderly,1086
2004,foreign,90,elderly,1054
2004,foreign,91,elderly,773
2004,foreign,92,elderly,628
2004,foreign,93,elderly,454
2004,foreign,94,elderly,332
2004,foreign,95,elderly,242
2004,foreign,96,elderly,168
2004,foreign,97,elderly,112
2004,foreign,98,elderly,83
2004,foreign,99,elderly,49
2004,foreign,100+,elderly,120
2005,Swedish,0,young,88554
2005,Swedish,1,young,87804
2005,Swedish,2,young,86446
2005,Swedish,3,young,83623
2005,Swedish,4,young,79568
2005,Swedish,5,young,78646
2005,Swedish,6,young,76540
2005,Swedish,7,young,77057
2005,Swedish,8,young,77993
2005,Swedish,9,young,82223
2005,Swedish,10,young,89209
2005,Swedish,11,young,97704
2005,Swedish,12,young,102624
2005,Swedish,13,young,108596
2005,Swedish,14,young,110900
2005,Swedish,15,young,111991
2005,Swedish,16,young,105448
2005,Swedish,17,young,102038
2005,Swedish,18,young,95387
2005,Swedish,19,young,93019
2005,Swedish,20,working_age,89642
2005,Swedish,21,working_age,85256
2005,Swedish,22,working_age,83283
2005,Swedish,23,working_age,83830
2005,Swedish,24,working_age,84234
2005,Swedish,25,working_age,86570
2005,Swedish,26,working_age,85470
2005,Swedish,27,working_age,82646
2005,Swedish,28,working_age,85178
2005,Swedish,29,working_age,87092
2005,Swedish,30,working_age,92063
2005,Swedish,31,working_age,97961
2005,Swedish,32,working_age,97270
2005,Swedish,33,working_age,98807
2005,Swedish,34,working_age,99886
2005,Swedish,35,working_age,96193
2005,Swedish,36,working_age,95084
2005,Swedish,37,working_age,100436
2005,Swedish,38,working_age,107701
2005,Swedish,39,working_age,109328
2005,Swedish,40,working_age,109518
2005,Swedish,41,working_age,109577
2005,Swedish,42,working_age,100787
2005,Swedish,43,working_age,95582
2005,Swedish,44,working_age,93084
2005,Swedish,45,working_age,91071
2005,Swedish,46,working_age,93439
2005,Swedish,47,working_age,94051
2005,Swedish,48,working_age,95167
2005,Swedish,49,working_age,96222
2005,Swedish,50,working_age,95611
2005,Swedish,51,working_age,93502
2005,Swedish,52,working_age,97412
2005,Swedish,53,working_age,97090
2005,Swedish,54,working_age,96799
2005,Swedish,55,working_age,101156
2005,Swedish,56,working_age,105811
2005,Swedish,57,working_age,110052
2005,Swedish,58,working_age,111242
2005,Swedish,59,working_age,113528
2005,Swedish,60,working_age,113942
2005,Swedish,61,working_age,112425
2005,Swedish,62,working_age,104326
2005,Swedish,63,working_age,94629
2005,Swedish,64,working_age,81044
2005,Swedish,65,working_age,76968
2005,Swedish,66,elderly,76865
2005,Swedish,67,elderly,73199
2005,Swedish,68,elderly,68924
2005,Swedish,69,elderly,66654
2005,Swedish,70,elderly,62707
2005,Swedish,71,elderly,60466
2005,Swedish,72,elderly,59007
2005,Swedish,73,elderly,60461
2005,Swedish,74,elderly,59262
2005,Swedish,75,elderly,58631
2005,Swedish,76,elderly,56029
2005,Swedish,77,elderly,56599
2005,Swedish,78,elderly,53444
2005,Swedish,79,elderly,52649
2005,Swedish,80,elderly,51769
2005,Swedish,81,elderly,49575
2005,Swedish,82,elderly,47553
2005,Swedish,83,elderly,44135
2005,Swedish,84,elderly,44303
2005,Swedish,85,elderly,42212
2005,Swedish,86,elderly,31225
2005,Swedish,87,elderly,27161
2005,Swedish,88,elderly,24049
2005,Swedish,89,elderly,20242
2005,Swedish,90,elderly,16419
2005,Swedish,91,elderly,13812
2005,Swedish,92,elderly,11082
2005,Swedish,93,elderly,8581
2005,Swedish,94,elderly,6325
2005,Swedish,95,elderly,4600
2005,Swedish,96,elderly,3337
2005,Swedish,97,elderly,2215
2005,Swedish,98,elderly,1437
2005,Swedish,99,elderly,907
2005,Swedish,100+,elderly,1223
2005,foreign,0,young,13001
2005,foreign,1,young,14387
2005,foreign,2,young,14352
2005,foreign,3,young,14348
2005,foreign,4,young,14262
2005,foreign,5,young,14690
2005,foreign,6,young,14843
2005,foreign,7,young,15352
2005,foreign,8,young,15485
2005,foreign,9,young,15858
2005,foreign,10,young,16829
2005,foreign,11,young,17220
2005,foreign,12,young,17392
2005,foreign,13,young,17423
2005,foreign,14,young,17847
2005,foreign,15,young,18114
2005,foreign,16,young,17704
2005,foreign,17,young,18168
2005,foreign,18,young,18021
2005,foreign,19,young,18490
2005,foreign,20,working_age,18993
2005,foreign,21,working_age,19298
2005,foreign,22,working_age,19803
2005,foreign,23,working_age,21080
2005,foreign,24,working_age,21849
2005,foreign,25,working_age,23173
2005,foreign,26,working_age,23138
2005,foreign,27,working_age,23275
2005,foreign,28,working_age,23331
2005,foreign,29,working_age,24188
2005,foreign,30,working_age,24613
2005,foreign,31,working_age,24592
2005,foreign,32,working_age,24461
2005,foreign,33,working_age,25376
2005,foreign,34,working_age,25247
2005,foreign,35,working_age,25505
2005,foreign,36,working_age,25584
2005,foreign,37,working_age,26089
2005,foreign,38,working_age,26117
2005,foreign,39,working_age,25978
2005,foreign,40,working_age,26391
2005,foreign,41,working_age,26285
2005,foreign,42,working_age,25699
2005,foreign,43,working_age,25160
2005,foreign,44,working_age,24081
2005,foreign,45,working_age,24591
2005,foreign,46,working_age,23240
2005,foreign,47,working_age,22305
2005,foreign,48,working_age,22682
2005,foreign,49,working_age,22085
2005,foreign,50,working_age,21012
2005,foreign,51,working_age,20712
2005,foreign,52,working_age,19558
2005,foreign,53,working_age,19000
2005,foreign,54,working_age,18122
2005,foreign,55,working_age,18487
2005,foreign,56,working_age,18067
2005,foreign,57,working_age,17871
2005,foreign,58,working_age,17630
2005,foreign,59,working_age,16638
2005,foreign,60,working_age,14605
2005,foreign,61,working_age,13547
2005,foreign,62,working_age,13066
2005,foreign,63,working_age,12402
2005,foreign,64,working_age,13296
2005,foreign,65,working_age,12351
2005,foreign,66,elderly,12327
2005,foreign,67,elderly,11543
2005,foreign,68,elderly,11093
2005,foreign,69,elderly,10337
2005,foreign,70,elderly,9920
2005,foreign,71,elderly,9437
2005,foreign,72,elderly,8445
2005,foreign,73,elderly,8342
2005,foreign,74,elderly,7968
2005,foreign,75,elderly,8224
2005,foreign,76,elderly,7309
2005,foreign,77,elderly,6881
2005,foreign,78,elderly,6277
2005,foreign,79,elderly,5895
2005,foreign,80,elderly,5446
2005,foreign,81,elderly,4879
2005,foreign,82,elderly,4441
2005,foreign,83,elderly,3829
2005,foreign,84,elderly,3291
2005,foreign,85,elderly,2847
2005,foreign,86,elderly,2059
2005,foreign,87,elderly,1704
2005,foreign,88,elderly,1351
2005,foreign,89,elderly,1026
2005,foreign,90,elderly,908
2005,foreign,91,elderly,868
2005,foreign,92,elderly,636
2005,foreign,93,elderly,517
2005,foreign,94,elderly,364
2005,foreign,95,elderly,261
2005,foreign,96,elderly,184
2005,foreign,97,elderly,130
2005,foreign,98,elderly,82
2005,foreign,99,elderly,59
2005,foreign,100+,elderly,119
2006,Swedish,0,young,91895
2006,Swedish,1,young,87845
2006,Swedish,2,young,87520
2006,Swedish,3,young,86311
2006,Swedish,4,young,83448
2006,Swedish,5,young,79424
2006,Swedish,6,young,78591
2006,Swedish,7,young,76443
2006,Swedish,8,young,76951
2006,Swedish,9,young,77919
2006,Swedish,10,young,82182
2006,Swedish,11,young,89160
2006,Swedish,12,young,97665
2006,Swedish,13,young,102599
2006,Swedish,14,young,108555
2006,Swedish,15,young,110879
2006,Swedish,16,young,111996
2006,Swedish,17,young,105429
2006,Swedish,18,young,102043
2006,Swedish,19,young,95199
2006,Swedish,20,working_age,92785
2006,Swedish,21,working_age,89370
2006,Swedish,22,working_age,85006
2006,Swedish,23,working_age,83012
2006,Swedish,24,working_age,83528
2006,Swedish,25,working_age,83940
2006,Swedish,26,working_age,86138
2006,Swedish,27,working_age,85014
2006,Swedish,28,working_age,82248
2006,Swedish,29,working_age,84826
2006,Swedish,30,working_age,86714
2006,Swedish,31,working_age,91760
2006,Swedish,32,working_age,97699
2006,Swedish,33,working_age,97020
2006,Swedish,34,working_age,98652
2006,Swedish,35,working_age,99711
2006,Swedish,36,working_age,96035
2006,Swedish,37,working_age,94877
2006,Swedish,38,working_age,100260
2006,Swedish,39,working_age,107532
2006,Swedish,40,working_age,109162
2006,Swedish,41,working_age,109321
2006,Swedish,42,working_age,109376
2006,Swedish,43,working_age,100679
2006,Swedish,44,working_age,95438
2006,Swedish,45,working_age,92960
2006,Swedish,46,working_age,90910
2006,Swedish,47,working_age,93260
2006,Swedish,48,working_age,93868
2006,Swedish,49,working_age,94938
2006,Swedish,50,working_age,96017
2006,Swedish,51,working_age,95318
2006,Swedish,52,working_age,93228
2006,Swedish,53,working_age,97086
2006,Swedish,54,working_age,96683
2006,Swedish,55,working_age,96418
2006,Swedish,56,working_age,100684
2006,Swedish,57,working_age,105320
2006,Swedish,58,working_age,109510
2006,Swedish,59,working_age,110647
2006,Swedish,60,working_age,112841
2006,Swedish,61,working_age,113177
2006,Swedish,62,working_age,111583
2006,Swedish,63,working_age,103425
2006,Swedish,64,working_age,93823
2006,Swedish,65,working_age,80194
2006,Swedish,66,elderly,76110
2006,Swedish,67,elderly,75974
2006,Swedish,68,elderly,72253
2006,Swedish,69,elderly,67993
2006,Swedish,70,elderly,65601
2006,Swedish,71,elderly,61626
2006,Swedish,72,elderly,59234
2006,Swedish,73,elderly,57779
2006,Swedish,74,elderly,59016
2006,Swedish,75,elderly,57692
2006,Swedish,76,elderly,56906
2006,Swedish,77,elderly,54177
2006,Swedish,78,elderly,54487
2006,Swedish,79,elderly,51181
2006,Swedish,80,elderly,50204
2006,Swedish,81,elderly,48989
2006,Swedish,82,elderly,46593
2006,Swedish,83,elderly,44369
2006,Swedish,84,elderly,40672
2006,Swedish,85,elderly,40377
2006,Swedish,86,elderly,38058
2006,Swedish,87,elderly,27880
2006,Swedish,88,elderly,23799
2006,Swedish,89,elderly,20650
2006,Swedish,90,elderly,17121
2006,Swedish,91,elderly,13613
2006,Swedish,92,elderly,11120
2006,Swedish,93,elderly,8752
2006,Swedish,94,elderly,6686
2006,Swedish,95,elderly,4713
2006,Swedish,96,elderly,3320
2006,Swedish,97,elderly,2338
2006,Swedish,98,elderly,1533
2006,Swedish,99,elderly,920
2006,Swedish,100+,elderly,1297
2006,foreign,0,young,14383
2006,foreign,1,young,15068
2006,foreign,2,young,15571
2006,foreign,3,young,15268
2006,foreign,4,young,15274
2006,foreign,5,young,15029
2006,foreign,6,young,15606
2006,foreign,7,young,15573
2006,foreign,8,young,16173
2006,foreign,9,young,16312
2006,foreign,10,young,16667
2006,foreign,11,young,17723
2006,foreign,12,young,18019
2006,foreign,13,young,18195
2006,foreign,14,young,18218
2006,foreign,15,young,18572
2006,foreign,16,young,18921
2006,foreign,17,young,18536
2006,foreign,18,young,19028
2006,foreign,19,young,19119
2006,foreign,20,working_age,19833
2006,foreign,21,working_age,20711
2006,foreign,22,working_age,21402
2006,foreign,23,working_age,22291
2006,foreign,24,working_age,23639
2006,foreign,25,working_age,24234
2006,foreign,26,working_age,25707
2006,foreign,27,working_age,25188
2006,foreign,28,working_age,25264
2006,foreign,29,working_age,25175
2006,foreign,30,working_age,25868
2006,foreign,31,working_age,26020
2006,foreign,32,working_age,26010
2006,foreign,33,working_age,25706
2006,foreign,34,working_age,26596
2006,foreign,35,working_age,26253
2006,foreign,36,working_age,26634
2006,foreign,37,working_age,26466
2006,foreign,38,working_age,26835
2006,foreign,39,working_age,26844
2006,foreign,40,working_age,26603
2006,foreign,41,working_age,26992
2006,foreign,42,working_age,26805
2006,foreign,43,working_age,26261
2006,foreign,44,working_age,25625
2006,foreign,45,working_age,24441
2006,foreign,46,working_age,25041
2006,foreign,47,working_age,23542
2006,foreign,48,working_age,22557
2006,foreign,49,working_age,22928
2006,foreign,50,working_age,22272
2006,foreign,51,working_age,21208
2006,foreign,52,working_age,20786
2006,foreign,53,working_age,19634
2006,foreign,54,working_age,19063
2006,foreign,55,working_age,18213
2006,foreign,56,working_age,18581
2006,foreign,57,working_age,18062
2006,foreign,58,working_age,17838
2006,foreign,59,working_age,17584
2006,foreign,60,working_age,16572
2006,foreign,61,working_age,14534
2006,foreign,62,working_age,13490
2006,foreign,63,working_age,13036
2006,foreign,64,working_age,12368
2006,foreign,65,working_age,13145
2006,foreign,66,elderly,12237
2006,foreign,67,elderly,12250
2006,foreign,68,elderly,11442
2006,foreign,69,elderly,10956
2006,foreign,70,elderly,10170
2006,foreign,71,elderly,9738
2006,foreign,72,elderly,9226
2006,foreign,73,elderly,8253
2006,foreign,74,elderly,8151
2006,foreign,75,elderly,7729
2006,foreign,76,elderly,8015
2006,foreign,77,elderly,7033
2006,foreign,78,elderly,6606
2006,foreign,79,elderly,6009
2006,foreign,80,elderly,5607
2006,foreign,81,elderly,5143
2006,foreign,82,elderly,4568
2006,foreign,83,elderly,4148
2006,foreign,84,elderly,3518
2006,foreign,85,elderly,3021
2006,foreign,86,elderly,2551
2006,foreign,87,elderly,1849
2006,foreign,88,elderly,1482
2006,foreign,89,elderly,1179
2006,foreign,90,elderly,872
2006,foreign,91,elderly,759
2006,foreign,92,elderly,733
2006,foreign,93,elderly,521
2006,foreign,94,elderly,412
2006,foreign,95,elderly,272
2006,foreign,96,elderly,204
2006,foreign,97,elderly,137
2006,foreign,98,elderly,101
2006,foreign,99,elderly,63
2006,foreign,100+,elderly,110
2007,Swedish,0,young,92228
2007,Swedish,1,young,91183
2007,Swedish,2,young,87520
2007,Swedish,3,young,87265
2007,Swedish,4,young,86162
2007,Swedish,5,young,83326
2007,Swedish,6,young,79357
2007,Swedish,7,young,78486
2007,Swedish,8,young,76387
2007,Swedish,9,young,76915
2007,Swedish,10,young,77877
2007,Swedish,11,young,82144
2007,Swedish,12,young,89166
2007,Swedish,13,young,97608
2007,Swedish,14,young,102571
2007,Swedish,15,young,108557
2007,Swedish,16,young,110912
2007,Swedish,17,young,111976
2007,Swedish,18,young,105426
2007,Swedish,19,young,101853
2007,Swedish,20,working_age,94917
2007,Swedish,21,working_age,92444
2007,Swedish,22,working_age,89041
2007,Swedish,23,working_age,84721
2007,Swedish,24,working_age,82709
2007,Swedish,25,working_age,83187
2007,Swedish,26,working_age,83512
2007,Swedish,27,working_age,85690
2007,Swedish,28,working_age,84618
2007,Swedish,29,working_age,81944
2007,Swedish,30,working_age,84571
2007,Swedish,31,working_age,86477
2007,Swedish,32,working_age,91516
2007,Swedish,33,working_age,97572
2007,Swedish,34,working_age,96868
2007,Swedish,35,working_age,98531
2007,Swedish,36,working_age,99544
2007,Swedish,37,working_age,95894
2007,Swedish,38,working_age,94751
2007,Swedish,39,working_age,100136
2007,Swedish,40,working_age,107357
2007,Swedish,41,working_age,109038
2007,Swedish,42,working_age,109140
2007,Swedish,43,working_age,109216
2007,Swedish,44,working_age,100513
2007,Swedish,45,working_age,95252
2007,Swedish,46,working_age,92810
2007,Swedish,47,working_age,90727
2007,Swedish,48,working_age,93115
2007,Swedish,49,working_age,93691
2007,Swedish,50,working_age,94700
2007,Swedish,51,working_age,95754
2007,Swedish,52,working_age,95016
2007,Swedish,53,working_age,92927
2007,Swedish,54,working_age,96777
2007,Swedish,55,working_age,96343
2007,Swedish,56,working_age,96029
2007,Swedish,57,working_age,100252
2007,Swedish,58,working_age,104808
2007,Swedish,59,working_age,108916
2007,Swedish,60,working_age,109967
2007,Swedish,61,working_age,112162
2007,Swedish,62,working_age,112377
2007,Swedish,63,working_age,110687
2007,Swedish,64,working_age,102497
2007,Swedish,65,working_age,92894
2007,Swedish,66,elderly,79311
2007,Swedish,67,elderly,75196
2007,Swedish,68,elderly,74995
2007,Swedish,69,elderly,71307
2007,Swedish,70,elderly,66934
2007,Swedish,71,elderly,64557
2007,Swedish,72,elderly,60503
2007,Swedish,73,elderly,57998
2007,Swedish,74,elderly,56509
2007,Swedish,75,elderly,57507
2007,Swedish,76,elderly,55981
2007,Swedish,77,elderly,55057
2007,Swedish,78,elderly,52126
2007,Swedish,79,elderly,52256
2007,Swedish,80,elderly,48808
2007,Swedish,81,elderly,47533
2007,Swedish,82,elderly,46030
2007,Swedish,83,elderly,43417
2007,Swedish,84,elderly,41063
2007,Swedish,85,elderly,37097
2007,Swedish,86,elderly,36490
2007,Swedish,87,elderly,33859
2007,Swedish,88,elderly,24427
2007,Swedish,89,elderly,20413
2007,Swedish,90,elderly,17442
2007,Swedish,91,elderly,14174
2007,Swedish,92,elderly,11044
2007,Swedish,93,elderly,8705
2007,Swedish,94,elderly,6660
2007,Swedish,95,elderly,4993
2007,Swedish,96,elderly,3363
2007,Swedish,97,elderly,2338
2007,Swedish,98,elderly,1561
2007,Swedish,99,elderly,1023
2007,Swedish,100+,elderly,1347
2007,foreign,0,young,15529
2007,foreign,1,young,16348
2007,foreign,2,young,16277
2007,foreign,3,young,16633
2007,foreign,4,young,16160
2007,foreign,5,young,16085
2007,foreign,6,young,15894
2007,foreign,7,young,16433
2007,foreign,8,young,16383
2007,foreign,9,young,16972
2007,foreign,10,young,17142
2007,foreign,11,young,17521
2007,foreign,12,young,18496
2007,foreign,13,young,18750
2007,foreign,14,young,18915
2007,foreign,15,young,18943
2007,foreign,16,young,19511
2007,foreign,17,young,20020
2007,foreign,18,young,19624
2007,foreign,19,young,20206
2007,foreign,20,working_age,20443
2007,foreign,21,working_age,21397
2007,foreign,22,working_age,22753
2007,foreign,23,working_age,24021
2007,foreign,24,working_age,25080
2007,foreign,25,working_age,26282
2007,foreign,26,working_age,26733
2007,foreign,27,working_age,27997
2007,foreign,28,working_age,27347
2007,foreign,29,working_age,27142
2007,foreign,30,working_age,26880
2007,foreign,31,working_age,27499
2007,foreign,32,working_age,27562
2007,foreign,33,working_age,27337
2007,foreign,34,working_age,26919
2007,foreign,35,working_age,27738
2007,foreign,36,working_age,27315
2007,foreign,37,working_age,27617
2007,foreign,38,working_age,27322
2007,foreign,39,working_age,27644
2007,foreign,40,working_age,27534
2007,foreign,41,working_age,27268
2007,foreign,42,working_age,27584
2007,foreign,43,working_age,27284
2007,foreign,44,working_age,26753
2007,foreign,45,working_age,26131
2007,foreign,46,working_age,24844
2007,foreign,47,working_age,25416
2007,foreign,48,working_age,23839
2007,foreign,49,working_age,22803
2007,foreign,50,working_age,23159
2007,foreign,51,working_age,22488
2007,foreign,52,working_age,21348
2007,foreign,53,working_age,20921
2007,foreign,54,working_age,19712
2007,foreign,55,working_age,19157
2007,foreign,56,working_age,18242
2007,foreign,57,working_age,18630
2007,foreign,58,working_age,18061
2007,foreign,59,working_age,17824
2007,foreign,60,working_age,17561
2007,foreign,61,working_age,16542
2007,foreign,62,working_age,14505
2007,foreign,63,working_age,13448
2007,foreign,64,working_age,12957
2007,foreign,65,working_age,12253
2007,foreign,66,elderly,12977
2007,foreign,67,elderly,12155
2007,foreign,68,elderly,12094
2007,foreign,69,elderly,11304
2007,foreign,70,elderly,10773
2007,foreign,71,elderly,9996
2007,foreign,72,elderly,9539
2007,foreign,73,elderly,8980
2007,foreign,74,elderly,8045
2007,foreign,75,elderly,7931
2007,foreign,76,elderly,7472
2007,foreign,77,elderly,7751
2007,foreign,78,elderly,6737
2007,foreign,79,elderly,6313
2007,foreign,80,elderly,5666
2007,foreign,81,elderly,5273
2007,foreign,82,elderly,4815
2007,foreign,83,elderly,4224
2007,foreign,84,elderly,3841
2007,foreign,85,elderly,3199
2007,foreign,86,elderly,2703
2007,foreign,87,elderly,2259
2007,foreign,88,elderly,1626
2007,foreign,89,elderly,1291
2007,foreign,90,elderly,1007
2007,foreign,91,elderly,741
2007,foreign,92,elderly,608
2007,foreign,93,elderly,584
2007,foreign,94,elderly,401
2007,foreign,95,elderly,313
2007,foreign,96,elderly,201
2007,foreign,97,elderly,151
2007,foreign,98,elderly,94
2007,foreign,99,elderly,67
2007,foreign,100+,elderly,111
2008,Swedish,0,young,93338
2008,Swedish,1,young,91459
2008,Swedish,2,young,90848
2008,Swedish,3,young,87315
2008,Swedish,4,young,87133
2008,Swedish,5,young,85999
2008,Swedish,6,young,83226
2008,Swedish,7,young,79288
2008,Swedish,8,young,78422
2008,Swedish,9,young,76315
2008,Swedish,10,young,76855
2008,Swedish,11,young,77827
2008,Swedish,12,young,82128
2008,Swedish,13,young,89121
2008,Swedish,14,young,97612
2008,Swedish,15,young,102578
2008,Swedish,16,young,108570
2008,Swedish,17,young,110882
2008,Swedish,18,young,111984
2008,Swedish,19,young,105130
2008,Swedish,20,working_age,101524
2008,Swedish,21,working_age,94551
2008,Swedish,22,working_age,92080
2008,Swedish,23,working_age,88706
2008,Swedish,24,working_age,84386
2008,Swedish,25,working_age,82347
2008,Swedish,26,working_age,82765
2008,Swedish,27,working_age,83148
2008,Swedish,28,working_age,85384
2008,Swedish,29,working_age,84348
2008,Swedish,30,working_age,81657
2008,Swedish,31,working_age,84383
2008,Swedish,32,working_age,86329
2008,Swedish,33,working_age,91367
2008,Swedish,34,working_age,97427
2008,Swedish,35,working_age,96759
2008,Swedish,36,working_age,98409
2008,Swedish,37,working_age,99368
2008,Swedish,38,working_age,95733
2008,Swedish,39,working_age,94613
2008,Swedish,40,working_age,99997
2008,Swedish,41,working_age,107184
2008,Swedish,42,working_age,108905
2008,Swedish,43,working_age,108972
2008,Swedish,44,working_age,109021
2008,Swedish,45,working_age,100360
2008,Swedish,46,working_age,95107
2008,Swedish,47,working_age,92641
2008,Swedish,48,working_age,90534
2008,Swedish,49,working_age,92904
2008,Swedish,50,working_age,93421
2008,Swedish,51,working_age,94447
2008,Swedish,52,working_age,95441
2008,Swedish,53,working_age,94698
2008,Swedish,54,working_age,92606
2008,Swedish,55,working_age,96433
2008,Swedish,56,working_age,95990
2008,Swedish,57,working_age,95553
2008,Swedish,58,working_age,99751
2008,Swedish,59,working_age,104281
2008,Swedish,60,working_age,108255
2008,Swedish,61,working_age,109259
2008,Swedish,62,working_age,111402
2008,Swedish,63,working_age,111527
2008,Swedish,64,working_age,109682
2008,Swedish,65,working_age,101525
2008,Swedish,66,elderly,91925
2008,Swedish,67,elderly,78382
2008,Swedish,68,elderly,74303
2008,Swedish,69,elderly,73909
2008,Swedish,70,elderly,70252
2008,Swedish,71,elderly,65856
2008,Swedish,72,elderly,63392
2008,Swedish,73,elderly,59322
2008,Swedish,74,elderly,56671
2008,Swedish,75,elderly,55034
2008,Swedish,76,elderly,55909
2008,Swedish,77,elderly,54219
2008,Swedish,78,elderly,53096
2008,Swedish,79,elderly,50097
2008,Swedish,80,elderly,49907
2008,Swedish,81,elderly,46209
2008,Swedish,82,elderly,44749
2008,Swedish,83,elderly,42915
2008,Swedish,84,elderly,40158
2008,Swedish,85,elderly,37568
2008,Swedish,86,elderly,33464
2008,Swedish,87,elderly,32528
2008,Swedish,88,elderly,29682
2008,Swedish,89,elderly,21073
2008,Swedish,90,elderly,17168
2008,Swedish,91,elderly,14451
2008,Swedish,92,elderly,11430
2008,Swedish,93,elderly,8682
2008,Swedish,94,elderly,6718
2008,Swedish,95,elderly,5041
2008,Swedish,96,elderly,3586
2008,Swedish,97,elderly,2395
2008,Swedish,98,elderly,1596
2008,Swedish,99,elderly,1029
2008,Swedish,100+,elderly,1418
2008,foreign,0,young,16326
2008,foreign,1,young,17704
2008,foreign,2,young,17764
2008,foreign,3,young,17441
2008,foreign,4,young,17654
2008,foreign,5,young,17127
2008,foreign,6,young,16975
2008,foreign,7,young,16779
2008,foreign,8,young,17297
2008,foreign,9,young,17307
2008,foreign,10,young,17805
2008,foreign,11,young,18000
2008,foreign,12,young,18360
2008,foreign,13,young,19330
2008,foreign,14,young,19647
2008,foreign,15,young,19801
2008,foreign,16,young,19927
2008,foreign,17,young,20679
2008,foreign,18,young,21064
2008,foreign,19,young,20793
2008,foreign,20,working_age,21512
2008,foreign,21,working_age,21867
2008,foreign,22,working_age,23585
2008,foreign,23,working_age,25338
2008,foreign,24,working_age,26786
2008,foreign,25,working_age,27723
2008,foreign,26,working_age,28740
2008,foreign,27,working_age,28992
2008,foreign,28,working_age,30169
2008,foreign,29,working_age,29273
2008,foreign,30,working_age,28967
2008,foreign,31,working_age,28613
2008,foreign,32,working_age,28989
2008,foreign,33,working_age,28901
2008,foreign,34,working_age,28604
2008,foreign,35,working_age,28054
2008,foreign,36,working_age,28860
2008,foreign,37,working_age,28188
2008,foreign,38,working_age,28557
2008,foreign,39,working_age,28170
2008,foreign,40,working_age,28315
2008,foreign,41,working_age,28165
2008,foreign,42,working_age,27834
2008,foreign,43,working_age,28101
2008,foreign,44,working_age,27756
2008,foreign,45,working_age,27174
2008,foreign,46,working_age,26511
2008,foreign,47,working_age,25176
2008,foreign,48,working_age,25748
2008,foreign,49,working_age,24044
2008,foreign,50,working_age,23026
2008,foreign,51,working_age,23335
2008,foreign,52,working_age,22657
2008,foreign,53,working_age,21446
2008,foreign,54,working_age,20993
2008,foreign,55,working_age,19779
2008,foreign,56,working_age,19154
2008,foreign,57,working_age,18275
2008,foreign,58,working_age,18668
2008,foreign,59,working_age,18022
2008,foreign,60,working_age,17804
2008,foreign,61,working_age,17544
2008,foreign,62,working_age,16489
2008,foreign,63,working_age,14485
2008,foreign,64,working_age,13412
2008,foreign,65,working_age,12864
2008,foreign,66,elderly,12147
2008,foreign,67,elderly,12835
2008,foreign,68,elderly,12029
2008,foreign,69,elderly,11902
2008,foreign,70,elderly,11133
2008,foreign,71,elderly,10592
2008,foreign,72,elderly,9801
2008,foreign,73,elderly,9345
2008,foreign,74,elderly,8748
2008,foreign,75,elderly,7854
2008,foreign,76,elderly,7700
2008,foreign,77,elderly,7232
2008,foreign,78,elderly,7442
2008,foreign,79,elderly,6452
2008,foreign,80,elderly,6000
2008,foreign,81,elderly,5319
2008,foreign,82,elderly,4980
2008,foreign,83,elderly,4472
2008,foreign,84,elderly,3895
2008,foreign,85,elderly,3517
2008,foreign,86,elderly,2889
2008,foreign,87,elderly,2414
2008,foreign,88,elderly,1984
2008,foreign,89,elderly,1418
2008,foreign,90,elderly,1098
2008,foreign,91,elderly,834
2008,foreign,92,elderly,618
2008,foreign,93,elderly,476
2008,foreign,94,elderly,467
2008,foreign,95,elderly,309
2008,foreign,96,elderly,230
2008,foreign,97,elderly,140
2008,foreign,98,elderly,96
2008,foreign,99,elderly,63
2008,foreign,100+,elderly,127
2009,Swedish,0,young,94834
2009,Swedish,1,young,92545
2009,Swedish,2,young,91181
2009,Swedish,3,young,90719
2009,Swedish,4,young,87224
2009,Swedish,5,young,87064
2009,Swedish,6,young,85988
2009,Swedish,7,young,83194
2009,Swedish,8,young,79282
2009,Swedish,9,young,78421
2009,Swedish,10,young,76333
2009,Swedish,11,young,76888
2009,Swedish,12,young,77856
2009,Swedish,13,young,82160
2009,Swedish,14,young,89133
2009,Swedish,15,young,97642
2009,Swedish,16,young,102642
2009,Swedish,17,young,108603
2009,Swedish,18,young,110901
2009,Swedish,19,young,111728
2009,Swedish,20,working_age,104872
2009,Swedish,21,working_age,101184
2009,Swedish,22,working_age,94310
2009,Swedish,23,working_age,91857
2009,Swedish,24,working_age,88481
2009,Swedish,25,working_age,84069
2009,Swedish,26,working_age,82040
2009,Swedish,27,working_age,82539
2009,Swedish,28,working_age,82907
2009,Swedish,29,working_age,85174
2009,Swedish,30,working_age,84197
2009,Swedish,31,working_age,81505
2009,Swedish,32,working_age,84289
2009,Swedish,33,working_age,86257
2009,Swedish,34,working_age,91318
2009,Swedish,35,working_age,97362
2009,Swedish,36,working_age,96637
2009,Swedish,37,working_age,98348
2009,Swedish,38,working_age,99296
2009,Swedish,39,working_age,95669
2009,Swedish,40,working_age,94536
2009,Swedish,41,working_age,99915
2009,Swedish,42,working_age,107110
2009,Swedish,43,working_age,108831
2009,Swedish,44,working_age,108878
2009,Swedish,45,working_age,108898
2009,Swedish,46,working_age,100222
2009,Swedish,47,working_age,94948
2009,Swedish,48,working_age,92495
2009,Swedish,49,working_age,90390
2009,Swedish,50,working_age,92733
2009,Swedish,51,working_age,93196
2009,Swedish,52,working_age,94215
2009,Swedish,53,working_age,95159
2009,Swedish,54,working_age,94364
2009,Swedish,55,working_age,92269
2009,Swedish,56,working_age,96077
2009,Swedish,57,working_age,95580
2009,Swedish,58,working_age,95118
2009,Swedish,59,working_age,99198
2009,Swedish,60,working_age,103755
2009,Swedish,61,working_age,107661
2009,Swedish,62,working_age,108526
2009,Swedish,63,working_age,110605
2009,Swedish,64,working_age,110648
2009,Swedish,65,working_age,108639
2009,Swedish,66,elderly,100532
2009,Swedish,67,elderly,90960
2009,Swedish,68,elderly,77460
2009,Swedish,69,elderly,73385
2009,Swedish,70,elderly,72836
2009,Swedish,71,elderly,69160
2009,Swedish,72,elderly,64711
2009,Swedish,73,elderly,62122
2009,Swedish,74,elderly,57985
2009,Swedish,75,elderly,55235
2009,Swedish,76,elderly,53534
2009,Swedish,77,elderly,54196
2009,Swedish,78,elderly,52312
2009,Swedish,79,elderly,51038
2009,Swedish,80,elderly,47851
2009,Swedish,81,elderly,47421
2009,Swedish,82,elderly,43603
2009,Swedish,83,elderly,41944
2009,Swedish,84,elderly,39762
2009,Swedish,85,elderly,36798
2009,Swedish,86,elderly,33995
2009,Swedish,87,elderly,29880
2009,Swedish,88,elderly,28614
2009,Swedish,89,elderly,25623
2009,Swedish,90,elderly,17892
2009,Swedish,91,elderly,14382
2009,Swedish,92,elderly,11809
2009,Swedish,93,elderly,9048
2009,Swedish,94,elderly,6614
2009,Swedish,95,elderly,5054
2009,Swedish,96,elderly,3704
2009,Swedish,97,elderly,2544
2009,Swedish,98,elderly,1627
2009,Swedish,99,elderly,1020
2009,Swedish,100+,elderly,1503
2009,foreign,0,young,17286
2009,foreign,1,young,18357
2009,foreign,2,young,18949
2009,foreign,3,young,18754
2009,foreign,4,young,18373
2009,foreign,5,young,18518
2009,foreign,6,young,17924
2009,foreign,7,young,17819
2009,foreign,8,young,17568
2009,foreign,9,young,18156
2009,foreign,10,young,18041
2009,foreign,11,young,18587
2009,foreign,12,young,18825
2009,foreign,13,young,19267
2009,foreign,14,young,20196
2009,foreign,15,young,20584
2009,foreign,16,young,21046
2009,foreign,17,young,21134
2009,foreign,18,young,21866
2009,foreign,19,young,22387
2009,foreign,20,working_age,22206
2009,foreign,21,working_age,23244
2009,foreign,22,working_age,24282
2009,foreign,23,working_age,26554
2009,foreign,24,working_age,28463
2009,foreign,25,working_age,29784
2009,foreign,26,working_age,30558
2009,foreign,27,working_age,31268
2009,foreign,28,working_age,30989
2009,foreign,29,working_age,32431
2009,foreign,30,working_age,31125
2009,foreign,31,working_age,30717
2009,foreign,32,working_age,30177
2009,foreign,33,working_age,30321
2009,foreign,34,working_age,30163
2009,foreign,35,working_age,29806
2009,foreign,36,working_age,29129
2009,foreign,37,working_age,29794
2009,foreign,38,working_age,29020
2009,foreign,39,working_age,29437
2009,foreign,40,working_age,28966
2009,foreign,41,working_age,29076
2009,foreign,42,working_age,28756
2009,foreign,43,working_age,28364
2009,foreign,44,working_age,28628
2009,foreign,45,working_age,28157
2009,foreign,46,working_age,27615
2009,foreign,47,working_age,26891
2009,foreign,48,working_age,25486
2009,foreign,49,working_age,26044
2009,foreign,50,working_age,24292
2009,foreign,51,working_age,23266
2009,foreign,52,working_age,23527
2009,foreign,53,working_age,22778
2009,foreign,54,working_age,21606
2009,foreign,55,working_age,21129
2009,foreign,56,working_age,19861
2009,foreign,57,working_age,19206
2009,foreign,58,working_age,18251
2009,foreign,59,working_age,18665
2009,foreign,60,working_age,18025
2009,foreign,61,working_age,17826
2009,foreign,62,working_age,17517
2009,foreign,63,working_age,16433
2009,foreign,64,working_age,14459
2009,foreign,65,working_age,13357
2009,foreign,66,elderly,12762
2009,foreign,67,elderly,12051
2009,foreign,68,elderly,12733
2009,foreign,69,elderly,11878
2009,foreign,70,elderly,11721
2009,foreign,71,elderly,10973
2009,foreign,72,elderly,10385
2009,foreign,73,elderly,9558
2009,foreign,74,elderly,9123
2009,foreign,75,elderly,8515
2009,foreign,76,elderly,7635
2009,foreign,77,elderly,7456
2009,foreign,78,elderly,6994
2009,foreign,79,elderly,7146
2009,foreign,80,elderly,6130
2009,foreign,81,elderly,5684
2009,foreign,82,elderly,5014
2009,foreign,83,elderly,4659
2009,foreign,84,elderly,4141
2009,foreign,85,elderly,3567
2009,foreign,86,elderly,3208
2009,foreign,87,elderly,2622
2009,foreign,88,elderly,2139
2009,foreign,89,elderly,1749
2009,foreign,90,elderly,1228
2009,foreign,91,elderly,910
2009,foreign,92,elderly,690
2009,foreign,93,elderly,499
2009,foreign,94,elderly,379
2009,foreign,95,elderly,363
2009,foreign,96,elderly,232
2009,foreign,97,elderly,178
2009,foreign,98,elderly,105
2009,foreign,99,elderly,67
2009,foreign,100+,elderly,133
2010,Swedish,0,young,97512
2010,Swedish,1,young,94059
2010,Swedish,2,young,92195
2010,Swedish,3,young,90926
2010,Swedish,4,young,90603
2010,Swedish,5,young,87147
2010,Swedish,6,young,86996
2010,Swedish,7,young,85955
2010,Swedish,8,young,83154
2010,Swedish,9,young,79266
2010,Swedish,10,young,78395
2010,Swedish,11,young,76335
2010,Swedish,12,young,76898
2010,Swedish,13,young,77869
2010,Swedish,14,young,82161
2010,Swedish,15,young,89166
2010,Swedish,16,young,97700
2010,Swedish,17,young,102647
2010,Swedish,18,young,108655
2010,Swedish,19,young,110547
2010,Swedish,20,working_age,111293
2010,Swedish,21,working_age,104391
2010,Swedish,22,working_age,100799
2010,Swedish,23,working_age,93946
2010,Swedish,24,working_age,91500
2010,Swedish,25,working_age,88141
2010,Swedish,26,working_age,83738
2010,Swedish,27,working_age,81783
2010,Swedish,28,working_age,82240
2010,Swedish,29,working_age,82654
2010,Swedish,30,working_age,84946
2010,Swedish,31,working_age,84015
2010,Swedish,32,working_age,81309
2010,Swedish,33,working_age,84123
2010,Swedish,34,working_age,86139
2010,Swedish,35,working_age,91242
2010,Swedish,36,working_age,97222
2010,Swedish,37,working_age,96510
2010,Swedish,38,working_age,98232
2010,Swedish,39,working_age,99145
2010,Swedish,40,working_age,95532
2010,Swedish,41,working_age,94385
2010,Swedish,42,working_age,99817
2010,Swedish,43,working_age,106980
2010,Swedish,44,working_age,108684
2010,Swedish,45,working_age,108747
2010,Swedish,46,working_age,108752
2010,Swedish,47,working_age,100019
2010,Swedish,48,working_age,94791
2010,Swedish,49,working_age,92317
2010,Swedish,50,working_age,90145
2010,Swedish,51,working_age,92513
2010,Swedish,52,working_age,92932
2010,Swedish,53,working_age,93920
2010,Swedish,54,working_age,94862
2010,Swedish,55,working_age,94065
2010,Swedish,56,working_age,91867
2010,Swedish,57,working_age,95705
2010,Swedish,58,working_age,95148
2010,Swedish,59,working_age,94609
2010,Swedish,60,working_age,98613
2010,Swedish,61,working_age,103101
2010,Swedish,62,working_age,106978
2010,Swedish,63,working_age,107753
2010,Swedish,64,working_age,109615
2010,Swedish,65,working_age,109604
2010,Swedish,66,elderly,107556
2010,Swedish,67,elderly,99489
2010,Swedish,68,elderly,89890
2010,Swedish,69,elderly,76481
2010,Swedish,70,elderly,72307
2010,Swedish,71,elderly,71691
2010,Swedish,72,elderly,67972
2010,Swedish,73,elderly,63442
2010,Swedish,74,elderly,60746
2010,Swedish,75,elderly,56568
2010,Swedish,76,elderly,53691
2010,Swedish,77,elderly,51882
2010,Swedish,78,elderly,52280
2010,Swedish,79,elderly,50195
2010,Swedish,80,elderly,48816
2010,Swedish,81,elderly,45426
2010,Swedish,82,elderly,44745
2010,Swedish,83,elderly,40780
2010,Swedish,84,elderly,38888
2010,Swedish,85,elderly,36518
2010,Swedish,86,elderly,33385
2010,Swedish,87,elderly,30391
2010,Swedish,88,elderly,26323
2010,Swedish,89,elderly,24798
2010,Swedish,90,elderly,21829
2010,Swedish,91,elderly,14800
2010,Swedish,92,elderly,11718
2010,Swedish,93,elderly,9394
2010,Swedish,94,elderly,6944
2010,Swedish,95,elderly,4983
2010,Swedish,96,elderly,3728
2010,Swedish,97,elderly,2640
2010,Swedish,98,elderly,1775
2010,Swedish,99,elderly,1094
2010,Swedish,100+,elderly,1508
2010,foreign,0,young,18398
2010,foreign,1,young,19364
2010,foreign,2,young,19522
2010,foreign,3,young,19728
2010,foreign,4,young,19481
2010,foreign,5,young,18983
2010,foreign,6,young,19110
2010,foreign,7,young,18537
2010,foreign,8,young,18308
2010,foreign,9,young,18201
2010,foreign,10,young,18722
2010,foreign,11,young,18659
2010,foreign,12,young,19154
2010,foreign,13,young,19395
2010,foreign,14,young,19926
2010,foreign,15,young,20906
2010,foreign,16,young,21536
2010,foreign,17,young,22180
2010,foreign,18,young,22180
2010,foreign,19,young,23088
2010,foreign,20,working_age,23738
2010,foreign,21,working_age,23829
2010,foreign,22,working_age,25610
2010,foreign,23,working_age,27281
2010,foreign,24,working_age,29629
2010,foreign,25,working_age,31433
2010,foreign,26,working_age,32680
2010,foreign,27,working_age,32955
2010,foreign,28,working_age,33561
2010,foreign,29,working_age,32738
2010,foreign,30,working_age,34224
2010,foreign,31,working_age,32560
2010,foreign,32,working_age,32021
2010,foreign,33,working_age,31230
2010,foreign,34,working_age,31302
2010,foreign,35,working_age,31106
2010,foreign,36,working_age,30585
2010,foreign,37,working_age,29808
2010,foreign,38,working_age,30425
2010,foreign,39,working_age,29607
2010,foreign,40,working_age,30085
2010,foreign,41,working_age,29454
2010,foreign,42,working_age,29540
2010,foreign,43,working_age,29128
2010,foreign,44,working_age,28621
2010,foreign,45,working_age,28881
2010,foreign,46,working_age,28434
2010,foreign,47,working_age,27844
2010,foreign,48,working_age,27049
2010,foreign,49,working_age,25693
2010,foreign,50,working_age,26210
2010,foreign,51,working_age,24425
2010,foreign,52,working_age,23323
2010,foreign,53,working_age,23607
2010,foreign,54,working_age,22796
2010,foreign,55,working_age,21670
2010,foreign,56,working_age,21151
2010,foreign,57,working_age,19859
2010,foreign,58,working_age,19155
2010,foreign,59,working_age,18210
2010,foreign,60,working_age,18598
2010,foreign,61,working_age,17985
2010,foreign,62,working_age,17756
2010,foreign,63,working_age,17417
2010,foreign,64,working_age,16329
2010,foreign,65,working_age,14346
2010,foreign,66,elderly,13238
2010,foreign,67,elderly,12596
2010,foreign,68,elderly,11928
2010,foreign,69,elderly,12557
2010,foreign,70,elderly,11664
2010,foreign,71,elderly,11530
2010,foreign,72,elderly,10770
2010,foreign,73,elderly,10168
2010,foreign,74,elderly,9325
2010,foreign,75,elderly,8879
2010,foreign,76,elderly,8291
2010,foreign,77,elderly,7405
2010,foreign,78,elderly,7158
2010,foreign,79,elderly,6693
2010,foreign,80,elderly,6835
2010,foreign,81,elderly,5809
2010,foreign,82,elderly,5343
2010,foreign,83,elderly,4696
2010,foreign,84,elderly,4349
2010,foreign,85,elderly,3833
2010,foreign,86,elderly,3203
2010,foreign,87,elderly,2897
2010,foreign,88,elderly,2275
2010,foreign,89,elderly,1851
2010,foreign,90,elderly,1481
2010,foreign,91,elderly,1048
2010,foreign,92,elderly,729
2010,foreign,93,elderly,571
2010,foreign,94,elderly,398
2010,foreign,95,elderly,293
2010,foreign,96,elderly,272
2010,foreign,97,elderly,176
2010,foreign,98,elderly,130
2010,foreign,99,elderly,81
2010,foreign,100+,elderly,151
2011,Swedish,0,young,93627
2011,Swedish,1,young,96649
2011,Swedish,2,young,93634
2011,Swedish,3,young,91951
2011,Swedish,4,young,90727
2011,Swedish,5,young,90435
2011,Swedish,6,young,87026
2011,Swedish,7,young,86901
2011,Swedish,8,young,85846
2011,Swedish,9,young,83111
2011,Swedish,10,young,79224
2011,Swedish,11,young,78374
2011,Swedish,12,young,76318
2011,Swedish,13,young,76896
2011,Swedish,14,young,77870
2011,Swedish,15,young,82197
2011,Swedish,16,young,89176
2011,Swedish,17,young,97692
2011,Swedish,18,young,102685
2011,Swedish,19,young,108382
2011,Swedish,20,working_age,110210
2011,Swedish,21,working_age,110909
2011,Swedish,22,working_age,104021
2011,Swedish,23,working_age,100361
2011,Swedish,24,working_age,93565
2011,Swedish,25,working_age,91104
2011,Swedish,26,working_age,87866
2011,Swedish,27,working_age,83408
2011,Swedish,28,working_age,81497
2011,Swedish,29,working_age,82013
2011,Swedish,30,working_age,82433
2011,Swedish,31,working_age,84752
2011,Swedish,32,working_age,83850
2011,Swedish,33,working_age,81189
2011,Swedish,34,working_age,83985
2011,Swedish,35,working_age,86038
2011,Swedish,36,working_age,91124
2011,Swedish,37,working_age,97067
2011,Swedish,38,working_age,96377
2011,Swedish,39,working_age,98080
2011,Swedish,40,working_age,99010
2011,Swedish,41,working_age,95429
2011,Swedish,42,working_age,94281
2011,Swedish,43,working_age,99695
2011,Swedish,44,working_age,106881
2011,Swedish,45,working_age,108546
2011,Swedish,46,working_age,108599
2011,Swedish,47,working_age,108562
2011,Swedish,48,working_age,99842
2011,Swedish,49,working_age,94629
2011,Swedish,50,working_age,92087
2011,Swedish,51,working_age,89931
2011,Swedish,52,working_age,92295
2011,Swedish,53,working_age,92693
2011,Swedish,54,working_age,93612
2011,Swedish,55,working_age,94573
2011,Swedish,56,working_age,93684
2011,Swedish,57,working_age,91499
2011,Swedish,58,working_age,95308
2011,Swedish,59,working_age,94694
2011,Swedish,60,working_age,94064
2011,Swedish,61,working_age,98038
2011,Swedish,62,working_age,102471
2011,Swedish,63,working_age,106215
2011,Swedish,64,working_age,106933
2011,Swedish,65,working_age,108668
2011,Swedish,66,elderly,108536
2011,Swedish,67,elderly,106437
2011,Swedish,68,elderly,98396
2011,Swedish,69,elderly,88724
2011,Swedish,70,elderly,75396
2011,Swedish,71,elderly,71146
2011,Swedish,72,elderly,70449
2011,Swedish,73,elderly,66683
2011,Swedish,74,elderly,62086
2011,Swedish,75,elderly,59357
2011,Swedish,76,elderly,55021
2011,Swedish,77,elderly,52060
2011,Swedish,78,elderly,50152
2011,Swedish,79,elderly,50267
2011,Swedish,80,elderly,47996
2011,Swedish,81,elderly,46507
2011,Swedish,82,elderly,42855
2011,Swedish,83,elderly,41926
2011,Swedish,84,elderly,37914
2011,Swedish,85,elderly,35671
2011,Swedish,86,elderly,33203
2011,Swedish,87,elderly,29922
2011,Swedish,88,elderly,26770
2011,Swedish,89,elderly,22857
2011,Swedish,90,elderly,21177
2011,Swedish,91,elderly,18224
2011,Swedish,92,elderly,12058
2011,Swedish,93,elderly,9288
2011,Swedish,94,elderly,7301
2011,Swedish,95,elderly,5212
2011,Swedish,96,elderly,3617
2011,Swedish,97,elderly,2683
2011,Swedish,98,elderly,1816
2011,Swedish,99,elderly,1179
2011,Swedish,100+,elderly,1611
2011,foreign,0,young,18487
2011,foreign,1,young,20593
2011,foreign,2,young,20651
2011,foreign,3,young,20493
2011,foreign,4,young,20557
2011,foreign,5,young,20195
2011,foreign,6,young,19609
2011,foreign,7,young,19746
2011,foreign,8,young,19131
2011,foreign,9,young,18937
2011,foreign,10,young,18791
2011,foreign,11,young,19365
2011,foreign,12,young,19251
2011,foreign,13,young,19818
2011,foreign,14,young,20057
2011,foreign,15,young,20816
2011,foreign,16,young,22199
2011,foreign,17,young,22856
2011,foreign,18,young,23157
2011,foreign,19,young,23216
2011,foreign,20,working_age,24182
2011,foreign,21,working_age,24962
2011,foreign,22,working_age,25486
2011,foreign,23,working_age,27731
2011,foreign,24,working_age,29435
2011,foreign,25,working_age,31653
2011,foreign,26,working_age,33439
2011,foreign,27,working_age,34430
2011,foreign,28,working_age,34622
2011,foreign,29,working_age,35104
2011,foreign,30,working_age,34218
2011,foreign,31,working_age,35536
2011,foreign,32,working_age,33757
2011,foreign,33,working_age,33051
2011,foreign,34,working_age,32340
2011,foreign,35,working_age,32176
2011,foreign,36,working_age,31951
2011,foreign,37,working_age,31470
2011,foreign,38,working_age,30585
2011,foreign,39,working_age,31080
2011,foreign,40,working_age,30243
2011,foreign,41,working_age,30668
2011,foreign,42,working_age,29983
2011,foreign,43,working_age,30020
2011,foreign,44,working_age,29503
2011,foreign,45,working_age,29009
2011,foreign,46,working_age,29156
2011,foreign,47,working_age,28664
2011,foreign,48,working_age,28059
2011,foreign,49,working_age,27345
2011,foreign,50,working_age,25841
2011,foreign,51,working_age,26407
2011,foreign,52,working_age,24511
2011,foreign,53,working_age,23429
2011,foreign,54,working_age,23696
2011,foreign,55,working_age,22843
2011,foreign,56,working_age,21661
2011,foreign,57,working_age,21193
2011,foreign,58,working_age,19849
2011,foreign,59,working_age,19133
2011,foreign,60,working_age,18191
2011,foreign,61,working_age,18597
2011,foreign,62,working_age,17907
2011,foreign,63,working_age,17662
2011,foreign,64,working_age,17343
2011,foreign,65,working_age,16208
2011,foreign,66,elderly,14208
2011,foreign,67,elderly,13078
2011,foreign,68,elderly,12439
2011,foreign,69,elderly,11769
2011,foreign,70,elderly,12375
2011,foreign,71,elderly,11510
2011,foreign,72,elderly,11308
2011,foreign,73,elderly,10541
2011,foreign,74,elderly,9938
2011,foreign,75,elderly,9108
2011,foreign,76,elderly,8614
2011,foreign,77,elderly,7997
2011,foreign,78,elderly,7114
2011,foreign,79,elderly,6865
2011,foreign,80,elderly,6411
2011,foreign,81,elderly,6485
2011,foreign,82,elderly,5463
2011,foreign,83,elderly,5010
2011,foreign,84,elderly,4324
2011,foreign,85,elderly,4002
2011,foreign,86,elderly,3468
2011,foreign,87,elderly,2866
2011,foreign,88,elderly,2566
2011,foreign,89,elderly,1992
2011,foreign,90,elderly,1567
2011,foreign,91,elderly,1240
2011,foreign,92,elderly,858
2011,foreign,93,elderly,592
2011,foreign,94,elderly,453
2011,foreign,95,elderly,314
2011,foreign,96,elderly,228
2011,foreign,97,elderly,209
2011,foreign,98,elderly,123
2011,foreign,99,elderly,101
2011,foreign,100+,elderly,159
2012,Swedish,0,young,94174
2012,Swedish,1,young,92706
2012,Swedish,2,young,96176
2012,Swedish,3,young,93340
2012,Swedish,4,young,91761
2012,Swedish,5,young,90569
2012,Swedish,6,young,90342
2012,Swedish,7,young,86965
2012,Swedish,8,young,86826
2012,Swedish,9,young,85807
2012,Swedish,10,young,83082
2012,Swedish,11,young,79188
2012,Swedish,12,young,78382
2012,Swedish,13,young,76305
2012,Swedish,14,young,76886
2012,Swedish,15,young,77862
2012,Swedish,16,young,82203
2012,Swedish,17,young,89142
2012,Swedish,18,young,97719
2012,Swedish,19,young,102422
2012,Swedish,20,working_age,108112
2012,Swedish,21,working_age,109974
2012,Swedish,22,working_age,110708
2012,Swedish,23,working_age,103859
2012,Swedish,24,working_age,100154
2012,Swedish,25,working_age,93369
2012,Swedish,26,working_age,90863
2012,Swedish,27,working_age,87629
2012,Swedish,28,working_age,83197
2012,Swedish,29,working_age,81336
2012,Swedish,30,working_age,81897
2012,Swedish,31,working_age,82333
2012,Swedish,32,working_age,84665
2012,Swedish,33,working_age,83748
2012,Swedish,34,working_age,81098
2012,Swedish,35,working_age,83848
2012,Swedish,36,working_age,85934
2012,Swedish,37,working_age,91040
2012,Swedish,38,working_age,96981
2012,Swedish,39,working_age,96265
2012,Swedish,40,working_age,97952
2012,Swedish,41,working_age,98962
2012,Swedish,42,working_age,95323
2012,Swedish,43,working_age,94192
2012,Swedish,44,working_age,99577
2012,Swedish,45,working_age,106740
2012,Swedish,46,working_age,108395
2012,Swedish,47,working_age,108417
2012,Swedish,48,working_age,108408
2012,Swedish,49,working_age,99656
2012,Swedish,50,working_age,94431
2012,Swedish,51,working_age,91908
2012,Swedish,52,working_age,89711
2012,Swedish,53,working_age,92038
2012,Swedish,54,working_age,92434
2012,Swedish,55,working_age,93284
2012,Swedish,56,working_age,94223
2012,Swedish,57,working_age,93311
2012,Swedish,58,working_age,91127
2012,Swedish,59,working_age,94906
2012,Swedish,60,working_age,94243
2012,Swedish,61,working_age,93479
2012,Swedish,62,working_age,97425
2012,Swedish,63,working_age,101777
2012,Swedish,64,working_age,105455
2012,Swedish,65,working_age,106013
2012,Swedish,66,elderly,107637
2012,Swedish,67,elderly,107427
2012,Swedish,68,elderly,105223
2012,Swedish,69,elderly,97124
2012,Swedish,70,elderly,87568
2012,Swedish,71,elderly,74278
2012,Swedish,72,elderly,69987
2012,Swedish,73,elderly,69088
2012,Swedish,74,elderly,65262
2012,Swedish,75,elderly,60577
2012,Swedish,76,elderly,57747
2012,Swedish,77,elderly,53395
2012,Swedish,78,elderly,50203
2012,Swedish,79,elderly,48268
2012,Swedish,80,elderly,48085
2012,Swedish,81,elderly,45656
2012,Swedish,82,elderly,43978
2012,Swedish,83,elderly,40084
2012,Swedish,84,elderly,38979
2012,Swedish,85,elderly,34764
2012,Swedish,86,elderly,32338
2012,Swedish,87,elderly,29677
2012,Swedish,88,elderly,26347
2012,Swedish,89,elderly,23064
2012,Swedish,90,elderly,19342
2012,Swedish,91,elderly,17652
2012,Swedish,92,elderly,14869
2012,Swedish,93,elderly,9540
2012,Swedish,94,elderly,7080
2012,Swedish,95,elderly,5446
2012,Swedish,96,elderly,3754
2012,Swedish,97,elderly,2528
2012,Swedish,98,elderly,1821
2012,Swedish,99,elderly,1198
2012,Swedish,100+,elderly,1661
2012,foreign,0,young,19313
2012,foreign,1,young,20746
2012,foreign,2,young,22048
2012,foreign,3,young,21835
2012,foreign,4,young,21484
2012,foreign,5,young,21502
2012,foreign,6,young,21050
2012,foreign,7,young,20457
2012,foreign,8,young,20518
2012,foreign,9,young,19957
2012,foreign,10,young,19726
2012,foreign,11,young,19668
2012,foreign,12,young,20247
2012,foreign,13,young,20076
2012,foreign,14,young,20723
2012,foreign,15,young,21123
2012,foreign,16,young,22278
2012,foreign,17,young,23654
2012,foreign,18,young,23970
2012,foreign,19,young,24254
2012,foreign,20,working_age,24455
2012,foreign,21,working_age,25476
2012,foreign,22,working_age,26789
2012,foreign,23,working_age,27662
2012,foreign,24,working_age,29964
2012,foreign,25,working_age,31668
2012,foreign,26,working_age,33627
2012,foreign,27,working_age,35199
2012,foreign,28,working_age,36030
2012,foreign,29,working_age,36142
2012,foreign,30,working_age,36547
2012,foreign,31,working_age,35435
2012,foreign,32,working_age,36771
2012,foreign,33,working_age,34884
2012,foreign,34,working_age,34109
2012,foreign,35,working_age,33282
2012,foreign,36,working_age,33046
2012,foreign,37,working_age,32769
2012,foreign,38,working_age,32289
2012,foreign,39,working_age,31323
2012,foreign,40,working_age,31727
2012,foreign,41,working_age,30802
2012,foreign,42,working_age,31215
2012,foreign,43,working_age,30425
2012,foreign,44,working_age,30521
2012,foreign,45,working_age,29896
2012,foreign,46,working_age,29353
2012,foreign,47,working_age,29481
2012,foreign,48,working_age,28870
2012,foreign,49,working_age,28274
2012,foreign,50,working_age,27483
2012,foreign,51,working_age,25994
2012,foreign,52,working_age,26601
2012,foreign,53,working_age,24573
2012,foreign,54,working_age,23535
2012,foreign,55,working_age,23754
2012,foreign,56,working_age,22872
2012,foreign,57,working_age,21670
2012,foreign,58,working_age,21218
2012,foreign,59,working_age,19821
2012,foreign,60,working_age,19109
2012,foreign,61,working_age,18159
2012,foreign,62,working_age,18608
2012,foreign,63,working_age,17781
2012,foreign,64,working_age,17531
2012,foreign,65,working_age,17213
2012,foreign,66,elderly,16031
2012,foreign,67,elderly,14085
2012,foreign,68,elderly,12948
2012,foreign,69,elderly,12230
2012,foreign,70,elderly,11601
2012,foreign,71,elderly,12160
2012,foreign,72,elderly,11298
2012,foreign,73,elderly,11057
2012,foreign,74,elderly,10294
2012,foreign,75,elderly,9690
2012,foreign,76,elderly,8859
2012,foreign,77,elderly,8330
2012,foreign,78,elderly,7708
2012,foreign,79,elderly,6834
2012,foreign,80,elderly,6524
2012,foreign,81,elderly,6047
2012,foreign,82,elderly,6095
2012,foreign,83,elderly,5126
2012,foreign,84,elderly,4606
2012,foreign,85,elderly,3999
2012,foreign,86,elderly,3631
2012,foreign,87,elderly,3122
2012,foreign,88,elderly,2543
2012,foreign,89,elderly,2251
2012,foreign,90,elderly,1682
2012,foreign,91,elderly,1321
2012,foreign,92,elderly,1009
2012,foreign,93,elderly,716
2012,foreign,94,elderly,464
2012,foreign,95,elderly,333
2012,foreign,96,elderly,254
2012,foreign,97,elderly,157
2012,foreign,98,elderly,147
2012,foreign,99,elderly,83
2012,foreign,100+,elderly,175
2013,Swedish,0,young,93875
2013,Swedish,1,young,93143
2013,Swedish,2,young,92224
2013,Swedish,3,young,95877
2013,Swedish,4,young,93134
2013,Swedish,5,young,91579
2013,Swedish,6,young,90452
2013,Swedish,7,young,90219
2013,Swedish,8,young,86938
2013,Swedish,9,young,86797
2013,Swedish,10,young,85815
2013,Swedish,11,young,83088
2013,Swedish,12,young,79184
2013,Swedish,13,young,78379
2013,Swedish,14,young,76322
2013,Swedish,15,young,76891
2013,Swedish,16,young,77900
2013,Swedish,17,young,82227
2013,Swedish,18,young,89191
2013,Swedish,19,young,97536
2013,Swedish,20,working_age,102266
2013,Swedish,21,working_age,107905
2013,Swedish,22,working_age,109779
2013,Swedish,23,working_age,110479
2013,Swedish,24,working_age,103644
2013,Swedish,25,working_age,99925
2013,Swedish,26,working_age,93120
2013,Swedish,27,working_age,90619
2013,Swedish,28,working_age,87371
2013,Swedish,29,working_age,83047
2013,Swedish,30,working_age,81113
2013,Swedish,31,working_age,81668
2013,Swedish,32,working_age,82143
2013,Swedish,33,working_age,84519
2013,Swedish,34,working_age,83605
2013,Swedish,35,working_age,80999
2013,Swedish,36,working_age,83717
2013,Swedish,37,working_age,85834
2013,Swedish,38,working_age,90928
2013,Swedish,39,working_age,96895
2013,Swedish,40,working_age,96158
2013,Swedish,41,working_age,97868
2013,Swedish,42,working_age,98846
2013,Swedish,43,working_age,95274
2013,Swedish,44,working_age,94084
2013,Swedish,45,working_age,99493
2013,Swedish,46,working_age,106581
2013,Swedish,47,working_age,108281
2013,Swedish,48,working_age,108262
2013,Swedish,49,working_age,108221
2013,Swedish,50,working_age,99501
2013,Swedish,51,working_age,94225
2013,Swedish,52,working_age,91705
2013,Swedish,53,working_age,89457
2013,Swedish,54,working_age,91750
2013,Swedish,55,working_age,92131
2013,Swedish,56,working_age,93001
2013,Swedish,57,working_age,93881
2013,Swedish,58,working_age,92937
2013,Swedish,59,working_age,90670
2013,Swedish,60,working_age,94406
2013,Swedish,61,working_age,93707
2013,Swedish,62,working_age,92870
2013,Swedish,63,working_age,96767
2013,Swedish,64,working_age,100959
2013,Swedish,65,working_age,104564
2013,Swedish,66,elderly,105020
2013,Swedish,67,elderly,106552
2013,Swedish,68,elderly,106201
2013,Swedish,69,elderly,103940
2013,Swedish,70,elderly,95775
2013,Swedish,71,elderly,86274
2013,Swedish,72,elderly,73092
2013,Swedish,73,elderly,68740
2013,Swedish,74,elderly,67664
2013,Swedish,75,elderly,63665
2013,Swedish,76,elderly,58992
2013,Swedish,77,elderly,56068
2013,Swedish,78,elderly,51702
2013,Swedish,79,elderly,48377
2013,Swedish,80,elderly,46200
2013,Swedish,81,elderly,45774
2013,Swedish,82,elderly,43219
2013,Swedish,83,elderly,41318
2013,Swedish,84,elderly,37318
2013,Swedish,85,elderly,35883
2013,Swedish,86,elderly,31662
2013,Swedish,87,elderly,29084
2013,Swedish,88,elderly,26314
2013,Swedish,89,elderly,22847
2013,Swedish,90,elderly,19677
2013,Swedish,91,elderly,16141
2013,Swedish,92,elderly,14276
2013,Swedish,93,elderly,11914
2013,Swedish,94,elderly,7413
2013,Swedish,95,elderly,5361
2013,Swedish,96,elderly,3982
2013,Swedish,97,elderly,2652
2013,Swedish,98,elderly,1700
2013,Swedish,99,elderly,1207
2013,Swedish,100+,elderly,1724
2013,foreign,0,young,20133
2013,foreign,1,young,21780
2013,foreign,2,young,22336
2013,foreign,3,young,23407
2013,foreign,4,young,23110
2013,foreign,5,young,22924
2013,foreign,6,young,22844
2013,foreign,7,young,22439
2013,foreign,8,young,21856
2013,foreign,9,young,21902
2013,foreign,10,young,21266
2013,foreign,11,young,21121
2013,foreign,12,young,20877
2013,foreign,13,young,21653
2013,foreign,14,young,21427
2013,foreign,15,young,22295
2013,foreign,16,young,22928
2013,foreign,17,young,24136
2013,foreign,18,young,25155
2013,foreign,19,young,25368
2013,foreign,20,working_age,25638
2013,foreign,21,working_age,25855
2013,foreign,22,working_age,27278
2013,foreign,23,working_age,29045
2013,foreign,24,working_age,30051
2013,foreign,25,working_age,32427
2013,foreign,26,working_age,33945
2013,foreign,27,working_age,35829
2013,foreign,28,working_age,37041
2013,foreign,29,working_age,37931
2013,foreign,30,working_age,37773
2013,foreign,31,working_age,38061
2013,foreign,32,working_age,36784
2013,foreign,33,working_age,38191
2013,foreign,34,working_age,36132
2013,foreign,35,working_age,35275
2013,foreign,36,working_age,34390
2013,foreign,37,working_age,34030
2013,foreign,38,working_age,33670
2013,foreign,39,working_age,33174
2013,foreign,40,working_age,32061
2013,foreign,41,working_age,32497
2013,foreign,42,working_age,31490
2013,foreign,43,working_age,31919
2013,foreign,44,working_age,31002
2013,foreign,45,working_age,31070
2013,foreign,46,working_age,30365
2013,foreign,47,working_age,29762
2013,foreign,48,working_age,29873
2013,foreign,49,working_age,29221
2013,foreign,50,working_age,28522
2013,foreign,51,working_age,27735
2013,foreign,52,working_age,26161
2013,foreign,53,working_age,26822
2013,foreign,54,working_age,24697
2013,foreign,55,working_age,23665
2013,foreign,56,working_age,23869
2013,foreign,57,working_age,22901
2013,foreign,58,working_age,21740
2013,foreign,59,working_age,21240
2013,foreign,60,working_age,19807
2013,foreign,61,working_age,19048
2013,foreign,62,working_age,18109
2013,foreign,63,working_age,18501
2013,foreign,64,working_age,17721
2013,foreign,65,working_age,17381
2013,foreign,66,elderly,17044
2013,foreign,67,elderly,15897
2013,foreign,68,elderly,13930
2013,foreign,69,elderly,12827
2013,foreign,70,elderly,12083
2013,foreign,71,elderly,11375
2013,foreign,72,elderly,11937
2013,foreign,73,elderly,11057
2013,foreign,74,elderly,10833
2013,foreign,75,elderly,10071
2013,foreign,76,elderly,9413
2013,foreign,77,elderly,8566
2013,foreign,78,elderly,8017
2013,foreign,79,elderly,7433
2013,foreign,80,elderly,6521
2013,foreign,81,elderly,6180
2013,foreign,82,elderly,5724
2013,foreign,83,elderly,5709
2013,foreign,84,elderly,4725
2013,foreign,85,elderly,4242
2013,foreign,86,elderly,3657
2013,foreign,87,elderly,3310
2013,foreign,88,elderly,2783
2013,foreign,89,elderly,2232
2013,foreign,90,elderly,1927
2013,foreign,91,elderly,1430
2013,foreign,92,elderly,1095
2013,foreign,93,elderly,811
2013,foreign,94,elderly,572
2013,foreign,95,elderly,355
2013,foreign,96,elderly,240
2013,foreign,97,elderly,191
2013,foreign,98,elderly,98
2013,foreign,99,elderly,94
2013,foreign,100+,elderly,155
2014,Swedish,0,young,93853
2014,Swedish,1,young,92740
2014,Swedish,2,young,92661
2014,Swedish,3,young,91917
2014,Swedish,4,young,95644
2014,Swedish,5,young,92955
2014,Swedish,6,young,91454
2014,Swedish,7,young,90388
2014,Swedish,8,young,90170
2014,Swedish,9,young,86908
2014,Swedish,10,young,86793
2014,Swedish,11,young,85801
2014,Swedish,12,young,83106
2014,Swedish,13,young,79190
2014,Swedish,14,young,78388
2014,Swedish,15,young,76324
2014,Swedish,16,young,76914
2014,Swedish,17,young,77911
2014,Swedish,18,young,82285
2014,Swedish,19,young,89087
2014,Swedish,20,working_age,97394
2014,Swedish,21,working_age,102085
2014,Swedish,22,working_age,107716
2014,Swedish,23,working_age,109540
2014,Swedish,24,working_age,110219
2014,Swedish,25,working_age,103418
2014,Swedish,26,working_age,99742
2014,Swedish,27,working_age,92860
2014,Swedish,28,working_age,90458
2014,Swedish,29,working_age,87188
2014,Swedish,30,working_age,82883
2014,Swedish,31,working_age,80946
2014,Swedish,32,working_age,81507
2014,Swedish,33,working_age,82044
2014,Swedish,34,working_age,84447
2014,Swedish,35,working_age,83535
2014,Swedish,36,working_age,80914
2014,Swedish,37,working_age,83627
2014,Swedish,38,working_age,85743
2014,Swedish,39,working_age,90893
2014,Swedish,40,working_age,96779
2014,Swedish,41,working_age,96122
2014,Swedish,42,working_age,97784
2014,Swedish,43,working_age,98782
2014,Swedish,44,working_age,95192
2014,Swedish,45,working_age,93989
2014,Swedish,46,working_age,99381
2014,Swedish,47,working_age,106410
2014,Swedish,48,working_age,108080
2014,Swedish,49,working_age,108050
2014,Swedish,50,working_age,108032
2014,Swedish,51,working_age,99279
2014,Swedish,52,working_age,93978
2014,Swedish,53,working_age,91484
2014,Swedish,54,working_age,89200
2014,Swedish,55,working_age,91497
2014,Swedish,56,working_age,91857
2014,Swedish,57,working_age,92624
2014,Swedish,58,working_age,93491
2014,Swedish,59,working_age,92453
2014,Swedish,60,working_age,90224
2014,Swedish,61,working_age,93863
2014,Swedish,62,working_age,93120
2014,Swedish,63,working_age,92183
2014,Swedish,64,working_age,96025
2014,Swedish,65,working_age,100163
2014,Swedish,66,elderly,103605
2014,Swedish,67,elderly,103947
2014,Swedish,68,elderly,105367
2014,Swedish,69,elderly,104908
2014,Swedish,70,elderly,102539
2014,Swedish,71,elderly,94356
2014,Swedish,72,elderly,84882
2014,Swedish,73,elderly,71853
2014,Swedish,74,elderly,67344
2014,Swedish,75,elderly,66138
2014,Swedish,76,elderly,62064
2014,Swedish,77,elderly,57257
2014,Swedish,78,elderly,54270
2014,Swedish,79,elderly,49909
2014,Swedish,80,elderly,46478
2014,Swedish,81,elderly,44086
2014,Swedish,82,elderly,43356
2014,Swedish,83,elderly,40661
2014,Swedish,84,elderly,38439
2014,Swedish,85,elderly,34473
2014,Swedish,86,elderly,32647
2014,Swedish,87,elderly,28610
2014,Swedish,88,elderly,25818
2014,Swedish,89,elderly,23027
2014,Swedish,90,elderly,19609
2014,Swedish,91,elderly,16528
2014,Swedish,92,elderly,13299
2014,Swedish,93,elderly,11438
2014,Swedish,94,elderly,9326
2014,Swedish,95,elderly,5673
2014,Swedish,96,elderly,3963
2014,Swedish,97,elderly,2851
2014,Swedish,98,elderly,1829
2014,Swedish,99,elderly,1122
2014,Swedish,100+,elderly,1787
2014,foreign,0,young,22027
2014,foreign,1,young,22832
2014,foreign,2,young,23728
2014,foreign,3,young,23907
2014,foreign,4,young,24848
2014,foreign,5,young,24444
2014,foreign,6,young,24361
2014,foreign,7,young,24144
2014,foreign,8,young,23709
2014,foreign,9,young,23081
2014,foreign,10,young,23109
2014,foreign,11,young,22473
2014,foreign,12,young,22302
2014,foreign,13,young,22115
2014,foreign,14,young,22985
2014,foreign,15,young,22902
2014,foreign,16,young,24275
2014,foreign,17,young,24923
2014,foreign,18,young,25853
2014,foreign,19,young,26762
2014,foreign,20,working_age,27126
2014,foreign,21,working_age,27469
2014,foreign,22,working_age,28082
2014,foreign,23,working_age,29881
2014,foreign,24,working_age,32017
2014,foreign,25,working_age,32878
2014,foreign,26,working_age,35205
2014,foreign,27,working_age,36496
2014,foreign,28,working_age,38187
2014,foreign,29,working_age,39323
2014,foreign,30,working_age,39982
2014,foreign,31,working_age,39577
2014,foreign,32,working_age,39824
2014,foreign,33,working_age,38372
2014,foreign,34,working_age,39796
2014,foreign,35,working_age,37552
2014,foreign,36,working_age,36596
2014,foreign,37,working_age,35641
2014,foreign,38,working_age,35113
2014,foreign,39,working_age,34754
2014,foreign,40,working_age,34183
2014,foreign,41,working_age,32979
2014,foreign,42,working_age,33374
2014,foreign,43,working_age,32273
2014,foreign,44,working_age,32646
2014,foreign,45,working_age,31685
2014,foreign,46,working_age,31687
2014,foreign,47,working_age,30875
2014,foreign,48,working_age,30262
2014,foreign,49,working_age,30325
2014,foreign,50,working_age,29682
2014,foreign,51,working_age,28861
2014,foreign,52,working_age,28039
2014,foreign,53,working_age,26440
2014,foreign,54,working_age,27049
2014,foreign,55,working_age,24863
2014,foreign,56,working_age,23816
2014,foreign,57,working_age,23964
2014,foreign,58,working_age,22992
2014,foreign,59,working_age,21751
2014,foreign,60,working_age,21224
2014,foreign,61,working_age,19779
2014,foreign,62,working_age,19013
2014,foreign,63,working_age,18079
2014,foreign,64,working_age,18452
2014,foreign,65,working_age,17599
2014,foreign,66,elderly,17220
2014,foreign,67,elderly,16879
2014,foreign,68,elderly,15674
2014,foreign,69,elderly,13776
2014,foreign,70,elderly,12658
2014,foreign,71,elderly,11875
2014,foreign,72,elderly,11187
2014,foreign,73,elderly,11722
2014,foreign,74,elderly,10841
2014,foreign,75,elderly,10542
2014,foreign,76,elderly,9805
2014,foreign,77,elderly,9129
2014,foreign,78,elderly,8271
2014,foreign,79,elderly,7696
2014,foreign,80,elderly,7128
2014,foreign,81,elderly,6233
2014,foreign,82,elderly,5839
2014,foreign,83,elderly,5386
2014,foreign,84,elderly,5318
2014,foreign,85,elderly,4337
2014,foreign,86,elderly,3911
2014,foreign,87,elderly,3255
2014,foreign,88,elderly,2943
2014,foreign,89,elderly,2467
2014,foreign,90,elderly,1959
2014,foreign,91,elderly,1643
2014,foreign,92,elderly,1194
2014,foreign,93,elderly,884
2014,foreign,94,elderly,637
2014,foreign,95,elderly,435
2014,foreign,96,elderly,275
2014,foreign,97,elderly,176
2014,foreign,98,elderly,136
2014,foreign,99,elderly,66
2014,foreign,100+,elderly,166
2015,Swedish,0,young,92825
2015,Swedish,1,young,92942
2015,Swedish,2,young,92235
2015,Swedish,3,young,92335
2015,Swedish,4,young,91711
2015,Swedish,5,young,95477
2015,Swedish,6,young,92826
2015,Swedish,7,young,91372
2015,Swedish,8,young,90308
2015,Swedish,9,young,90142
2015,Swedish,10,young,86867
2015,Swedish,11,young,86765
2015,Swedish,12,young,85804
2015,Swedish,13,young,83085
2015,Swedish,14,young,79187
2015,Swedish,15,young,78407
2015,Swedish,16,young,76353
2015,Swedish,17,young,76935
2015,Swedish,18,young,77958
2015,Swedish,19,young,82221
2015,Swedish,20,working_age,88993
2015,Swedish,21,working_age,97261
2015,Swedish,22,working_age,101899
2015,Swedish,23,working_age,107560
2015,Swedish,24,working_age,109313
2015,Swedish,25,working_age,109941
2015,Swedish,26,working_age,103110
2015,Swedish,27,working_age,99517
2015,Swedish,28,working_age,92688
2015,Swedish,29,working_age,90236
2015,Swedish,30,working_age,87009
2015,Swedish,31,working_age,82711
2015,Swedish,32,working_age,80818
2015,Swedish,33,working_age,81383
2015,Swedish,34,working_age,81929
2015,Swedish,35,working_age,84367
2015,Swedish,36,working_age,83414
2015,Swedish,37,working_age,80806
2015,Swedish,38,working_age,83547
2015,Swedish,39,working_age,85681
2015,Swedish,40,working_age,90801
2015,Swedish,41,working_age,96652
2015,Swedish,42,working_age,96009
2015,Swedish,43,working_age,97710
2015,Swedish,44,working_age,98710
2015,Swedish,45,working_age,95106
2015,Swedish,46,working_age,93864
2015,Swedish,47,working_age,99225
2015,Swedish,48,working_age,106238
2015,Swedish,49,working_age,107877
2015,Swedish,50,working_age,107858
2015,Swedish,51,working_age,107819
2015,Swedish,52,working_age,99038
2015,Swedish,53,working_age,93746
2015,Swedish,54,working_age,91213
2015,Swedish,55,working_age,88914
2015,Swedish,56,working_age,91159
2015,Swedish,57,working_age,91508
2015,Swedish,58,working_age,92236
2015,Swedish,59,working_age,93058
2015,Swedish,60,working_age,91991
2015,Swedish,61,working_age,89704
2015,Swedish,62,working_age,93247
2015,Swedish,63,working_age,92462
2015,Swedish,64,working_age,91490
2015,Swedish,65,working_age,95223
2015,Swedish,66,elderly,99191
2015,Swedish,67,elderly,102577
2015,Swedish,68,elderly,102747
2015,Swedish,69,elderly,104127
2015,Swedish,70,elderly,103528
2015,Swedish,71,elderly,100986
2015,Swedish,72,elderly,92744
2015,Swedish,73,elderly,83390
2015,Swedish,74,elderly,70381
2015,Swedish,75,elderly,65788
2015,Swedish,76,elderly,64463
2015,Swedish,77,elderly,60346
2015,Swedish,78,elderly,55418
2015,Swedish,79,elderly,52352
2015,Swedish,80,elderly,47862
2015,Swedish,81,elderly,44295
2015,Swedish,82,elderly,41833
2015,Swedish,83,elderly,40702
2015,Swedish,84,elderly,37938
2015,Swedish,85,elderly,35443
2015,Swedish,86,elderly,31478
2015,Swedish,87,elderly,29373
2015,Swedish,88,elderly,25500
2015,Swedish,89,elderly,22542
2015,Swedish,90,elderly,19727
2015,Swedish,91,elderly,16510
2015,Swedish,92,elderly,13454
2015,Swedish,93,elderly,10592
2015,Swedish,94,elderly,8946
2015,Swedish,95,elderly,7085
2015,Swedish,96,elderly,4162
2015,Swedish,97,elderly,2812
2015,Swedish,98,elderly,1955
2015,Swedish,99,elderly,1216
2015,Swedish,100+,elderly,1738
2015,foreign,0,young,23053
2015,foreign,1,young,24990
2015,foreign,2,young,24891
2015,foreign,3,young,25624
2015,foreign,4,young,25612
2015,foreign,5,young,26462
2015,foreign,6,young,25986
2015,foreign,7,young,25924
2015,foreign,8,young,25536
2015,foreign,9,young,25085
2015,foreign,10,young,24611
2015,foreign,11,young,24448
2015,foreign,12,young,23824
2015,foreign,13,young,23690
2015,foreign,14,young,23526
2015,foreign,15,young,24661
2015,foreign,16,young,24980
2015,foreign,17,young,26598
2015,foreign,18,young,26957
2015,foreign,19,young,27402
2015,foreign,20,working_age,28617
2015,foreign,21,working_age,29142
2015,foreign,22,working_age,30032
2015,foreign,23,working_age,30812
2015,foreign,24,working_age,32819
2015,foreign,25,working_age,34816
2015,foreign,26,working_age,35610
2015,foreign,27,working_age,37641
2015,foreign,28,working_age,38638
2015,foreign,29,working_age,40216
2015,foreign,30,working_age,41265
2015,foreign,31,working_age,41699
2015,foreign,32,working_age,41203
2015,foreign,33,working_age,41373
2015,foreign,34,working_age,39681
2015,foreign,35,working_age,41206
2015,foreign,36,working_age,38803
2015,foreign,37,working_age,37794
2015,foreign,38,working_age,36802
2015,foreign,39,working_age,36150
2015,foreign,40,working_age,35661
2015,foreign,41,working_age,35244
2015,foreign,42,working_age,33843
2015,foreign,43,working_age,34268
2015,foreign,44,working_age,33046
2015,foreign,45,working_age,33360
2015,foreign,46,working_age,32355
2015,foreign,47,working_age,32281
2015,foreign,48,working_age,31444
2015,foreign,49,working_age,30673
2015,foreign,50,working_age,30733
2015,foreign,51,working_age,30044
2015,foreign,52,working_age,29136
2015,foreign,53,working_age,28282
2015,foreign,54,working_age,26596
2015,foreign,55,working_age,27230
2015,foreign,56,working_age,25034
2015,foreign,57,working_age,23956
2015,foreign,58,working_age,24033
2015,foreign,59,working_age,23066
2015,foreign,60,working_age,21756
2015,foreign,61,working_age,21221
2015,foreign,62,working_age,19756
2015,foreign,63,working_age,18972
2015,foreign,64,working_age,18048
2015,foreign,65,working_age,18398
2015,foreign,66,elderly,17441
2015,foreign,67,elderly,17044
2015,foreign,68,elderly,16711
2015,foreign,69,elderly,15472
2015,foreign,70,elderly,13585
2015,foreign,71,elderly,12433
2015,foreign,72,elderly,11699
2015,foreign,73,elderly,10967
2015,foreign,74,elderly,11456
2015,foreign,75,elderly,10591
2015,foreign,76,elderly,10245
2015,foreign,77,elderly,9509
2015,foreign,78,elderly,8827
2015,foreign,79,elderly,7938
2015,foreign,80,elderly,7382
2015,foreign,81,elderly,6754
2015,foreign,82,elderly,5895
2015,foreign,83,elderly,5466
2015,foreign,84,elderly,5052
2015,foreign,85,elderly,4873
2015,foreign,86,elderly,3954
2015,foreign,87,elderly,3508
2015,foreign,88,elderly,2870
2015,foreign,89,elderly,2567
2015,foreign,90,elderly,2124
2015,foreign,91,elderly,1660
2015,foreign,92,elderly,1352
2015,foreign,93,elderly,958
2015,foreign,94,elderly,690
2015,foreign,95,elderly,482
2015,foreign,96,elderly,323
2015,foreign,97,elderly,204
2015,foreign,98,elderly,115
2015,foreign,99,elderly,100
2015,foreign,100+,elderly,158
2016,Swedish,0,young,93856
2016,Swedish,1,young,91961
2016,Swedish,2,young,92542
2016,Swedish,3,young,91935
2016,Swedish,4,young,92113
2016,Swedish,5,young,91552
2016,Swedish,6,young,95328
2016,Swedish,7,young,92691
2016,Swedish,8,young,91283
2016,Swedish,9,young,90241
2016,Swedish,10,young,90117
2016,Swedish,11,young,86816
2016,Swedish,12,young,86757
2016,Swedish,13,young,85790
2016,Swedish,14,young,83075
2016,Swedish,15,young,79181
2016,Swedish,16,young,78444
2016,Swedish,17,young,76347
2016,Swedish,18,young,76969
2016,Swedish,19,young,77921
2016,Swedish,20,working_age,82173
2016,Swedish,21,working_age,88870
2016,Swedish,22,working_age,97143
2016,Swedish,23,working_age,101724
2016,Swedish,24,working_age,107396
2016,Swedish,25,working_age,109085
2016,Swedish,26,working_age,109757
2016,Swedish,27,working_age,102950
2016,Swedish,28,working_age,99297
2016,Swedish,29,working_age,92562
2016,Swedish,30,working_age,90164
2016,Swedish,31,working_age,86909
2016,Swedish,32,working_age,82629
2016,Swedish,33,working_age,80705
2016,Swedish,34,working_age,81291
2016,Swedish,35,working_age,81881
2016,Swedish,36,working_age,84280
2016,Swedish,37,working_age,83350
2016,Swedish,38,working_age,80758
2016,Swedish,39,working_age,83459
2016,Swedish,40,working_age,85585
2016,Swedish,41,working_age,90701
2016,Swedish,42,working_age,96586
2016,Swedish,43,working_age,95922
2016,Swedish,44,working_age,97605
2016,Swedish,45,working_age,98620
2016,Swedish,46,working_age,94961
2016,Swedish,47,working_age,93762
2016,Swedish,48,working_age,99090
2016,Swedish,49,working_age,106049
2016,Swedish,50,working_age,107689
2016,Swedish,51,working_age,107673
2016,Swedish,52,working_age,107618
2016,Swedish,53,working_age,98827
2016,Swedish,54,working_age,93521
2016,Swedish,55,working_age,90953
2016,Swedish,56,working_age,88610
2016,Swedish,57,working_age,90822
2016,Swedish,58,working_age,91172
2016,Swedish,59,working_age,91825
2016,Swedish,60,working_age,92592
2016,Swedish,61,working_age,91396
2016,Swedish,62,working_age,89134
2016,Swedish,63,working_age,92551
2016,Swedish,64,working_age,91739
2016,Swedish,65,working_age,90673
2016,Swedish,66,elderly,94312
2016,Swedish,67,elderly,98177
2016,Swedish,68,elderly,101431
2016,Swedish,69,elderly,101554
2016,Swedish,70,elderly,102694
2016,Swedish,71,elderly,102098
2016,Swedish,72,elderly,99246
2016,Swedish,73,elderly,91028
2016,Swedish,74,elderly,81732
2016,Swedish,75,elderly,68882
2016,Swedish,76,elderly,64110
2016,Swedish,77,elderly,62684
2016,Swedish,78,elderly,58466
2016,Swedish,79,elderly,53427
2016,Swedish,80,elderly,50251
2016,Swedish,81,elderly,45574
2016,Swedish,82,elderly,42067
2016,Swedish,83,elderly,39391
2016,Swedish,84,elderly,37972
2016,Swedish,85,elderly,35053
2016,Swedish,86,elderly,32349
2016,Swedish,87,elderly,28410
2016,Swedish,88,elderly,26096
2016,Swedish,89,elderly,22488
2016,Swedish,90,elderly,19297
2016,Swedish,91,elderly,16460
2016,Swedish,92,elderly,13602
2016,Swedish,93,elderly,10780
2016,Swedish,94,elderly,8213
2016,Swedish,95,elderly,6851
2016,Swedish,96,elderly,5159
2016,Swedish,97,elderly,2943
2016,Swedish,98,elderly,1921
2016,Swedish,99,elderly,1341
2016,Swedish,100+,elderly,1814
2016,foreign,0,young,25167
2016,foreign,1,young,26607
2016,foreign,2,young,27623
2016,foreign,3,young,27218
2016,foreign,4,young,28019
2016,foreign,5,young,27781
2016,foreign,6,young,28648
2016,foreign,7,young,27978
2016,foreign,8,young,27885
2016,foreign,9,young,27466
2016,foreign,10,young,26837
2016,foreign,11,young,26395
2016,foreign,12,young,26196
2016,foreign,13,young,25570
2016,foreign,14,young,25547
2016,foreign,15,young,25711
2016,foreign,16,young,27467
2016,foreign,17,young,28263
2016,foreign,18,young,29962
2016,foreign,19,young,29347
2016,foreign,20,working_age,30105
2016,foreign,21,working_age,31562
2016,foreign,22,working_age,32650
2016,foreign,23,working_age,33827
2016,foreign,24,working_age,34729
2016,foreign,25,working_age,36600
2016,foreign,26,working_age,38681
2016,foreign,27,working_age,39492
2016,foreign,28,working_age,41237
2016,foreign,29,working_age,42026
2016,foreign,30,working_age,43405
2016,foreign,31,working_age,44300
2016,foreign,32,working_age,44488
2016,foreign,33,working_age,43721
2016,foreign,34,working_age,43564
2016,foreign,35,working_age,41744
2016,foreign,36,working_age,43393
2016,foreign,37,working_age,40597
2016,foreign,38,working_age,39533
2016,foreign,39,working_age,38322
2016,foreign,40,working_age,37517
2016,foreign,41,working_age,37028
2016,foreign,42,working_age,36571
2016,foreign,43,working_age,34947
2016,foreign,44,working_age,35354
2016,foreign,45,working_age,33991
2016,foreign,46,working_age,34284
2016,foreign,47,working_age,33168
2016,foreign,48,working_age,33022
2016,foreign,49,working_age,32044
2016,foreign,50,working_age,31265
2016,foreign,51,working_age,31301
2016,foreign,52,working_age,30495
2016,foreign,53,working_age,29603
2016,foreign,54,working_age,28692
2016,foreign,55,working_age,26917
2016,foreign,56,working_age,27519
2016,foreign,57,working_age,25217
2016,foreign,58,working_age,24169
2016,foreign,59,working_age,24214
2016,foreign,60,working_age,23124
2016,foreign,61,working_age,21835
2016,foreign,62,working_age,21279
2016,foreign,63,working_age,19803
2016,foreign,64,working_age,18969
2016,foreign,65,working_age,17989
2016,foreign,66,elderly,18313
2016,foreign,67,elderly,17353
2016,foreign,68,elderly,16900
2016,foreign,69,elderly,16564
2016,foreign,70,elderly,15284
2016,foreign,71,elderly,13378
2016,foreign,72,elderly,12226
2016,foreign,73,elderly,11509
2016,foreign,74,elderly,10716
2016,foreign,75,elderly,11225
2016,foreign,76,elderly,10375
2016,foreign,77,elderly,9936
2016,foreign,78,elderly,9208
2016,foreign,79,elderly,8473
2016,foreign,80,elderly,7617
2016,foreign,81,elderly,7072
2016,foreign,82,elderly,6394
2016,foreign,83,elderly,5561
2016,foreign,84,elderly,5131
2016,foreign,85,elderly,4659
2016,foreign,86,elderly,4440
2016,foreign,87,elderly,3556
2016,foreign,88,elderly,3128
2016,foreign,89,elderly,2566
2016,foreign,90,elderly,2195
2016,foreign,91,elderly,1799
2016,foreign,92,elderly,1387
2016,foreign,93,elderly,1084
2016,foreign,94,elderly,747
2016,foreign,95,elderly,518
2016,foreign,96,elderly,385
2016,foreign,97,elderly,227
2016,foreign,98,elderly,144
2016,foreign,99,elderly,85
2016,foreign,100+,elderly,167
2017,Swedish,0,young,90793
2017,Swedish,1,young,92699
2017,Swedish,2,young,91509
2017,Swedish,3,young,92192
2017,Swedish,4,young,91706
2017,Swedish,5,young,91946
2017,Swedish,6,young,91409
2017,Swedish,7,young,95203
2017,Swedish,8,young,92586
2017,Swedish,9,young,91218
2017,Swedish,10,young,90167
2017,Swedish,11,young,90065
2017,Swedish,12,young,86770
2017,Swedish,13,young,86733
2017,Swedish,14,young,85754
2017,Swedish,15,young,83068
2017,Swedish,16,young,79218
2017,Swedish,17,young,78446
2017,Swedish,18,young,76402
2017,Swedish,19,young,76911
2017,Swedish,20,working_age,77828
2017,Swedish,21,working_age,82058
2017,Swedish,22,working_age,88758
2017,Swedish,23,working_age,96968
2017,Swedish,24,working_age,101506
2017,Swedish,25,working_age,107157
2017,Swedish,26,working_age,108845
2017,Swedish,27,working_age,109562
2017,Swedish,28,working_age,102717
2017,Swedish,29,working_age,99139
2017,Swedish,30,working_age,92462
2017,Swedish,31,working_age,90040
2017,Swedish,32,working_age,86819
2017,Swedish,33,working_age,82544
2017,Swedish,34,working_age,80612
2017,Swedish,35,working_age,81255
2017,Swedish,36,working_age,81777
2017,Swedish,37,working_age,84189
2017,Swedish,38,working_age,83302
2017,Swedish,39,working_age,80707
2017,Swedish,40,working_age,83409
2017,Swedish,41,working_age,85491
2017,Swedish,42,working_age,90630
2017,Swedish,43,working_age,96495
2017,Swedish,44,working_age,95829
2017,Swedish,45,working_age,97545
2017,Swedish,46,working_age,98514
2017,Swedish,47,working_age,94865
2017,Swedish,48,working_age,93642
2017,Swedish,49,working_age,98955
2017,Swedish,50,working_age,105943
2017,Swedish,51,working_age,107508
2017,Swedish,52,working_age,107430
2017,Swedish,53,working_age,107379
2017,Swedish,54,working_age,98573
2017,Swedish,55,working_age,93273
2017,Swedish,56,working_age,90625
2017,Swedish,57,working_age,88292
2017,Swedish,58,working_age,90468
2017,Swedish,59,working_age,90772
2017,Swedish,60,working_age,91412
2017,Swedish,61,working_age,92037
2017,Swedish,62,working_age,90789
2017,Swedish,63,working_age,88505
2017,Swedish,64,working_age,91777
2017,Swedish,65,working_age,90958
2017,Swedish,66,elderly,89804
2017,Swedish,67,elderly,93357
2017,Swedish,68,elderly,97138
2017,Swedish,69,elderly,100296
2017,Swedish,70,elderly,100179
2017,Swedish,71,elderly,101207
2017,Swedish,72,elderly,100466
2017,Swedish,73,elderly,97530
2017,Swedish,74,elderly,89244
2017,Swedish,75,elderly,79995
2017,Swedish,76,elderly,67227
2017,Swedish,77,elderly,62327
2017,Swedish,78,elderly,60702
2017,Swedish,79,elderly,56412
2017,Swedish,80,elderly,51372
2017,Swedish,81,elderly,47984
2017,Swedish,82,elderly,43265
2017,Swedish,83,elderly,39514
2017,Swedish,84,elderly,36738
2017,Swedish,85,elderly,35115
2017,Swedish,86,elderly,32028
2017,Swedish,87,elderly,29148
2017,Swedish,88,elderly,25158
2017,Swedish,89,elderly,22763
2017,Swedish,90,elderly,19177
2017,Swedish,91,elderly,16192
2017,Swedish,92,elderly,13503
2017,Swedish,93,elderly,10874
2017,Swedish,94,elderly,8381
2017,Swedish,95,elderly,6165
2017,Swedish,96,elderly,5027
2017,Swedish,97,elderly,3677
2017,Swedish,98,elderly,1970
2017,Swedish,99,elderly,1231
2017,Swedish,100+,elderly,1913
2017,foreign,0,young,25821
2017,foreign,1,young,29276
2017,foreign,2,young,28872
2017,foreign,3,young,29866
2017,foreign,4,young,29310
2017,foreign,5,young,30075
2017,foreign,6,young,29661
2017,foreign,7,young,30526
2017,foreign,8,young,29797
2017,foreign,9,young,29759
2017,foreign,10,young,29192
2017,foreign,11,young,28606
2017,foreign,12,young,28100
2017,foreign,13,young,27759
2017,foreign,14,young,27307
2017,foreign,15,young,27506
2017,foreign,16,young,28337
2017,foreign,17,young,30346
2017,foreign,18,young,32758
2017,foreign,19,young,31846
2017,foreign,20,working_age,31105
2017,foreign,21,working_age,31961
2017,foreign,22,working_age,34081
2017,foreign,23,working_age,35699
2017,foreign,24,working_age,36955
2017,foreign,25,working_age,37897
2017,foreign,26,working_age,39893
2017,foreign,27,working_age,41888
2017,foreign,28,working_age,42615
2017,foreign,29,working_age,44290
2017,foreign,30,working_age,44703
2017,foreign,31,working_age,46031
2017,foreign,32,working_age,46765
2017,foreign,33,working_age,46710
2017,foreign,34,working_age,45807
2017,foreign,35,working_age,45541
2017,foreign,36,working_age,43392
2017,foreign,37,working_age,45058
2017,foreign,38,working_age,42054
2017,foreign,39,working_age,40918
2017,foreign,40,working_age,39608
2017,foreign,41,working_age,38694
2017,foreign,42,working_age,38069
2017,foreign,43,working_age,37626
2017,foreign,44,working_age,35824
2017,foreign,45,working_age,36155
2017,foreign,46,working_age,34703
2017,foreign,47,working_age,34981
2017,foreign,48,working_age,33801
2017,foreign,49,working_age,33516
2017,foreign,50,working_age,32476
2017,foreign,51,working_age,31687
2017,foreign,52,working_age,31681
2017,foreign,53,working_age,30802
2017,foreign,54,working_age,29821
2017,foreign,55,working_age,28906
2017,foreign,56,working_age,27067
2017,foreign,57,working_age,27672
2017,foreign,58,working_age,25339
2017,foreign,59,working_age,24200
2017,foreign,60,working_age,24267
2017,foreign,61,working_age,23136
2017,foreign,62,working_age,21842
2017,foreign,63,working_age,21227
2017,foreign,64,working_age,19715
2017,foreign,65,working_age,18883
2017,foreign,66,elderly,17917
2017,foreign,67,elderly,18160
2017,foreign,68,elderly,17180
2017,foreign,69,elderly,16699
2017,foreign,70,elderly,16341
2017,foreign,71,elderly,15049
2017,foreign,72,elderly,13194
2017,foreign,73,elderly,11988
2017,foreign,74,elderly,11286
2017,foreign,75,elderly,10462
2017,foreign,76,elderly,10944
2017,foreign,77,elderly,10074
2017,foreign,78,elderly,9582
2017,foreign,79,elderly,8875
2017,foreign,80,elderly,8119
2017,foreign,81,elderly,7264
2017,foreign,82,elderly,6695
2017,foreign,83,elderly,6028
2017,foreign,84,elderly,5142
2017,foreign,85,elderly,4735
2017,foreign,86,elderly,4310
2017,foreign,87,elderly,4000
2017,foreign,88,elderly,3179
2017,foreign,89,elderly,2729
2017,foreign,90,elderly,2216
2017,foreign,91,elderly,1862
2017,foreign,92,elderly,1502
2017,foreign,93,elderly,1147
2017,foreign,94,elderly,866
2017,foreign,95,elderly,584
2017,foreign,96,elderly,373
2017,foreign,97,elderly,291
2017,foreign,98,elderly,162
2017,foreign,99,elderly,100
2017,foreign,100+,elderly,171
2018,Swedish,0,young,90625
2018,Swedish,1,young,89446
2018,Swedish,2,young,92132
2018,Swedish,3,young,91164
2018,Swedish,4,young,91915
2018,Swedish,5,young,91512
2018,Swedish,6,young,91775
2018,Swedish,7,young,91279
2018,Swedish,8,young,95111
2018,Swedish,9,young,92549
2018,Swedish,10,young,91195
2018,Swedish,11,young,90147
2018,Swedish,12,young,90063
2018,Swedish,13,young,86753
2018,Swedish,14,young,86720
2018,Swedish,15,young,85734
2018,Swedish,16,young,83086
2018,Swedish,17,young,79223
2018,Swedish,18,young,78471
2018,Swedish,19,young,76372
2018,Swedish,20,working_age,76814
2018,Swedish,21,working_age,77685
2018,Swedish,22,working_age,81908
2018,Swedish,23,working_age,88574
2018,Swedish,24,working_age,96695
2018,Swedish,25,working_age,101260
2018,Swedish,26,working_age,106857
2018,Swedish,27,working_age,108604
2018,Swedish,28,working_age,109317
2018,Swedish,29,working_age,102543
2018,Swedish,30,working_age,98967
2018,Swedish,31,working_age,92294
2018,Swedish,32,working_age,89927
2018,Swedish,33,working_age,86684
2018,Swedish,34,working_age,82427
2018,Swedish,35,working_age,80509
2018,Swedish,36,working_age,81169
2018,Swedish,37,working_age,81652
2018,Swedish,38,working_age,84108
2018,Swedish,39,working_age,83261
2018,Swedish,40,working_age,80611
2018,Swedish,41,working_age,83329
2018,Swedish,42,working_age,85399
2018,Swedish,43,working_age,90529
2018,Swedish,44,working_age,96368
2018,Swedish,45,working_age,95719
2018,Swedish,46,working_age,97455
2018,Swedish,47,working_age,98348
2018,Swedish,48,working_age,94765
2018,Swedish,49,working_age,93517
2018,Swedish,50,working_age,98793
2018,Swedish,51,working_age,105752
2018,Swedish,52,working_age,107313
2018,Swedish,53,working_age,107199
2018,Swedish,54,working_age,107064
2018,Swedish,55,working_age,98325
2018,Swedish,56,working_age,92947
2018,Swedish,57,working_age,90266
2018,Swedish,58,working_age,87938
2018,Swedish,59,working_age,90070
2018,Swedish,60,working_age,90330
2018,Swedish,61,working_age,90889
2018,Swedish,62,working_age,91468
2018,Swedish,63,working_age,90125
2018,Swedish,64,working_age,87817
2018,Swedish,65,working_age,91004
2018,Swedish,66,elderly,90171
2018,Swedish,67,elderly,88860
2018,Swedish,68,elderly,92334
2018,Swedish,69,elderly,95967
2018,Swedish,70,elderly,98980
2018,Swedish,71,elderly,98743
2018,Swedish,72,elderly,99598
2018,Swedish,73,elderly,98705
2018,Swedish,74,elderly,95609
2018,Swedish,75,elderly,87283
2018,Swedish,76,elderly,78074
2018,Swedish,77,elderly,65406
2018,Swedish,78,elderly,60399
2018,Swedish,79,elderly,58685
2018,Swedish,80,elderly,54237
2018,Swedish,81,elderly,49096
2018,Swedish,82,elderly,45525
2018,Swedish,83,elderly,40781
2018,Swedish,84,elderly,36932
2018,Swedish,85,elderly,34033
2018,Swedish,86,elderly,32139
2018,Swedish,87,elderly,28916
2018,Swedish,88,elderly,25929
2018,Swedish,89,elderly,21980
2018,Swedish,90,elderly,19465
2018,Swedish,91,elderly,16117
2018,Swedish,92,elderly,13397
2018,Swedish,93,elderly,10819
2018,Swedish,94,elderly,8557
2018,Swedish,95,elderly,6335
2018,Swedish,96,elderly,4549
2018,Swedish,97,elderly,3591
2018,Swedish,98,elderly,2505
2018,Swedish,99,elderly,1291
2018,Swedish,100+,elderly,1890
2018,foreign,0,young,26214
2018,foreign,1,young,29316
2018,foreign,2,young,31393
2018,foreign,3,young,30658
2018,foreign,4,young,31635
2018,foreign,5,young,30963
2018,foreign,6,young,31722
2018,foreign,7,young,31208
2018,foreign,8,young,32037
2018,foreign,9,young,31317
2018,foreign,10,young,31411
2018,foreign,11,young,30694
2018,foreign,12,young,30032
2018,foreign,13,young,29529
2018,foreign,14,young,29214
2018,foreign,15,young,28643
2018,foreign,16,young,29082
2018,foreign,17,young,29882
2018,foreign,18,young,32586
2018,foreign,19,young,36434
2018,foreign,20,working_age,34259
2018,foreign,21,working_age,32643
2018,foreign,22,working_age,34063
2018,foreign,23,working_age,36678
2018,foreign,24,working_age,38274
2018,foreign,25,working_age,39595
2018,foreign,26,working_age,40566
2018,foreign,27,working_age,42627
2018,foreign,28,working_age,44697
2018,foreign,29,working_age,45256
2018,foreign,30,working_age,46918
2018,foreign,31,working_age,47087
2018,foreign,32,working_age,48305
2018,foreign,33,working_age,48851
2018,foreign,34,working_age,48681
2018,foreign,35,working_age,47591
2018,foreign,36,working_age,47209
2018,foreign,37,working_age,44874
2018,foreign,38,working_age,46444
2018,foreign,39,working_age,43302
2018,foreign,40,working_age,42024
2018,foreign,41,working_age,40629
2018,foreign,42,working_age,39646
2018,foreign,43,working_age,38907
2018,foreign,44,working_age,38394
2018,foreign,45,working_age,36563
2018,foreign,46,working_age,36886
2018,foreign,47,working_age,35327
2018,foreign,48,working_age,35473
2018,foreign,49,working_age,34286
2018,foreign,50,working_age,33954
2018,foreign,51,working_age,32839
2018,foreign,52,working_age,32001
2018,foreign,53,working_age,31950
2018,foreign,54,working_age,30984
2018,foreign,55,working_age,29993
2018,foreign,56,working_age,29088
2018,foreign,57,working_age,27145
2018,foreign,58,working_age,27777
2018,foreign,59,working_age,25418
2018,foreign,60,working_age,24190
2018,foreign,61,working_age,24242
2018,foreign,62,working_age,23083
2018,foreign,63,working_age,21811
2018,foreign,64,working_age,21111
2018,foreign,65,working_age,19546
2018,foreign,66,elderly,18731
2018,foreign,67,elderly,17744
2018,foreign,68,elderly,17974
2018,foreign,69,elderly,16980
2018,foreign,70,elderly,16448
2018,foreign,71,elderly,16134
2018,foreign,72,elderly,14742
2018,foreign,73,elderly,12939
2018,foreign,74,elderly,11750
2018,foreign,75,elderly,11012
2018,foreign,76,elderly,10209
2018,foreign,77,elderly,10600
2018,foreign,78,elderly,9730
2018,foreign,79,elderly,9221
2018,foreign,80,elderly,8472
2018,foreign,81,elderly,7728
2018,foreign,82,elderly,6881
2018,foreign,83,elderly,6268
2018,foreign,84,elderly,5607
2018,foreign,85,elderly,4732
2018,foreign,86,elderly,4307
2018,foreign,87,elderly,3923
2018,foreign,88,elderly,3543
2018,foreign,89,elderly,2801
2018,foreign,90,elderly,2323
2018,foreign,91,elderly,1896
2018,foreign,92,elderly,1535
2018,foreign,93,elderly,1215
2018,foreign,94,elderly,923
2018,foreign,95,elderly,671
2018,foreign,96,elderly,434
2018,foreign,97,elderly,282
2018,foreign,98,elderly,219
2018,foreign,99,elderly,112
2018,foreign,100+,elderly,177
2019,Swedish,0,young,87147
2019,Swedish,1,young,89423
2019,Swedish,2,young,88935
2019,Swedish,3,young,91811
2019,Swedish,4,young,90900
2019,Swedish,5,young,91694
2019,Swedish,6,young,91334
2019,Swedish,7,young,91656
2019,Swedish,8,young,91191
2019,Swedish,9,young,95078
2019,Swedish,10,young,92515
2019,Swedish,11,young,91187
2019,Swedish,12,young,90118
2019,Swedish,13,young,90069
2019,Swedish,14,young,86779
2019,Swedish,15,young,86744
2019,Swedish,16,young,85752
2019,Swedish,17,young,83099
2019,Swedish,18,young,79273
2019,Swedish,19,young,78450
2019,Swedish,20,working_age,76274
2019,Swedish,21,working_age,76676
2019,Swedish,22,working_age,77550
2019,Swedish,23,working_age,81718
2019,Swedish,24,working_age,88340
2019,Swedish,25,working_age,96404
2019,Swedish,26,working_age,101044
2019,Swedish,27,working_age,106576
2019,Swedish,28,working_age,108363
2019,Swedish,29,working_age,109110
2019,Swedish,30,working_age,102373
2019,Swedish,31,working_age,98797
2019,Swedish,32,working_age,92161
2019,Swedish,33,working_age,89855
2019,Swedish,34,working_age,86599
2019,Swedish,35,working_age,82371
2019,Swedish,36,working_age,80422
2019,Swedish,37,working_age,81095
2019,Swedish,38,working_age,81566
2019,Swedish,39,working_age,84046
2019,Swedish,40,working_age,83183
2019,Swedish,41,working_age,80532
2019,Swedish,42,working_age,83269
2019,Swedish,43,working_age,85331
2019,Swedish,44,working_age,90437
2019,Swedish,45,working_age,96286
2019,Swedish,46,working_age,95601
2019,Swedish,47,working_age,97353
2019,Swedish,48,working_age,98225
2019,Swedish,49,working_age,94649
2019,Swedish,50,working_age,93410
2019,Swedish,51,working_age,98672
2019,Swedish,52,working_age,105546
2019,Swedish,53,working_age,107084
2019,Swedish,54,working_age,106928
2019,Swedish,55,working_age,106763
2019,Swedish,56,working_age,98054
2019,Swedish,57,working_age,92631
2019,Swedish,58,working_age,89909
2019,Swedish,59,working_age,87587
2019,Swedish,60,working_age,89639
2019,Swedish,61,working_age,89842
2019,Swedish,62,working_age,90307
2019,Swedish,63,working_age,90866
2019,Swedish,64,working_age,89446
2019,Swedish,65,working_age,87178
2019,Swedish,66,elderly,90147
2019,Swedish,67,elderly,89374
2019,Swedish,68,elderly,87969
2019,Swedish,69,elderly,91251
2019,Swedish,70,elderly,94764
2019,Swedish,71,elderly,97696
2019,Swedish,72,elderly,97264
2019,Swedish,73,elderly,97872
2019,Swedish,74,elderly,96883
2019,Swedish,75,elderly,93616
2019,Swedish,76,elderly,85254
2019,Swedish,77,elderly,76080
2019,Swedish,78,elderly,63520
2019,Swedish,79,elderly,58468
2019,Swedish,80,elderly,56493
2019,Swedish,81,elderly,52027
2019,Swedish,82,elderly,46734
2019,Swedish,83,elderly,43031
2019,Swedish,84,elderly,38205
2019,Swedish,85,elderly,34276
2019,Swedish,86,elderly,31324
2019,Swedish,87,elderly,29148
2019,Swedish,88,elderly,25937
2019,Swedish,89,elderly,22857
2019,Swedish,90,elderly,19002
2019,Swedish,91,elderly,16519
2019,Swedish,92,elderly,13400
2019,Swedish,93,elderly,10876
2019,Swedish,94,elderly,8573
2019,Swedish,95,elderly,6583
2019,Swedish,96,elderly,4723
2019,Swedish,97,elderly,3323
2019,Swedish,98,elderly,2505
2019,Swedish,99,elderly,1694
2019,Swedish,100+,elderly,2011
2019,foreign,0,young,28236
2019,foreign,1,young,29353
2019,foreign,2,young,31095
2019,foreign,3,young,32870
2019,foreign,4,young,31948
2019,foreign,5,young,32875
2019,foreign,6,young,32001
2019,foreign,7,young,32885
2019,foreign,8,young,32280
2019,foreign,9,young,33090
2019,foreign,10,young,32382
2019,foreign,11,young,32467
2019,foreign,12,young,31787
2019,foreign,13,young,31130
2019,foreign,14,young,30585
2019,foreign,15,young,30200
2019,foreign,16,young,29771
2019,foreign,17,young,30121
2019,foreign,18,young,31053
2019,foreign,19,young,34446
2019,foreign,20,working_age,40341
2019,foreign,21,working_age,36454
2019,foreign,22,working_age,34745
2019,foreign,23,working_age,36463
2019,foreign,24,working_age,39138
2019,foreign,25,working_age,40791
2019,foreign,26,working_age,42189
2019,foreign,27,working_age,43047
2019,foreign,28,working_age,44994
2019,foreign,29,working_age,47178
2019,foreign,30,working_age,47489
2019,foreign,31,working_age,49082
2019,foreign,32,working_age,49005
2019,foreign,33,working_age,50004
2019,foreign,34,working_age,50526
2019,foreign,35,working_age,50170
2019,foreign,36,working_age,48954
2019,foreign,37,working_age,48514
2019,foreign,38,working_age,45971
2019,foreign,39,working_age,47489
2019,foreign,40,working_age,44256
2019,foreign,41,working_age,42873
2019,foreign,42,working_age,41476
2019,foreign,43,working_age,40345
2019,foreign,44,working_age,39561
2019,foreign,45,working_age,38986
2019,foreign,46,working_age,37077
2019,foreign,47,working_age,37383
2019,foreign,48,working_age,35702
2019,foreign,49,working_age,35830
2019,foreign,50,working_age,34583
2019,foreign,51,working_age,34222
2019,foreign,52,working_age,33067
2019,foreign,53,working_age,32185
2019,foreign,54,working_age,32058
2019,foreign,55,working_age,31041
2019,foreign,56,working_age,30045
2019,foreign,57,working_age,29132
2019,foreign,58,working_age,27131
2019,foreign,59,working_age,27815
2019,foreign,60,working_age,25375
2019,foreign,61,working_age,24117
2019,foreign,62,working_age,24131
2019,foreign,63,working_age,22975
2019,foreign,64,working_age,21692
2019,foreign,65,working_age,20917
2019,foreign,66,elderly,19363
2019,foreign,67,elderly,18553
2019,foreign,68,elderly,17540
2019,foreign,69,elderly,17756
2019,foreign,70,elderly,16758
2019,foreign,71,elderly,16208
2019,foreign,72,elderly,15877
2019,foreign,73,elderly,14438
2019,foreign,74,elderly,12655
2019,foreign,75,elderly,11461
2019,foreign,76,elderly,10678
2019,foreign,77,elderly,9913
2019,foreign,78,elderly,10247
2019,foreign,79,elderly,9361
2019,foreign,80,elderly,8809
2019,foreign,81,elderly,8097
2019,foreign,82,elderly,7295
2019,foreign,83,elderly,6479
2019,foreign,84,elderly,5880
2019,foreign,85,elderly,5210
2019,foreign,86,elderly,4322
2019,foreign,87,elderly,3901
2019,foreign,88,elderly,3493
2019,foreign,89,elderly,3161
2019,foreign,90,elderly,2448
2019,foreign,91,elderly,2012
2019,foreign,92,elderly,1606
2019,foreign,93,elderly,1243
2019,foreign,94,elderly,965
2019,foreign,95,elderly,734
2019,foreign,96,elderly,518
2019,foreign,97,elderly,332
2019,foreign,98,elderly,204
2019,foreign,99,elderly,160
2019,foreign,100+,elderly,196
2020,Swedish,0,young,86814
2020,Swedish,1,young,86703
2020,Swedish,2,young,89002
2020,Swedish,3,young,88679
2020,Swedish,4,young,91573
2020,Swedish,5,young,90704
2020,Swedish,6,young,91540
2020,Swedish,7,young,91215
2020,Swedish,8,young,91589
2020,Swedish,9,young,91131
2020,Swedish,10,young,95094
2020,Swedish,11,young,92513
2020,Swedish,12,young,91182
2020,Swedish,13,young,90162
2020,Swedish,14,young,90081
2020,Swedish,15,young,86800
2020,Swedish,16,young,86798
2020,Swedish,17,young,85744
2020,Swedish,18,young,83133
2020,Swedish,19,young,79244
2020,Swedish,20,working_age,78356
2020,Swedish,21,working_age,76181
2020,Swedish,22,working_age,76582
2020,Swedish,23,working_age,77410
2020,Swedish,24,working_age,81553
2020,Swedish,25,working_age,88146
2020,Swedish,26,working_age,96187
2020,Swedish,27,working_age,100844
2020,Swedish,28,working_age,106359
2020,Swedish,29,working_age,108205
2020,Swedish,30,working_age,108993
2020,Swedish,31,working_age,102253
2020,Swedish,32,working_age,98704
2020,Swedish,33,working_age,92063
2020,Swedish,34,working_age,89741
2020,Swedish,35,working_age,86546
2020,Swedish,36,working_age,82290
2020,Swedish,37,working_age,80375
2020,Swedish,38,working_age,81045
2020,Swedish,39,working_age,81512
2020,Swedish,40,working_age,83991
2020,Swedish,41,working_age,83150
2020,Swedish,42,working_age,80504
2020,Swedish,43,working_age,83237
2020,Swedish,44,working_age,85287
2020,Swedish,45,working_age,90370
2020,Swedish,46,working_age,96226
2020,Swedish,47,working_age,95532
2020,Swedish,48,working_age,97251
2020,Swedish,49,working_age,98123
2020,Swedish,50,working_age,94525
2020,Swedish,51,working_age,93256
2020,Swedish,52,working_age,98515
2020,Swedish,53,working_age,105320
2020,Swedish,54,working_age,106832
2020,Swedish,55,working_age,106657
2020,Swedish,56,working_age,106472
2020,Swedish,57,working_age,97738
2020,Swedish,58,working_age,92276
2020,Swedish,59,working_age,89509
2020,Swedish,60,working_age,87181
2020,Swedish,61,working_age,89177
2020,Swedish,62,working_age,89328
2020,Swedish,63,working_age,89714
2020,Swedish,64,working_age,90177
2020,Swedish,65,working_age,88739
2020,Swedish,66,elderly,86380
2020,Swedish,67,elderly,89292
2020,Swedish,68,elderly,88434
2020,Swedish,69,elderly,86932
2020,Swedish,70,elderly,90108
2020,Swedish,71,elderly,93406
2020,Swedish,72,elderly,96171
2020,Swedish,73,elderly,95574
2020,Swedish,74,elderly,95985
2020,Swedish,75,elderly,94787
2020,Swedish,76,elderly,91326
2020,Swedish,77,elderly,82832
2020,Swedish,78,elderly,73800
2020,Swedish,79,elderly,61248
2020,Swedish,80,elderly,56101
2020,Swedish,81,elderly,53896
2020,Swedish,82,elderly,49303
2020,Swedish,83,elderly,43873
2020,Swedish,84,elderly,40233
2020,Swedish,85,elderly,35157
2020,Swedish,86,elderly,31249
2020,Swedish,87,elderly,28281
2020,Swedish,88,elderly,25774
2020,Swedish,89,elderly,22538
2020,Swedish,90,elderly,19433
2020,Swedish,91,elderly,15870
2020,Swedish,92,elderly,13423
2020,Swedish,93,elderly,10653
2020,Swedish,94,elderly,8348
2020,Swedish,95,elderly,6419
2020,Swedish,96,elderly,4811
2020,Swedish,97,elderly,3351
2020,Swedish,98,elderly,2286
2020,Swedish,99,elderly,1633
2020,Swedish,100+,elderly,2215
2020,foreign,0,young,26775
2020,foreign,1,young,29888
2020,foreign,2,young,30423
2020,foreign,3,young,31791
2020,foreign,4,young,33428
2020,foreign,5,young,32439
2020,foreign,6,young,33227
2020,foreign,7,young,32476
2020,foreign,8,young,33328
2020,foreign,9,young,32706
2020,foreign,10,young,33553
2020,foreign,11,young,32817
2020,foreign,12,young,33005
2020,foreign,13,young,32318
2020,foreign,14,young,31642
2020,foreign,15,young,31118
2020,foreign,16,young,30810
2020,foreign,17,young,30335
2020,foreign,18,young,30847
2020,foreign,19,young,31747
2020,foreign,20,working_age,35214
2020,foreign,21,working_age,41479
2020,foreign,22,working_age,37954
2020,foreign,23,working_age,36528
2020,foreign,24,working_age,38207
2020,foreign,25,working_age,40842
2020,foreign,26,working_age,42466
2020,foreign,27,working_age,43668
2020,foreign,28,working_age,44652
2020,foreign,29,working_age,46390
2020,foreign,30,working_age,48459
2020,foreign,31,working_age,48743
2020,foreign,32,working_age,50287
2020,foreign,33,working_age,49987
2020,foreign,34,working_age,50719
2020,foreign,35,working_age,51311
2020,foreign,36,working_age,50769
2020,foreign,37,working_age,49482
2020,foreign,38,working_age,49094
2020,foreign,39,working_age,46306
2020,foreign,40,working_age,47962
2020,foreign,41,working_age,44555
2020,foreign,42,working_age,43200
2020,foreign,43,working_age,41792
2020,foreign,44,working_age,40557
2020,foreign,45,working_age,39745
2020,foreign,46,working_age,39238
2020,foreign,47,working_age,37310
2020,foreign,48,working_age,37553
2020,foreign,49,working_age,35879
2020,foreign,50,working_age,35949
2020,foreign,51,working_age,34655
2020,foreign,52,working_age,34255
2020,foreign,53,working_age,33094
2020,foreign,54,working_age,32171
2020,foreign,55,working_age,32058
2020,foreign,56,working_age,30939
2020,foreign,57,working_age,29952
2020,foreign,58,working_age,29040
2020,foreign,59,working_age,27032
2020,foreign,60,working_age,27723
2020,foreign,61,working_age,25232
2020,foreign,62,working_age,23955
2020,foreign,63,working_age,23927
2020,foreign,64,working_age,22812
2020,foreign,65,working_age,21484
2020,foreign,66,elderly,20718
2020,foreign,67,elderly,19112
2020,foreign,68,elderly,18317
2020,foreign,69,elderly,17326
2020,foreign,70,elderly,17458
2020,foreign,71,elderly,16440
2020,foreign,72,elderly,15887
2020,foreign,73,elderly,15521
2020,foreign,74,elderly,14067
2020,foreign,75,elderly,12312
2020,foreign,76,elderly,11116
2020,foreign,77,elderly,10319
2020,foreign,78,elderly,9544
2020,foreign,79,elderly,9731
2020,foreign,80,elderly,8941
2020,foreign,81,elderly,8332
2020,foreign,82,elderly,7572
2020,foreign,83,elderly,6778
2020,foreign,84,elderly,6001
2020,foreign,85,elderly,5377
2020,foreign,86,elderly,4686
2020,foreign,87,elderly,3870
2020,foreign,88,elderly,3420
2020,foreign,89,elderly,3022
2020,foreign,90,elderly,2692
2020,foreign,91,elderly,2052
2020,foreign,92,elderly,1663
2020,foreign,93,elderly,1275
2020,foreign,94,elderly,967
2020,foreign,95,elderly,716
2020,foreign,96,elderly,550
2020,foreign,97,elderly,359
2020,foreign,98,elderly,229
2020,foreign,99,elderly,137
2020,foreign,100+,elderly,234
2021,Swedish,0,young,88428
2021,Swedish,1,young,86268
2021,Swedish,2,young,86512
2021,Swedish,3,young,88674
2021,Swedish,4,young,88472
2021,Swedish,5,young,91370
2021,Swedish,6,young,90484
2021,Swedish,7,young,91395
2021,Swedish,8,young,91094
2021,Swedish,9,young,91516
2021,Swedish,10,young,91087
2021,Swedish,11,young,95043
2021,Swedish,12,young,92461
2021,Swedish,13,young,91172
2021,Swedish,14,young,90139
2021,Swedish,15,young,90080
2021,Swedish,16,young,86838
2021,Swedish,17,young,86782
2021,Swedish,18,young,85799
2021,Swedish,19,young,83093
2021,Swedish,20,working_age,79125
2021,Swedish,21,working_age,78186
2021,Swedish,22,working_age,76015
2021,Swedish,23,working_age,76419
2021,Swedish,24,working_age,77190
2021,Swedish,25,working_age,81293
2021,Swedish,26,working_age,87933
2021,Swedish,27,working_age,95968
2021,Swedish,28,working_age,100590
2021,Swedish,29,working_age,106104
2021,Swedish,30,working_age,107981
2021,Swedish,31,working_age,108768
2021,Swedish,32,working_age,102112
2021,Swedish,33,working_age,98547
2021,Swedish,34,working_age,91990
2021,Swedish,35,working_age,89632
2021,Swedish,36,working_age,86442
2021,Swedish,37,working_age,82211
2021,Swedish,38,working_age,80309
2021,Swedish,39,working_age,80990
2021,Swedish,40,working_age,81400
2021,Swedish,41,working_age,83926
2021,Swedish,42,working_age,83098
2021,Swedish,43,working_age,80428
2021,Swedish,44,working_age,83147
2021,Swedish,45,working_age,85241
2021,Swedish,46,working_age,90287
2021,Swedish,47,working_age,96128
2021,Swedish,48,working_age,95422
2021,Swedish,49,working_age,97156
2021,Swedish,50,working_age,98013
2021,Swedish,51,working_age,94379
2021,Swedish,52,working_age,93072
2021,Swedish,53,working_age,98359
2021,Swedish,54,working_age,105115
2021,Swedish,55,working_age,106505
2021,Swedish,56,working_age,106393
2021,Swedish,57,working_age,106104
2021,Swedish,58,working_age,97422
2021,Swedish,59,working_age,91940
2021,Swedish,60,working_age,89136
2021,Swedish,61,working_age,86767
2021,Swedish,62,working_age,88697
2021,Swedish,63,working_age,88757
2021,Swedish,64,working_age,89110
2021,Swedish,65,working_age,89521
2021,Swedish,66,elderly,87975
2021,Swedish,67,elderly,85560
2021,Swedish,68,elderly,88376
2021,Swedish,69,elderly,87419
2021,Swedish,70,elderly,85826
2021,Swedish,71,elderly,88891
2021,Swedish,72,elderly,91996
2021,Swedish,73,elderly,94612
2021,Swedish,74,elderly,93808
2021,Swedish,75,elderly,93990
2021,Swedish,76,elderly,92576
2021,Swedish,77,elderly,88947
2021,Swedish,78,elderly,80364
2021,Swedish,79,elderly,71345
2021,Swedish,80,elderly,58960
2021,Swedish,81,elderly,53811
2021,Swedish,82,elderly,51339
2021,Swedish,83,elderly,46675
2021,Swedish,84,elderly,41130
2021,Swedish,85,elderly,37408
2021,Swedish,86,elderly,32301
2021,Swedish,87,elderly,28441
2021,Swedish,88,elderly,25364
2021,Swedish,89,elderly,22725
2021,Swedish,90,elderly,19579
2021,Swedish,91,elderly,16492
2021,Swedish,92,elderly,13233
2021,Swedish,93,elderly,10921
2021,Swedish,94,elderly,8471
2021,Swedish,95,elderly,6496
2021,Swedish,96,elderly,4782
2021,Swedish,97,elderly,3549
2021,Swedish,98,elderly,2379
2021,Swedish,99,elderly,1568
2021,Swedish,100+,elderly,2410
2021,foreign,0,young,26235
2021,foreign,1,young,28782
2021,foreign,2,young,31100
2021,foreign,3,young,31375
2021,foreign,4,young,32588
2021,foreign,5,young,34071
2021,foreign,6,young,33073
2021,foreign,7,young,33675
2021,foreign,8,young,33060
2021,foreign,9,young,33864
2021,foreign,10,young,33211
2021,foreign,11,young,34134
2021,foreign,12,young,33369
2021,foreign,13,young,33561
2021,foreign,14,young,32890
2021,foreign,15,young,32231
2021,foreign,16,young,31720
2021,foreign,17,young,31486
2021,foreign,18,young,31182
2021,foreign,19,young,31760
2021,foreign,20,working_age,32706
2021,foreign,21,working_age,36300
2021,foreign,22,working_age,43276
2021,foreign,23,working_age,40192
2021,foreign,24,working_age,38806
2021,foreign,25,working_age,40357
2021,foreign,26,working_age,43002
2021,foreign,27,working_age,44650
2021,foreign,28,working_age,45734
2021,foreign,29,working_age,46684
2021,foreign,30,working_age,48348
2021,foreign,31,working_age,50311
2021,foreign,32,working_age,50509
2021,foreign,33,working_age,51820
2021,foreign,34,working_age,51422
2021,foreign,35,working_age,51926
2021,foreign,36,working_age,52426
2021,foreign,37,working_age,51714
2021,foreign,38,working_age,50438
2021,foreign,39,working_age,49890
2021,foreign,40,working_age,47093
2021,foreign,41,working_age,48607
2021,foreign,42,working_age,45142
2021,foreign,43,working_age,43757
2021,foreign,44,working_age,42286
2021,foreign,45,working_age,40982
2021,foreign,46,working_age,40151
2021,foreign,47,working_age,39624
2021,foreign,48,working_age,37574
2021,foreign,49,working_age,37778
2021,foreign,50,working_age,36082
2021,foreign,51,working_age,36141
2021,foreign,52,working_age,34835
2021,foreign,53,working_age,34344
2021,foreign,54,working_age,33156
2021,foreign,55,working_age,32247
2021,foreign,56,working_age,32082
2021,foreign,57,working_age,31037
2021,foreign,58,working_age,29922
2021,foreign,59,working_age,28986
2021,foreign,60,working_age,26954
2021,foreign,61,working_age,27637
2021,foreign,62,working_age,25147
2021,foreign,63,working_age,23833
2021,foreign,64,working_age,23771
2021,foreign,65,working_age,22595
2021,foreign,66,elderly,21269
2021,foreign,67,elderly,20485
2021,foreign,68,elderly,18903
2021,foreign,69,elderly,18117
2021,foreign,70,elderly,17060
2021,foreign,71,elderly,17099
2021,foreign,72,elderly,16115
2021,foreign,73,elderly,15568
2021,foreign,74,elderly,15141
2021,foreign,75,elderly,13695
2021,foreign,76,elderly,11970
2021,foreign,77,elderly,10750
2021,foreign,78,elderly,9951
2021,foreign,79,elderly,9208
2021,foreign,80,elderly,9319
2021,foreign,81,elderly,8474
2021,foreign,82,elderly,7926
2021,foreign,83,elderly,7073
2021,foreign,84,elderly,6304
2021,foreign,85,elderly,5558
2021,foreign,86,elderly,4885
2021,foreign,87,elderly,4230
2021,foreign,88,elderly,3419
2021,foreign,89,elderly,2990
2021,foreign,90,elderly,2629
2021,foreign,91,elderly,2312
2021,foreign,92,elderly,1736
2021,foreign,93,elderly,1347
2021,foreign,94,elderly,1028
2021,foreign,95,elderly,740
2021,foreign,96,elderly,562
2021,foreign,97,elderly,395
2021,foreign,98,elderly,260
2021,foreign,99,elderly,161
2021,foreign,100+,elderly,252
2022,Swedish,0,young,80395
2022,Swedish,1,young,87903
2022,Swedish,2,young,86055
2022,Swedish,3,young,86328
2022,Swedish,4,young,88412
2022,Swedish,5,young,88262
2022,Swedish,6,young,91158
2022,Swedish,7,young,90329
2022,Swedish,8,young,91271
2022,Swedish,9,young,90983
2022,Swedish,10,young,91445
2022,Swedish,11,young,91020
2022,Swedish,12,young,94974
2022,Swedish,13,young,92428
2022,Swedish,14,young,91141
2022,Swedish,15,young,90109
2022,Swedish,16,young,90105
2022,Swedish,17,young,86851
2022,Swedish,18,young,86821
2022,Swedish,19,young,85761
2022,Swedish,20,working_age,82973
2022,Swedish,21,working_age,78949
2022,Swedish,22,working_age,77992
2022,Swedish,23,working_age,75845
2022,Swedish,24,working_age,76145
2022,Swedish,25,working_age,76938
2022,Swedish,26,working_age,81042
2022,Swedish,27,working_age,87680
2022,Swedish,28,working_age,95695
2022,Swedish,29,working_age,100329
2022,Swedish,30,working_age,105892
2022,Swedish,31,working_age,107730
2022,Swedish,32,working_age,108525
2022,Swedish,33,working_age,101978
2022,Swedish,34,working_age,98359
2022,Swedish,35,working_age,91884
2022,Swedish,36,working_age,89491
2022,Swedish,37,working_age,86334
2022,Swedish,38,working_age,82100
2022,Swedish,39,working_age,80188
2022,Swedish,40,working_age,80872
2022,Swedish,41,working_age,81294
2022,Swedish,42,working_age,83810
2022,Swedish,43,working_age,83019
2022,Swedish,44,working_age,80329
2022,Swedish,45,working_age,83045
2022,Swedish,46,working_age,85149
2022,Swedish,47,working_age,90218
2022,Swedish,48,working_age,95993
2022,Swedish,49,working_age,95303
2022,Swedish,50,working_age,97016
2022,Swedish,51,working_age,97815
2022,Swedish,52,working_age,94203
2022,Swedish,53,working_age,92895
2022,Swedish,54,working_age,98085
2022,Swedish,55,working_age,104832
2022,Swedish,56,working_age,106213
2022,Swedish,57,working_age,106043
2022,Swedish,58,working_age,105745
2022,Swedish,59,working_age,97060
2022,Swedish,60,working_age,91522
2022,Swedish,61,working_age,88724
2022,Swedish,62,working_age,86234
2022,Swedish,63,working_age,88183
2022,Swedish,64,working_age,88205
2022,Swedish,65,working_age,88436
2022,Swedish,66,elderly,88791
2022,Swedish,67,elderly,87184
2022,Swedish,68,elderly,84683
2022,Swedish,69,elderly,87418
2022,Swedish,70,elderly,86298
2022,Swedish,71,elderly,84650
2022,Swedish,72,elderly,87523
2022,Swedish,73,elderly,90451
2022,Swedish,74,elderly,92840
2022,Swedish,75,elderly,91940
2022,Swedish,76,elderly,91847
2022,Swedish,77,elderly,90207
2022,Swedish,78,elderly,86247
2022,Swedish,79,elderly,77729
2022,Swedish,80,elderly,68750
2022,Swedish,81,elderly,56385
2022,Swedish,82,elderly,51158
2022,Swedish,83,elderly,48442
2022,Swedish,84,elderly,43780
2022,Swedish,85,elderly,38199
2022,Swedish,86,elderly,34405
2022,Swedish,87,elderly,29350
2022,Swedish,88,elderly,25475
2022,Swedish,89,elderly,22333
2022,Swedish,90,elderly,19720
2022,Swedish,91,elderly,16506
2022,Swedish,92,elderly,13668
2022,Swedish,93,elderly,10652
2022,Swedish,94,elderly,8591
2022,Swedish,95,elderly,6470
2022,Swedish,96,elderly,4852
2022,Swedish,97,elderly,3408
2022,Swedish,98,elderly,2431
2022,Swedish,99,elderly,1586
2022,Swedish,100+,elderly,2402
2022,foreign,0,young,24791
2022,foreign,1,young,28220
2022,foreign,2,young,29972
2022,foreign,3,young,32022
2022,foreign,4,young,32269
2022,foreign,5,young,33286
2022,foreign,6,young,34548
2022,foreign,7,young,33513
2022,foreign,8,young,34200
2022,foreign,9,young,33605
2022,foreign,10,young,34298
2022,foreign,11,young,33728
2022,foreign,12,young,34663
2022,foreign,13,young,33827
2022,foreign,14,young,34047
2022,foreign,15,young,33448
2022,foreign,16,young,32849
2022,foreign,17,young,32330
2022,foreign,18,young,32375
2022,foreign,19,young,32198
2022,foreign,20,working_age,32852
2022,foreign,21,working_age,33916
2022,foreign,22,working_age,38264
2022,foreign,23,working_age,45807
2022,foreign,24,working_age,42747
2022,foreign,25,working_age,41341
2022,foreign,26,working_age,42850
2022,foreign,27,working_age,45443
2022,foreign,28,working_age,47128
2022,foreign,29,working_age,48206
2022,foreign,30,working_age,49028
2022,foreign,31,working_age,50532
2022,foreign,32,working_age,52469
2022,foreign,33,working_age,52530
2022,foreign,34,working_age,53762
2022,foreign,35,working_age,53033
2022,foreign,36,working_age,53380
2022,foreign,37,working_age,53756
2022,foreign,38,working_age,52852
2022,foreign,39,working_age,51493
2022,foreign,40,working_age,50842
2022,foreign,41,working_age,47943
2022,foreign,42,working_age,49488
2022,foreign,43,working_age,45872
2022,foreign,44,working_age,44381
2022,foreign,45,working_age,42913
2022,foreign,46,working_age,41546
2022,foreign,47,working_age,40650
2022,foreign,48,working_age,40070
2022,foreign,49,working_age,37989
2022,foreign,50,working_age,38079
2022,foreign,51,working_age,36369
2022,foreign,52,working_age,36408
2022,foreign,53,working_age,35108
2022,foreign,54,working_age,34506
2022,foreign,55,working_age,33273
2022,foreign,56,working_age,32366
2022,foreign,57,working_age,32173
2022,foreign,58,working_age,31061
2022,foreign,59,working_age,29953
2022,foreign,60,working_age,28957
2022,foreign,61,working_age,26921
2022,foreign,62,working_age,27538
2022,foreign,63,working_age,25061
2022,foreign,64,working_age,23747
2022,foreign,65,working_age,23619
2022,foreign,66,elderly,22484
2022,foreign,67,elderly,21106
2022,foreign,68,elderly,20307
2022,foreign,69,elderly,18712
2022,foreign,70,elderly,17867
2022,foreign,71,elderly,16839
2022,foreign,72,elderly,16812
2022,foreign,73,elderly,15860
2022,foreign,74,elderly,15243
2022,foreign,75,elderly,14790
2022,foreign,76,elderly,13350
2022,foreign,77,elderly,11603
2022,foreign,78,elderly,10398
2022,foreign,79,elderly,9556
2022,foreign,80,elderly,8801
2022,foreign,81,elderly,8925
2022,foreign,82,elderly,8028
2022,foreign,83,elderly,7443
2022,foreign,84,elderly,6619
2022,foreign,85,elderly,5825
2022,foreign,86,elderly,5111
2022,foreign,87,elderly,4460
2022,foreign,88,elderly,3785
2022,foreign,89,elderly,3010
2022,foreign,90,elderly,2593
2022,foreign,91,elderly,2245
2022,foreign,92,elderly,1931
2022,foreign,93,elderly,1426
2022,foreign,94,elderly,1055
2022,foreign,95,elderly,793
2022,foreign,96,elderly,561
2022,foreign,97,elderly,403
2022,foreign,98,elderly,302
2022,foreign,99,elderly,183
2022,foreign,100+,elderly,285
2023,Swedish,0,young,77236
2023,Swedish,1,young,80091
2023,Swedish,2,young,87675
2023,Swedish,3,young,85806
2023,Swedish,4,young,86119
2023,Swedish,5,young,88115
2023,Swedish,6,young,87926
2023,Swedish,7,young,90885
2023,Swedish,8,young,90112
2023,Swedish,9,young,91143
2023,Swedish,10,young,90856
2023,Swedish,11,young,91346
2023,Swedish,12,young,90944
2023,Swedish,13,young,94910
2023,Swedish,14,young,92384
2023,Swedish,15,young,91094
2023,Swedish,16,young,90098
2023,Swedish,17,young,90107
2023,Swedish,18,young,86905
2023,Swedish,19,young,86764
2023,Swedish,20,working_age,85593
2023,Swedish,21,working_age,82801
2023,Swedish,22,working_age,78775
2023,Swedish,23,working_age,77784
2023,Swedish,24,working_age,75568
2023,Swedish,25,working_age,75884
2023,Swedish,26,working_age,76684
2023,Swedish,27,working_age,80783
2023,Swedish,28,working_age,87377
2023,Swedish,29,working_age,95378
2023,Swedish,30,working_age,100032
2023,Swedish,31,working_age,105582
2023,Swedish,32,working_age,107467
2023,Swedish,33,working_age,108304
2023,Swedish,34,working_age,101767
2023,Swedish,35,working_age,98171
2023,Swedish,36,working_age,91727
2023,Swedish,37,working_age,89314
2023,Swedish,38,working_age,86204
2023,Swedish,39,working_age,81955
2023,Swedish,40,working_age,80052
2023,Swedish,41,working_age,80770
2023,Swedish,42,working_age,81203
2023,Swedish,43,working_age,83684
2023,Swedish,44,working_age,82894
2023,Swedish,45,working_age,80226
2023,Swedish,46,working_age,82919
2023,Swedish,47,working_age,85035
2023,Swedish,48,working_age,90064
2023,Swedish,49,working_age,95848
2023,Swedish,50,working_age,95135
2023,Swedish,51,working_age,96846
2023,Swedish,52,working_age,97640
2023,Swedish,53,working_age,93980
2023,Swedish,54,working_age,92701
2023,Swedish,55,working_age,97847
2023,Swedish,56,working_age,104522
2023,Swedish,57,working_age,105848
2023,Swedish,58,working_age,105693
2023,Swedish,59,working_age,105333
2023,Swedish,60,working_age,96619
2023,Swedish,61,working_age,91086
2023,Swedish,62,working_age,88265
2023,Swedish,63,working_age,85707
2023,Swedish,64,working_age,87606
2023,Swedish,65,working_age,87563
2023,Swedish,66,elderly,87715
2023,Swedish,67,elderly,88001
2023,Swedish,68,elderly,86325
2023,Swedish,69,elderly,83794
2023,Swedish,70,elderly,86370
2023,Swedish,71,elderly,85196
2023,Swedish,72,elderly,83381
2023,Swedish,73,elderly,86111
2023,Swedish,74,elderly,88840
2023,Swedish,75,elderly,90899
2023,Swedish,76,elderly,89854
2023,Swedish,77,elderly,89534
2023,Swedish,78,elderly,87549
2023,Swedish,79,elderly,83413
2023,Swedish,80,elderly,74942
2023,Swedish,81,elderly,66010
2023,Swedish,82,elderly,53799
2023,Swedish,83,elderly,48433
2023,Swedish,84,elderly,45509
2023,Swedish,85,elderly,40755
2023,Swedish,86,elderly,35186
2023,Swedish,87,elderly,31295
2023,Swedish,88,elderly,26327
2023,Swedish,89,elderly,22494
2023,Swedish,90,elderly,19406
2023,Swedish,91,elderly,16818
2023,Swedish,92,elderly,13710
2023,Swedish,93,elderly,10992
2023,Swedish,94,elderly,8425
2023,Swedish,95,elderly,6518
2023,Swedish,96,elderly,4794
2023,Swedish,97,elderly,3463
2023,Swedish,98,elderly,2367
2023,Swedish,99,elderly,1637
2023,Swedish,100+,elderly,2417
2023,foreign,0,young,23420
2023,foreign,1,young,26163
2023,foreign,2,young,28832
2023,foreign,3,young,30284
2023,foreign,4,young,32047
2023,foreign,5,young,32341
2023,foreign,6,young,33023
2023,foreign,7,young,34342
2023,foreign,8,young,33306
2023,foreign,9,young,34069
2023,foreign,10,young,33587
2023,foreign,11,young,34208
2023,foreign,12,young,33744
2023,foreign,13,young,34738
2023,foreign,14,young,33929
2023,foreign,15,young,34319
2023,foreign,16,young,33777
2023,foreign,17,young,33248
2023,foreign,18,young,33103
2023,foreign,19,young,33263
2023,foreign,20,working_age,33192
2023,foreign,21,working_age,34117
2023,foreign,22,working_age,35748
2023,foreign,23,working_age,40419
2023,foreign,24,working_age,47871
2023,foreign,25,working_age,44590
2023,foreign,26,working_age,42930
2023,foreign,27,working_age,44186
2023,foreign,28,working_age,46660
2023,foreign,29,working_age,48170
2023,foreign,30,working_age,49181
2023,foreign,31,working_age,50047
2023,foreign,32,working_age,51359
2023,foreign,33,working_age,53224
2023,foreign,34,working_age,53243
2023,foreign,35,working_age,54256
2023,foreign,36,working_age,53467
2023,foreign,37,working_age,53753
2023,foreign,38,working_age,54029
2023,foreign,39,working_age,53046
2023,foreign,40,working_age,51736
2023,foreign,41,working_age,50985
2023,foreign,42,working_age,48183
2023,foreign,43,working_age,49707
2023,foreign,44,working_age,46096
2023,foreign,45,working_age,44611
2023,foreign,46,working_age,43031
2023,foreign,47,working_age,41656
2023,foreign,48,working_age,40845
2023,foreign,49,working_age,40210
2023,foreign,50,working_age,38064
2023,foreign,51,working_age,38209
2023,foreign,52,working_age,36469
2023,foreign,53,working_age,36431
2023,foreign,54,working_age,35129
2023,foreign,55,working_age,34560
2023,foreign,56,working_age,33284
2023,foreign,57,working_age,32317
2023,foreign,58,working_age,32106
2023,foreign,59,working_age,30991
2023,foreign,60,working_age,29895
2023,foreign,61,working_age,28885
2023,foreign,62,working_age,26834
2023,foreign,63,working_age,27405
2023,foreign,64,working_age,24896
2023,foreign,65,working_age,23584
2023,foreign,66,elderly,23423
2023,foreign,67,elderly,22301
2023,foreign,68,elderly,20937
2023,foreign,69,elderly,20076
2023,foreign,70,elderly,18481
2023,foreign,71,elderly,17609
2023,foreign,72,elderly,16542
2023,foreign,73,elderly,16549
2023,foreign,74,elderly,15558
2023,foreign,75,elderly,14926
2023,foreign,76,elderly,14412
2023,foreign,77,elderly,13003
2023,foreign,78,elderly,11220
2023,foreign,79,elderly,10030
2023,foreign,80,elderly,9179
2023,foreign,81,elderly,8392
2023,foreign,82,elderly,8415
2023,foreign,83,elderly,7613
2023,foreign,84,elderly,6955
2023,foreign,85,elderly,6177
2023,foreign,86,elderly,5348
2023,foreign,87,elderly,4665
2023,foreign,88,elderly,4009
2023,foreign,89,elderly,3369
2023,foreign,90,elderly,2614
2023,foreign,91,elderly,2203
2023,foreign,92,elderly,1896
2023,foreign,93,elderly,1612
2023,foreign,94,elderly,1145
2023,foreign,95,elderly,821
2023,foreign,96,elderly,588
2023,foreign,97,elderly,392
2023,foreign,98,elderly,307
2023,foreign,99,elderly,226
2023,foreign,100+,elderly,333
2024,Swedish,0,young,75786
2024,Swedish,1,young,76990
2024,Swedish,2,young,79929
2024,Swedish,3,young,87450
2024,Swedish,4,young,85576
2024,Swedish,5,young,85910
2024,Swedish,6,young,87816
2024,Swedish,7,young,87691
2024,Swedish,8,young,90694
2024,Swedish,9,young,89951
2024,Swedish,10,young,91039
2024,Swedish,11,young,90763
2024,Swedish,12,young,91257
2024,Swedish,13,young,90889
2024,Swedish,14,young,94883
2024,Swedish,15,young,92355
2024,Swedish,16,young,91096
2024,Swedish,17,young,90090
2024,Swedish,18,young,90131
2024,Swedish,19,young,86836
2024,Swedish,20,working_age,86629
2024,Swedish,21,working_age,85391
2024,Swedish,22,working_age,82627
2024,Swedish,23,working_age,78597
2024,Swedish,24,working_age,77495
2024,Swedish,25,working_age,75348
2024,Swedish,26,working_age,75628
2024,Swedish,27,working_age,76428
2024,Swedish,28,working_age,80528
2024,Swedish,29,working_age,87143
2024,Swedish,30,working_age,95142
2024,Swedish,31,working_age,99787
2024,Swedish,32,working_age,105339
2024,Swedish,33,working_age,107256
2024,Swedish,34,working_age,108064
2024,Swedish,35,working_age,101565
2024,Swedish,36,working_age,98014
2024,Swedish,37,working_age,91558
2024,Swedish,38,working_age,89142
2024,Swedish,39,working_age,86040
2024,Swedish,40,working_age,81841
2024,Swedish,41,working_age,79887
2024,Swedish,42,working_age,80614
2024,Swedish,43,working_age,81058
2024,Swedish,44,working_age,83559
2024,Swedish,45,working_age,82764
2024,Swedish,46,working_age,80100
2024,Swedish,47,working_age,82793
2024,Swedish,48,working_age,84921
2024,Swedish,49,working_age,89916
2024,Swedish,50,working_age,95692
2024,Swedish,51,working_age,94957
2024,Swedish,52,working_age,96665
2024,Swedish,53,working_age,97403
2024,Swedish,54,working_age,93778
2024,Swedish,55,working_age,92451
2024,Swedish,56,working_age,97557
2024,Swedish,57,working_age,104233
2024,Swedish,58,working_age,105505
2024,Swedish,59,working_age,105269
2024,Swedish,60,working_age,104873
2024,Swedish,61,working_age,96174
2024,Swedish,62,working_age,90625
2024,Swedish,63,working_age,87741
2024,Swedish,64,working_age,85180
2024,Swedish,65,working_age,86996
2024,Swedish,66,elderly,86923
2024,Swedish,67,elderly,87035
2024,Swedish,68,elderly,87162
2024,Swedish,69,elderly,85419
2024,Swedish,70,elderly,82837
2024,Swedish,71,elderly,85358
2024,Swedish,72,elderly,84032
2024,Swedish,73,elderly,82033
2024,Swedish,74,elderly,84607
2024,Swedish,75,elderly,87119
2024,Swedish,76,elderly,88973
2024,Swedish,77,elderly,87731
2024,Swedish,78,elderly,87112
2024,Swedish,79,elderly,84769
2024,Swedish,80,elderly,80579
2024,Swedish,81,elderly,71994
2024,Swedish,82,elderly,63163
2024,Swedish,83,elderly,51156
2024,Swedish,84,elderly,45590
2024,Swedish,85,elderly,42610
2024,Swedish,86,elderly,37773
2024,Swedish,87,elderly,32122
2024,Swedish,88,elderly,28300
2024,Swedish,89,elderly,23361
2024,Swedish,90,elderly,19523
2024,Swedish,91,elderly,16555
2024,Swedish,92,elderly,14065
2024,Swedish,93,elderly,11231
2024,Swedish,94,elderly,8813
2024,Swedish,95,elderly,6531
2024,Swedish,96,elderly,4869
2024,Swedish,97,elderly,3457
2024,Swedish,98,elderly,2418
2024,Swedish,99,elderly,1641
2024,Swedish,100+,elderly,2567
2024,foreign,0,young,23286
2024,foreign,1,young,24510
2024,foreign,2,young,26570
2024,foreign,3,young,29195
2024,foreign,4,young,30457
2024,foreign,5,young,32131
2024,foreign,6,young,32282
2024,foreign,7,young,33118
2024,foreign,8,young,34372
2024,foreign,9,young,33614
2024,foreign,10,young,34323
2024,foreign,11,young,33863
2024,foreign,12,young,34692
2024,foreign,13,young,34226
2024,foreign,14,young,35205
2024,foreign,15,young,34480
2024,foreign,16,young,34985
2024,foreign,17,young,34391
2024,foreign,18,young,34337
2024,foreign,19,young,34330
2024,foreign,20,working_age,34327
2024,foreign,21,working_age,34432
2024,foreign,22,working_age,36205
2024,foreign,23,working_age,37935
2024,foreign,24,working_age,42477
2024,foreign,25,working_age,49363
2024,foreign,26,working_age,46210
2024,foreign,27,working_age,44466
2024,foreign,28,working_age,45625
2024,foreign,29,working_age,47887
2024,foreign,30,working_age,49317
2024,foreign,31,working_age,49947
2024,foreign,32,working_age,50743
2024,foreign,33,working_age,51818
2024,foreign,34,working_age,53621
2024,foreign,35,working_age,53530
2024,foreign,36,working_age,54457
2024,foreign,37,working_age,53644
2024,foreign,38,working_age,53907
2024,foreign,39,working_age,54180
2024,foreign,40,working_age,53129
2024,foreign,41,working_age,51891
2024,foreign,42,working_age,51249
2024,foreign,43,working_age,48299
2024,foreign,44,working_age,49887
2024,foreign,45,working_age,46324
2024,foreign,46,working_age,44739
2024,foreign,47,working_age,43158
2024,foreign,48,working_age,41771
2024,foreign,49,working_age,41069
2024,foreign,50,working_age,40309
2024,foreign,51,working_age,38099
2024,foreign,52,working_age,38284
2024,foreign,53,working_age,36485
2024,foreign,54,working_age,36491
2024,foreign,55,working_age,35162
2024,foreign,56,working_age,34532
2024,foreign,57,working_age,33243
2024,foreign,58,working_age,32269
2024,foreign,59,working_age,32076
2024,foreign,60,working_age,30919
2024,foreign,61,working_age,29854
2024,foreign,62,working_age,28908
2024,foreign,63,working_age,26847
2024,foreign,64,working_age,27361
2024,foreign,65,working_age,24882
2024,foreign,66,elderly,23555
2024,foreign,67,elderly,23351
2024,foreign,68,elderly,22197
2024,foreign,69,elderly,20886
2024,foreign,70,elderly,19966
2024,foreign,71,elderly,18331
2024,foreign,72,elderly,17411
2024,foreign,73,elderly,16316
2024,foreign,74,elderly,16302
2024,foreign,75,elderly,15318
2024,foreign,76,elderly,14636
2024,foreign,77,elderly,14061
2024,foreign,78,elderly,12656
2024,foreign,79,elderly,10868
2024,foreign,80,elderly,9659
2024,foreign,81,elderly,8780
2024,foreign,82,elderly,8047
2024,foreign,83,elderly,7994
2024,foreign,84,elderly,7139
2024,foreign,85,elderly,6475
2024,foreign,86,elderly,5738
2024,foreign,87,elderly,4833
2024,foreign,88,elderly,4223
2024,foreign,89,elderly,3582
2024,foreign,90,elderly,2962
2024,foreign,91,elderly,2248
2024,foreign,92,elderly,1869
2024,foreign,93,elderly,1543
2024,foreign,94,elderly,1322
2024,foreign,95,elderly,895
2024,foreign,96,elderly,643
2024,foreign,97,elderly,469
2024,foreign,98,elderly,295
2024,foreign,99,elderly,218
2024,foreign,100+,elderly,394
