year,background,age,sex,population
2002,Swedish,0,men,43441
2002,Swedish,1,men,41340
2002,Swedish,2,men,40710
2002,Swedish,3,men,39447
2002,Swedish,4,men,39901
2002,Swedish,5,men,40218
2002,Swedish,6,men,42064
2002,Swedish,7,men,45895
2002,Swedish,8,men,49888
2002,Swedish,9,men,52343
2002,Swedish,10,men,55869
2002,Swedish,11,men,57090
2002,Swedish,12,men,57398
2002,Swedish,13,men,54232
2002,Swedish,14,men,52562
2002,Swedish,15,men,48757
2002,Swedish,16,men,47755
2002,Swedish,17,men,46286
2002,Swedish,18,men,44092
2002,Swedish,19,men,43250
2002,Swedish,20,men,43489
2002,Swedish,21,men,43377
2002,Swedish,22,men,44888
2002,Swedish,23,men,44237
2002,Swedish,24,men,42853
2002,Swedish,25,men,44612
2002,Swedish,26,men,45301
2002,Swedish,27,men,47771
2002,Swedish,28,men,50875
2002,Swedish,29,men,50351
2002,Swedish,30,men,51246
2002,Swedish,31,men,51709
2002,Swedish,32,men,49595
2002,Swedish,33,men,49318
2002,Swedish,34,men,51654
2002,Swedish,35,men,55685
2002,Swedish,36,men,56448
2002,Swedish,37,men,56411
2002,Swedish,38,men,56130
2002,Swedish,39,men,51991
2002,Swedish,40,men,49030
2002,Swedish,41,men,47835
2002,Swedish,42,men,46513
2002,Swedish,43,men,48148
2002,Swedish,44,men,48238
2002,Swedish,45,men,48475
2002,Swedish,46,men,49726
2002,Swedish,47,men,48974
2002,Swedish,48,men,47916
2002,Swedish,49,men,50162
2002,Swedish,50,men,49943
2002,Swedish,51,men,49714
2002,Swedish,52,men,52186
2002,Swedish,53,men,54352
2002,Swedish,54,men,56284
2002,Swedish,55,men,57073
2002,Swedish,56,men,58393
2002,Swedish,57,men,58928
2002,Swedish,58,men,58093
2002,Swedish,59,men,53543
2002,Swedish,60,men,48705
2002,Swedish,61,men,41595
2002,Swedish,62,men,39463
2002,Swedish,63,men,39352
2002,Swedish,64,men,37393
2002,Swedish,65,men,35319
2002,Swedish,66,men,33915
2002,Swedish,67,men,32245
2002,Swedish,68,men,30614
2002,Swedish,69,men,29919
2002,Swedish,70,men,30552
2002,Swedish,71,men,29932
2002,Swedish,72,men,29481
2002,Swedish,73,men,28048
2002,Swedish,74,men,28258
2002,Swedish,75,men,26759
2002,Swedish,76,men,26404
2002,Swedish,77,men,26035
2002,Swedish,78,men,24785
2002,Swedish,79,men,24240
2002,Swedish,80,men,22355
2002,Swedish,81,men,22275
2002,Swedish,82,men,21563
2002,Swedish,83,men,16038
2002,Swedish,84,men,14122
2002,Swedish,85,men,12480
2002,Swedish,86,men,10772
2002,Swedish,87,men,8707
2002,Swedish,88,men,7579
2002,Swedish,89,men,6117
2002,Swedish,90,men,4734
2002,Swedish,91,men,3747
2002,Swedish,92,men,2739
2002,Swedish,93,men,2022
2002,Swedish,94,men,1297
2002,Swedish,95,men,954
2002,Swedish,96,men,601
2002,Swedish,97,men,341
2002,Swedish,98,men,197
2002,Swedish,99,men,132
2002,Swedish,100+,men,147
2002,Swedish,0,women,41153
2002,Swedish,1,women,38744
2002,Swedish,2,women,38265
2002,Swedish,3,women,37365
2002,Swedish,4,women,37381
2002,Swedish,5,women,37962
2002,Swedish,6,women,40301
2002,Swedish,7,women,43417
2002,Swedish,8,women,47882
2002,Swedish,9,women,50369
2002,Swedish,10,women,52793
2002,Swedish,11,women,53858
2002,Swedish,12,women,54644
2002,Swedish,13,women,51218
2002,Swedish,14,women,49497
2002,Swedish,15,women,46625
2002,Swedish,16,women,45413
2002,Swedish,17,women,43620
2002,Swedish,18,women,41654
2002,Swedish,19,women,40490
2002,Swedish,20,women,40910
2002,Swedish,21,women,41435
2002,Swedish,22,women,42415
2002,Swedish,23,women,41983
2002,Swedish,24,women,40619
2002,Swedish,25,women,41545
2002,Swedish,26,women,42666
2002,Swedish,27,women,45151
2002,Swedish,28,women,47905
2002,Swedish,29,women,47585
2002,Swedish,30,women,48129
2002,Swedish,31,women,48579
2002,Swedish,32,women,46945
2002,Swedish,33,women,46096
2002,Swedish,34,women,49125
2002,Swedish,35,women,52337
2002,Swedish,36,women,53286
2002,Swedish,37,women,53508
2002,Swedish,38,women,53871
2002,Swedish,39,women,49110
2002,Swedish,40,women,46955
2002,Swedish,41,women,45630
2002,Swedish,42,women,44934
2002,Swedish,43,women,45680
2002,Swedish,44,women,46232
2002,Swedish,45,women,47201
2002,Swedish,46,women,47107
2002,Swedish,47,women,47327
2002,Swedish,48,women,46292
2002,Swedish,49,women,48058
2002,Swedish,50,women,48047
2002,Swedish,51,women,47997
2002,Swedish,52,women,50045
2002,Swedish,53,women,52744
2002,Swedish,54,women,55215
2002,Swedish,55,women,55770
2002,Swedish,56,women,56925
2002,Swedish,57,women,56986
2002,Swedish,58,women,56498
2002,Swedish,59,women,52970
2002,Swedish,60,women,48095
2002,Swedish,61,women,41557
2002,Swedish,62,women,39687
2002,Swedish,63,women,39916
2002,Swedish,64,women,38411
2002,Swedish,65,women,36196
2002,Swedish,66,women,35469
2002,Swedish,67,women,33455
2002,Swedish,68,women,32939
2002,Swedish,69,women,32506
2002,Swedish,70,women,33781
2002,Swedish,71,women,33526
2002,Swedish,72,women,33944
2002,Swedish,73,women,32827
2002,Swedish,74,women,33806
2002,Swedish,75,women,32696
2002,Swedish,76,women,32945
2002,Swedish,77,women,33151
2002,Swedish,78,women,32815
2002,Swedish,79,women,32233
2002,Swedish,80,women,31464
2002,Swedish,81,women,32844
2002,Swedish,82,women,32705
2002,Swedish,83,women,25264
2002,Swedish,84,women,23494
2002,Swedish,85,women,22069
2002,Swedish,86,women,19712
2002,Swedish,87,women,17382
2002,Swedish,88,women,15597
2002,Swedish,89,women,13546
2002,Swedish,90,women,11585
2002,Swedish,91,women,9213
2002,Swedish,92,women,7425
2002,Swedish,93,women,5934
2002,Swedish,94,women,4384
2002,Swedish,95,women,3220
2002,Swedish,96,women,2295
2002,Swedish,97,women,1520
2002,Swedish,98,women,1018
2002,Swedish,99,women,666
2002,Swedish,100+,women,880
2002,foreign,0,men,5834
2002,foreign,1,men,6291
2002,foreign,2,men,6739
2002,foreign,3,men,6743
2002,foreign,4,men,7146
2002,foreign,5,men,7186
2002,foreign,6,men,7480
2002,foreign,7,men,8023
2002,foreign,8,men,8146
2002,foreign,9,men,8363
2002,foreign,10,men,8341
2002,foreign,11,men,8630
2002,foreign,12,men,8737
2002,foreign,13,men,8446
2002,foreign,14,men,8728
2002,foreign,15,men,8441
2002,foreign,16,men,8843
2002,foreign,17,men,8802
2002,foreign,18,men,8857
2002,foreign,19,men,8403
2002,foreign,20,men,8650
2002,foreign,21,men,8652
2002,foreign,22,men,9056
2002,foreign,23,men,8893
2002,foreign,24,men,9112
2002,foreign,25,men,9243
2002,foreign,26,men,9987
2002,foreign,27,men,10295
2002,foreign,28,men,10464
2002,foreign,29,men,10591
2002,foreign,30,men,11051
2002,foreign,31,men,11332
2002,foreign,32,men,11328
2002,foreign,33,men,11734
2002,foreign,34,men,12256
2002,foreign,35,men,12467
2002,foreign,36,men,12742
2002,foreign,37,men,13091
2002,foreign,38,men,13180
2002,foreign,39,men,12797
2002,foreign,40,men,12619
2002,foreign,41,men,11929
2002,foreign,42,men,12129
2002,foreign,43,men,11442
2002,foreign,44,men,11082
2002,foreign,45,men,11161
2002,foreign,46,men,10878
2002,foreign,47,men,10240
2002,foreign,48,men,10170
2002,foreign,49,men,9519
2002,foreign,50,men,9149
2002,foreign,51,men,8702
2002,foreign,52,men,8963
2002,foreign,53,men,8671
2002,foreign,54,men,8735
2002,foreign,55,men,8652
2002,foreign,56,men,8208
2002,foreign,57,men,7227
2002,foreign,58,men,6994
2002,foreign,59,men,6872
2002,foreign,60,men,6676
2002,foreign,61,men,6924
2002,foreign,62,men,6543
2002,foreign,63,men,6337
2002,foreign,64,men,5874
2002,foreign,65,men,5454
2002,foreign,66,men,4962
2002,foreign,67,men,4760
2002,foreign,68,men,4396
2002,foreign,69,men,3908
2002,foreign,70,men,3769
2002,foreign,71,men,3506
2002,foreign,72,men,3546
2002,foreign,73,men,3185
2002,foreign,74,men,2877
2002,foreign,75,men,2660
2002,foreign,76,men,2509
2002,foreign,77,men,2267
2002,foreign,78,men,2056
2002,foreign,79,men,1953
2002,foreign,80,men,1588
2002,foreign,81,men,1390
2002,foreign,82,men,1228
2002,foreign,83,men,928
2002,foreign,84,men,688
2002,foreign,85,men,566
2002,foreign,86,men,402
2002,foreign,87,men,409
2002,foreign,88,men,340
2002,foreign,89,men,258
2002,foreign,90,men,211
2002,foreign,91,men,181
2002,foreign,92,men,125
2002,foreign,93,men,73
2002,foreign,94,men,56
2002,foreign,95,men,32
2002,foreign,96,men,27
2002,foreign,97,men,16
2002,foreign,98,men,12
2002,foreign,99,men,12
2002,foreign,100+,men,23
2002,foreign,0,women,5598
2002,foreign,1,women,6311
2002,foreign,2,women,6466
2002,foreign,3,women,6766
2002,foreign,4,women,6858
2002,foreign,5,women,7014
2002,foreign,6,women,7230
2002,foreign,7,women,7584
2002,foreign,8,women,7857
2002,foreign,9,women,7814
2002,foreign,10,women,7927
2002,foreign,11,women,8066
2002,foreign,12,women,8137
2002,foreign,13,women,8082
2002,foreign,14,women,8135
2002,foreign,15,women,8252
2002,foreign,16,women,7987
2002,foreign,17,women,8204
2002,foreign,18,women,8150
2002,foreign,19,women,8345
2002,foreign,20,women,8643
2002,foreign,21,women,8932
2002,foreign,22,women,9528
2002,foreign,23,women,9588
2002,foreign,24,women,9744
2002,foreign,25,women,10182
2002,foreign,26,women,10578
2002,foreign,27,women,10987
2002,foreign,28,women,11320
2002,foreign,29,women,11339
2002,foreign,30,women,12001
2002,foreign,31,women,12116
2002,foreign,32,women,12409
2002,foreign,33,women,12410
2002,foreign,34,women,12578
2002,foreign,35,women,12433
2002,foreign,36,women,12353
2002,foreign,37,women,12390
2002,foreign,38,women,12494
2002,foreign,39,women,12194
2002,foreign,40,women,11938
2002,foreign,41,women,11685
2002,foreign,42,women,11983
2002,foreign,43,women,11453
2002,foreign,44,women,10895
2002,foreign,45,women,11247
2002,foreign,46,women,11006
2002,foreign,47,women,10624
2002,foreign,48,women,10423
2002,foreign,49,women,9968
2002,foreign,50,women,9821
2002,foreign,51,women,9461
2002,foreign,52,women,9608
2002,foreign,53,women,9504
2002,foreign,54,women,9295
2002,foreign,55,women,9152
2002,foreign,56,women,8530
2002,foreign,57,women,7553
2002,foreign,58,women,6716
2002,foreign,59,women,6439
2002,foreign,60,women,5911
2002,foreign,61,women,6664
2002,foreign,62,women,6113
2002,foreign,63,women,6404
2002,foreign,64,women,6159
2002,foreign,65,women,6116
2002,foreign,66,women,5879
2002,foreign,67,women,5709
2002,foreign,68,women,5616
2002,foreign,69,women,5115
2002,foreign,70,women,5238
2002,foreign,71,women,5145
2002,foreign,72,women,5413
2002,foreign,73,women,4874
2002,foreign,74,women,4803
2002,foreign,75,women,4393
2002,foreign,76,women,4225
2002,foreign,77,women,4064
2002,foreign,78,women,3701
2002,foreign,79,women,3375
2002,foreign,80,women,3093
2002,foreign,81,women,2741
2002,foreign,82,women,2449
2002,foreign,83,women,1811
2002,foreign,84,women,1616
2002,foreign,85,women,1368
2002,foreign,86,women,1132
2002,foreign,87,women,1048
2002,foreign,88,women,1062
2002,foreign,89,women,817
2002,foreign,90,women,664
2002,foreign,91,women,510
2002,foreign,92,women,404
2002,foreign,93,women,312
2002,foreign,94,women,237
2002,foreign,95,women,180
2002,foreign,96,women,120
2002,foreign,97,women,79
2002,foreign,98,women,52
2002,foreign,99,women,51
2002,foreign,100+,women,79
2003,Swedish,0,men,45042
2003,Swedish,1,men,43188
2003,Swedish,2,men,41231
2003,Swedish,3,men,40651
2003,Swedish,4,men,39415
2003,Swedish,5,men,39870
2003,Swedish,6,men,40172
2003,Swedish,7,men,42035
2003,Swedish,8,men,45887
2003,Swedish,9,men,49892
2003,Swedish,10,men,52345
2003,Swedish,11,men,55872
2003,Swedish,12,men,57074
2003,Swedish,13,men,57405
2003,Swedish,14,men,54248
2003,Swedish,15,men,52560
2003,Swedish,16,men,48776
2003,Swedish,17,men,47751
2003,Swedish,18,men,46290
2003,Swedish,19,men,44057
2003,Swedish,20,men,43192
2003,Swedish,21,men,43406
2003,Swedish,22,men,43304
2003,Swedish,23,men,44801
2003,Swedish,24,men,44156
2003,Swedish,25,men,42762
2003,Swedish,26,men,44442
2003,Swedish,27,men,45162
2003,Swedish,28,men,47657
2003,Swedish,29,men,50775
2003,Swedish,30,men,50264
2003,Swedish,31,men,51138
2003,Swedish,32,men,51658
2003,Swedish,33,men,49543
2003,Swedish,34,men,49277
2003,Swedish,35,men,51588
2003,Swedish,36,men,55625
2003,Swedish,37,men,56426
2003,Swedish,38,men,56354
2003,Swedish,39,men,56060
2003,Swedish,40,men,51950
2003,Swedish,41,men,48984
2003,Swedish,42,men,47781
2003,Swedish,43,men,46462
2003,Swedish,44,men,48078
2003,Swedish,45,men,48152
2003,Swedish,46,men,48387
2003,Swedish,47,men,49624
2003,Swedish,48,men,48847
2003,Swedish,49,men,47797
2003,Swedish,50,men,50010
2003,Swedish,51,men,49783
2003,Swedish,52,men,49566
2003,Swedish,53,men,51978
2003,Swedish,54,men,54120
2003,Swedish,55,men,56014
2003,Swedish,56,men,56780
2003,Swedish,57,men,58066
2003,Swedish,58,men,58594
2003,Swedish,59,men,57725
2003,Swedish,60,men,53154
2003,Swedish,61,men,48320
2003,Swedish,62,men,41138
2003,Swedish,63,men,39062
2003,Swedish,64,men,38915
2003,Swedish,65,men,36879
2003,Swedish,66,men,34790
2003,Swedish,67,men,33377
2003,Swedish,68,men,31687
2003,Swedish,69,men,30010
2003,Swedish,70,men,29249
2003,Swedish,71,men,29781
2003,Swedish,72,men,29124
2003,Swedish,73,men,28565
2003,Swedish,74,men,27097
2003,Swedish,75,men,27269
2003,Swedish,76,men,25661
2003,Swedish,77,men,25131
2003,Swedish,78,men,24707
2003,Swedish,79,men,23385
2003,Swedish,80,men,22631
2003,Swedish,81,men,20723
2003,Swedish,82,men,20369
2003,Swedish,83,men,19579
2003,Swedish,84,men,14350
2003,Swedish,85,men,12534
2003,Swedish,86,men,10851
2003,Swedish,87,men,9233
2003,Swedish,88,men,7300
2003,Swedish,89,men,6232
2003,Swedish,90,men,4979
2003,Swedish,91,men,3779
2003,Swedish,92,men,2842
2003,Swedish,93,men,2059
2003,Swedish,94,men,1478
2003,Swedish,95,men,926
2003,Swedish,96,men,644
2003,Swedish,97,men,368
2003,Swedish,98,men,216
2003,Swedish,99,men,126
2003,Swedish,100+,men,161
2003,Swedish,0,women,42318
2003,Swedish,1,women,40872
2003,Swedish,2,women,38626
2003,Swedish,3,women,38206
2003,Swedish,4,women,37321
2003,Swedish,5,women,37360
2003,Swedish,6,women,37935
2003,Swedish,7,women,40300
2003,Swedish,8,women,43408
2003,Swedish,9,women,47873
2003,Swedish,10,women,50374
2003,Swedish,11,women,52774
2003,Swedish,12,women,53879
2003,Swedish,13,women,54644
2003,Swedish,14,women,51214
2003,Swedish,15,women,49489
2003,Swedish,16,women,46625
2003,Swedish,17,women,45422
2003,Swedish,18,women,43646
2003,Swedish,19,women,41552
2003,Swedish,20,women,40471
2003,Swedish,21,women,40805
2003,Swedish,22,women,41283
2003,Swedish,23,women,42275
2003,Swedish,24,women,41827
2003,Swedish,25,women,40461
2003,Swedish,26,women,41366
2003,Swedish,27,women,42531
2003,Swedish,28,women,45002
2003,Swedish,29,women,47721
2003,Swedish,30,women,47511
2003,Swedish,31,women,48045
2003,Swedish,32,women,48513
2003,Swedish,33,women,46887
2003,Swedish,34,women,46071
2003,Swedish,35,women,49099
2003,Swedish,36,women,52324
2003,Swedish,37,women,53266
2003,Swedish,38,women,53461
2003,Swedish,39,women,53832
2003,Swedish,40,women,49086
2003,Swedish,41,women,46917
2003,Swedish,42,women,45580
2003,Swedish,43,women,44898
2003,Swedish,44,women,45645
2003,Swedish,45,women,46200
2003,Swedish,46,women,47160
2003,Swedish,47,women,47037
2003,Swedish,48,women,47264
2003,Swedish,49,women,46236
2003,Swedish,50,women,47974
2003,Swedish,51,women,47933
2003,Swedish,52,women,47898
2003,Swedish,53,women,49946
2003,Swedish,54,women,52616
2003,Swedish,55,women,55063
2003,Swedish,56,women,55603
2003,Swedish,57,women,56700
2003,Swedish,58,women,56760
2003,Swedish,59,women,56249
2003,Swedish,60,women,52723
2003,Swedish,61,women,47818
2003,Swedish,62,women,41296
2003,Swedish,63,women,39434
2003,Swedish,64,women,39631
2003,Swedish,65,women,38088
2003,Swedish,66,women,35918
2003,Swedish,67,women,35121
2003,Swedish,68,women,33103
2003,Swedish,69,women,32544
2003,Swedish,70,women,32066
2003,Swedish,71,women,33294
2003,Swedish,72,women,33019
2003,Swedish,73,women,33350
2003,Swedish,74,women,32224
2003,Swedish,75,women,33108
2003,Swedish,76,women,31882
2003,Swedish,77,women,32062
2003,Swedish,78,women,32148
2003,Swedish,79,women,31633
2003,Swedish,80,women,30919
2003,Swedish,81,women,29963
2003,Swedish,82,women,31120
2003,Swedish,83,women,30727
2003,Swedish,84,women,23556
2003,Swedish,85,women,21626
2003,Swedish,86,women,20113
2003,Swedish,87,women,17711
2003,Swedish,88,women,15365
2003,Swedish,89,women,13529
2003,Swedish,90,women,11546
2003,Swedish,91,women,9713
2003,Swedish,92,women,7551
2003,Swedish,93,women,5900
2003,Swedish,94,women,4612
2003,Swedish,95,women,3325
2003,Swedish,96,women,2345
2003,Swedish,97,women,1634
2003,Swedish,98,women,1037
2003,Swedish,99,women,661
2003,Swedish,100+,women,923
2003,foreign,0,men,6096
2003,foreign,1,men,6499
2003,foreign,2,men,6621
2003,foreign,3,men,7029
2003,foreign,4,men,7023
2003,foreign,5,men,7452
2003,foreign,6,men,7415
2003,foreign,7,men,7713
2003,foreign,8,men,8240
2003,foreign,9,men,8382
2003,foreign,10,men,8599
2003,foreign,11,men,8521
2003,foreign,12,men,8846
2003,foreign,13,men,8975
2003,foreign,14,men,8662
2003,foreign,15,men,8986
2003,foreign,16,men,8685
2003,foreign,17,men,9136
2003,foreign,18,men,9096
2003,foreign,19,men,9080
2003,foreign,20,men,8654
2003,foreign,21,men,9003
2003,foreign,22,men,9197
2003,foreign,23,men,9760
2003,foreign,24,men,9621
2003,foreign,25,men,9851
2003,foreign,26,men,9882
2003,foreign,27,men,10608
2003,foreign,28,men,10883
2003,foreign,29,men,10939
2003,foreign,30,men,11063
2003,foreign,31,men,11466
2003,foreign,32,men,11684
2003,foreign,33,men,11674
2003,foreign,34,men,11954
2003,foreign,35,men,12468
2003,foreign,36,men,12679
2003,foreign,37,men,12934
2003,foreign,38,men,13215
2003,foreign,39,men,13227
2003,foreign,40,men,12963
2003,foreign,41,men,12673
2003,foreign,42,men,11911
2003,foreign,43,men,12200
2003,foreign,44,men,11513
2003,foreign,45,men,11132
2003,foreign,46,men,11221
2003,foreign,47,men,10907
2003,foreign,48,men,10237
2003,foreign,49,men,10170
2003,foreign,50,men,9510
2003,foreign,51,men,9137
2003,foreign,52,men,8709
2003,foreign,53,men,8936
2003,foreign,54,men,8655
2003,foreign,55,men,8708
2003,foreign,56,men,8600
2003,foreign,57,men,8200
2003,foreign,58,men,7182
2003,foreign,59,men,6947
2003,foreign,60,men,6819
2003,foreign,61,men,6651
2003,foreign,62,men,6885
2003,foreign,63,men,6496
2003,foreign,64,men,6287
2003,foreign,65,men,5786
2003,foreign,66,men,5355
2003,foreign,67,men,4874
2003,foreign,68,men,4651
2003,foreign,69,men,4298
2003,foreign,70,men,3799
2003,foreign,71,men,3646
2003,foreign,72,men,3405
2003,foreign,73,men,3429
2003,foreign,74,men,3055
2003,foreign,75,men,2739
2003,foreign,76,men,2513
2003,foreign,77,men,2372
2003,foreign,78,men,2148
2003,foreign,79,men,1940
2003,foreign,80,men,1820
2003,foreign,81,men,1473
2003,foreign,82,men,1289
2003,foreign,83,men,1094
2003,foreign,84,men,831
2003,foreign,85,men,611
2003,foreign,86,men,501
2003,foreign,87,men,354
2003,foreign,88,men,350
2003,foreign,89,men,295
2003,foreign,90,men,217
2003,foreign,91,men,175
2003,foreign,92,men,140
2003,foreign,93,men,101
2003,foreign,94,men,57
2003,foreign,95,men,47
2003,foreign,96,men,22
2003,foreign,97,men,23
2003,foreign,98,men,11
2003,foreign,99,men,10
2003,foreign,100+,men,28
2003,foreign,0,women,5774
2003,foreign,1,women,6520
2003,foreign,2,women,6726
2003,foreign,3,women,6728
2003,foreign,4,women,7000
2003,foreign,5,women,7086
2003,foreign,6,women,7252
2003,foreign,7,women,7450
2003,foreign,8,women,7798
2003,foreign,9,women,8079
2003,foreign,10,women,8039
2003,foreign,11,women,8124
2003,foreign,12,women,8266
2003,foreign,13,women,8360
2003,foreign,14,women,8284
2003,foreign,15,women,8346
2003,foreign,16,women,8470
2003,foreign,17,women,8200
2003,foreign,18,women,8524
2003,foreign,19,women,8609
2003,foreign,20,women,8955
2003,foreign,21,women,9217
2003,foreign,22,women,9517
2003,foreign,23,women,10262
2003,foreign,24,women,10311
2003,foreign,25,women,10528
2003,foreign,26,women,10825
2003,foreign,27,women,11189
2003,foreign,28,women,11528
2003,foreign,29,women,11839
2003,foreign,30,women,11845
2003,foreign,31,women,12447
2003,foreign,32,women,12522
2003,foreign,33,women,12768
2003,foreign,34,women,12773
2003,foreign,35,women,12852
2003,foreign,36,women,12675
2003,foreign,37,women,12552
2003,foreign,38,women,12615
2003,foreign,39,women,12644
2003,foreign,40,women,12351
2003,foreign,41,women,12133
2003,foreign,42,women,11809
2003,foreign,43,women,12081
2003,foreign,44,women,11552
2003,foreign,45,women,10981
2003,foreign,46,women,11311
2003,foreign,47,women,11075
2003,foreign,48,women,10664
2003,foreign,49,women,10470
2003,foreign,50,women,10007
2003,foreign,51,women,9858
2003,foreign,52,women,9470
2003,foreign,53,women,9610
2003,foreign,54,women,9502
2003,foreign,55,women,9291
2003,foreign,56,women,9169
2003,foreign,57,women,8528
2003,foreign,58,women,7536
2003,foreign,59,women,6713
2003,foreign,60,women,6435
2003,foreign,61,women,5907
2003,foreign,62,women,6642
2003,foreign,63,women,6093
2003,foreign,64,women,6368
2003,foreign,65,women,6110
2003,foreign,66,women,6077
2003,foreign,67,women,5826
2003,foreign,68,women,5633
2003,foreign,69,women,5550
2003,foreign,70,women,5035
2003,foreign,71,women,5160
2003,foreign,72,women,5043
2003,foreign,73,women,5300
2003,foreign,74,women,4756
2003,foreign,75,women,4691
2003,foreign,76,women,4289
2003,foreign,77,women,4101
2003,foreign,78,women,3909
2003,foreign,79,women,3554
2003,foreign,80,women,3211
2003,foreign,81,women,2958
2003,foreign,82,women,2585
2003,foreign,83,women,2294
2003,foreign,84,women,1701
2003,foreign,85,women,1500
2003,foreign,86,women,1250
2003,foreign,87,women,999
2003,foreign,88,women,932
2003,foreign,89,women,945
2003,foreign,90,women,696
2003,foreign,91,women,577
2003,foreign,92,women,428
2003,foreign,93,women,319
2003,foreign,94,women,253
2003,foreign,95,women,184
2003,foreign,96,women,133
2003,foreign,97,women,83
2003,foreign,98,women,55
2003,foreign,99,women,42
2003,foreign,100+,women,88
2004,Swedish,0,men,45499
2004,Swedish,1,men,44694
2004,Swedish,2,men,43046
2004,Swedish,3,men,41167
2004,Swedish,4,men,40603
2004,Swedish,5,men,39379
2004,Swedish,6,men,39837
2004,Swedish,7,men,40152
2004,Swedish,8,men,42036
2004,Swedish,9,men,45864
2004,Swedish,10,men,49878
2004,Swedish,11,men,52330
2004,Swedish,12,men,55867
2004,Swedish,13,men,57068
2004,Swedish,14,men,57385
2004,Swedish,15,men,54244
2004,Swedish,16,men,52563
2004,Swedish,17,men,48763
2004,Swedish,18,men,47743
2004,Swedish,19,men,46278
2004,Swedish,20,men,44008
2004,Swedish,21,men,43151
2004,Swedish,22,men,43307
2004,Swedish,23,men,43250
2004,Swedish,24,men,44693
2004,Swedish,25,men,44058
2004,Swedish,26,men,42605
2004,Swedish,27,men,44292
2004,Swedish,28,men,45032
2004,Swedish,29,men,47506
2004,Swedish,30,men,50655
2004,Swedish,31,men,50113
2004,Swedish,32,men,51030
2004,Swedish,33,men,51600
2004,Swedish,34,men,49497
2004,Swedish,35,men,49205
2004,Swedish,36,men,51539
2004,Swedish,37,men,55593
2004,Swedish,38,men,56305
2004,Swedish,39,men,56293
2004,Swedish,40,men,55994
2004,Swedish,41,men,51877
2004,Swedish,42,men,48881
2004,Swedish,43,men,47708
2004,Swedish,44,men,46381
2004,Swedish,45,men,48016
2004,Swedish,46,men,48056
2004,Swedish,47,men,48287
2004,Swedish,48,men,49503
2004,Swedish,49,men,48712
2004,Swedish,50,men,47642
2004,Swedish,51,men,49830
2004,Swedish,52,men,49619
2004,Swedish,53,men,49396
2004,Swedish,54,men,51769
2004,Swedish,55,men,53852
2004,Swedish,56,men,55748
2004,Swedish,57,men,56415
2004,Swedish,58,men,57709
2004,Swedish,59,men,58204
2004,Swedish,60,men,57285
2004,Swedish,61,men,52694
2004,Swedish,62,men,47874
2004,Swedish,63,men,40744
2004,Swedish,64,men,38639
2004,Swedish,65,men,38420
2004,Swedish,66,men,36353
2004,Swedish,67,men,34246
2004,Swedish,68,men,32818
2004,Swedish,69,men,31065
2004,Swedish,70,men,29395
2004,Swedish,71,men,28534
2004,Swedish,72,men,29019
2004,Swedish,73,men,28308
2004,Swedish,74,men,27635
2004,Swedish,75,men,26161
2004,Swedish,76,men,26224
2004,Swedish,77,men,24520
2004,Swedish,78,men,23932
2004,Swedish,79,men,23385
2004,Swedish,80,men,21982
2004,Swedish,81,men,21063
2004,Swedish,82,men,19089
2004,Swedish,83,men,18672
2004,Swedish,84,men,17613
2004,Swedish,85,men,12805
2004,Swedish,86,men,10999
2004,Swedish,87,men,9391
2004,Swedish,88,men,7795
2004,Swedish,89,men,6043
2004,Swedish,90,men,5100
2004,Swedish,91,men,3966
2004,Swedish,92,men,2928
2004,Swedish,93,men,2149
2004,Swedish,94,men,1505
2004,Swedish,95,men,1065
2004,Swedish,96,men,639
2004,Swedish,97,men,439
2004,Swedish,98,men,241
2004,Swedish,99,men,124
2004,Swedish,100+,men,166
2004,Swedish,0,women,42990
2004,Swedish,1,women,42024
2004,Swedish,2,women,40766
2004,Swedish,3,women,38550
2004,Swedish,4,women,38166
2004,Swedish,5,women,37289
2004,Swedish,6,women,37312
2004,Swedish,7,women,37894
2004,Swedish,8,women,40266
2004,Swedish,9,women,43394
2004,Swedish,10,women,47864
2004,Swedish,11,women,50346
2004,Swedish,12,women,52765
2004,Swedish,13,women,53869
2004,Swedish,14,women,54644
2004,Swedish,15,women,51224
2004,Swedish,16,women,49500
2004,Swedish,17,women,46636
2004,Swedish,18,women,45419
2004,Swedish,19,women,43553
2004,Swedish,20,women,41497
2004,Swedish,21,women,40362
2004,Swedish,22,women,40711
2004,Swedish,23,women,41172
2004,Swedish,24,women,42195
2004,Swedish,25,women,41732
2004,Swedish,26,women,40337
2004,Swedish,27,women,41230
2004,Swedish,28,women,42375
2004,Swedish,29,women,44862
2004,Swedish,30,women,47624
2004,Swedish,31,women,47406
2004,Swedish,32,women,47967
2004,Swedish,33,women,48415
2004,Swedish,34,women,46811
2004,Swedish,35,women,46032
2004,Swedish,36,women,49050
2004,Swedish,37,women,52283
2004,Swedish,38,women,53204
2004,Swedish,39,women,53405
2004,Swedish,40,women,53787
2004,Swedish,41,women,49068
2004,Swedish,42,women,46869
2004,Swedish,43,women,45550
2004,Swedish,44,women,44859
2004,Swedish,45,women,45610
2004,Swedish,46,women,46160
2004,Swedish,47,women,47089
2004,Swedish,48,women,46955
2004,Swedish,49,women,47173
2004,Swedish,50,women,46131
2004,Swedish,51,women,47876
2004,Swedish,52,women,47851
2004,Swedish,53,women,47792
2004,Swedish,54,women,49811
2004,Swedish,55,women,52456
2004,Swedish,56,women,54874
2004,Swedish,57,women,55406
2004,Swedish,58,women,56451
2004,Swedish,59,women,56498
2004,Swedish,60,women,55955
2004,Swedish,61,women,52407
2004,Swedish,62,women,47544
2004,Swedish,63,women,41025
2004,Swedish,64,women,39153
2004,Swedish,65,women,39339
2004,Swedish,66,women,37804
2004,Swedish,67,women,35595
2004,Swedish,68,women,34798
2004,Swedish,69,women,32728
2004,Swedish,70,women,32154
2004,Swedish,71,women,31621
2004,Swedish,72,women,32792
2004,Swedish,73,women,32485
2004,Swedish,74,women,32710
2004,Swedish,75,women,31534
2004,Swedish,76,women,32384
2004,Swedish,77,women,31008
2004,Swedish,78,women,31115
2004,Swedish,79,women,31037
2004,Swedish,80,women,30440
2004,Swedish,81,women,29544
2004,Swedish,82,women,28458
2004,Swedish,83,women,29304
2004,Swedish,84,women,28737
2004,Swedish,85,women,21816
2004,Swedish,86,women,19653
2004,Swedish,87,women,18130
2004,Swedish,88,women,15741
2004,Swedish,89,women,13424
2004,Swedish,90,women,11558
2004,Swedish,91,women,9720
2004,Swedish,92,women,8032
2004,Swedish,93,women,6102
2004,Swedish,94,women,4633
2004,Swedish,95,women,3487
2004,Swedish,96,women,2471
2004,Swedish,97,women,1676
2004,Swedish,98,women,1132
2004,Swedish,99,women,702
2004,Swedish,100+,women,992
2004,foreign,0,men,6538
2004,foreign,1,men,6766
2004,foreign,2,men,6864
2004,foreign,3,men,6892
2004,foreign,4,men,7274
2004,foreign,5,men,7247
2004,foreign,6,men,7673
2004,foreign,7,men,7613
2004,foreign,8,men,7904
2004,foreign,9,men,8457
2004,foreign,10,men,8603
2004,foreign,11,men,8794
2004,foreign,12,men,8718
2004,foreign,13,men,9045
2004,foreign,14,men,9166
2004,foreign,15,men,8881
2004,foreign,16,men,9177
2004,foreign,17,men,8897
2004,foreign,18,men,9374
2004,foreign,19,men,9285
2004,foreign,20,men,9300
2004,foreign,21,men,8965
2004,foreign,22,men,9547
2004,foreign,23,men,9891
2004,foreign,24,men,10471
2004,foreign,25,men,10393
2004,foreign,26,men,10623
2004,foreign,27,men,10532
2004,foreign,28,men,11222
2004,foreign,29,men,11410
2004,foreign,30,men,11337
2004,foreign,31,men,11458
2004,foreign,32,men,11748
2004,foreign,33,men,11895
2004,foreign,34,men,11915
2004,foreign,35,men,12124
2004,foreign,36,men,12612
2004,foreign,37,men,12852
2004,foreign,38,men,12958
2004,foreign,39,men,13266
2004,foreign,40,men,13285
2004,foreign,41,men,13007
2004,foreign,42,men,12698
2004,foreign,43,men,11971
2004,foreign,44,men,12239
2004,foreign,45,men,11548
2004,foreign,46,men,11134
2004,foreign,47,men,11209
2004,foreign,48,men,10887
2004,foreign,49,men,10228
2004,foreign,50,men,10147
2004,foreign,51,men,9505
2004,foreign,52,men,9090
2004,foreign,53,men,8691
2004,foreign,54,men,8893
2004,foreign,55,men,8595
2004,foreign,56,men,8654
2004,foreign,57,men,8536
2004,foreign,58,men,8165
2004,foreign,59,men,7153
2004,foreign,60,men,6912
2004,foreign,61,men,6747
2004,foreign,62,men,6604
2004,foreign,63,men,6815
2004,foreign,64,men,6429
2004,foreign,65,men,6182
2004,foreign,66,men,5692
2004,foreign,67,men,5265
2004,foreign,68,men,4754
2004,foreign,69,men,4530
2004,foreign,70,men,4178
2004,foreign,71,men,3700
2004,foreign,72,men,3501
2004,foreign,73,men,3290
2004,foreign,74,men,3305
2004,foreign,75,men,2920
2004,foreign,76,men,2634
2004,foreign,77,men,2401
2004,foreign,78,men,2234
2004,foreign,79,men,2005
2004,foreign,80,men,1810
2004,foreign,81,men,1687
2004,foreign,82,men,1354
2004,foreign,83,men,1161
2004,foreign,84,men,983
2004,foreign,85,men,714
2004,foreign,86,men,542
2004,foreign,87,men,431
2004,foreign,88,men,294
2004,foreign,89,men,281
2004,foreign,90,men,244
2004,foreign,91,men,179
2004,foreign,92,men,139
2004,foreign,93,men,98
2004,foreign,94,men,77
2004,foreign,95,men,43
2004,foreign,96,men,36
2004,foreign,97,men,15
2004,foreign,98,men,18
2004,foreign,99,men,6
2004,foreign,100+,men,27
2004,foreign,0,women,6063
2004,foreign,1,women,6797
2004,foreign,2,women,6949
2004,foreign,3,women,6934
2004,foreign,4,women,6976
2004,foreign,5,women,7225
2004,foreign,6,women,7321
2004,foreign,7,women,7450
2004,foreign,8,women,7595
2004,foreign,9,women,8011
2004,foreign,10,women,8257
2004,foreign,11,women,8219
2004,foreign,12,women,8328
2004,foreign,13,women,8419
2004,foreign,14,women,8539
2004,foreign,15,women,8449
2004,foreign,16,women,8564
2004,foreign,17,women,8674
2004,foreign,18,women,8509
2004,foreign,19,women,8964
2004,foreign,20,women,9078
2004,foreign,21,women,9533
2004,foreign,22,women,9906
2004,foreign,23,women,10297
2004,foreign,24,women,10978
2004,foreign,25,women,11068
2004,foreign,26,women,11225
2004,foreign,27,women,11441
2004,foreign,28,women,11746
2004,foreign,29,women,12030
2004,foreign,30,women,12284
2004,foreign,31,women,12260
2004,foreign,32,women,12822
2004,foreign,33,women,12786
2004,foreign,34,women,13014
2004,foreign,35,women,12996
2004,foreign,36,women,13073
2004,foreign,37,women,12902
2004,foreign,38,women,12698
2004,foreign,39,women,12762
2004,foreign,40,women,12789
2004,foreign,41,women,12481
2004,foreign,42,women,12230
2004,foreign,43,women,11908
2004,foreign,44,women,12183
2004,foreign,45,women,11619
2004,foreign,46,women,11046
2004,foreign,47,women,11381
2004,foreign,48,women,11120
2004,foreign,49,women,10705
2004,foreign,50,women,10511
2004,foreign,51,women,10029
2004,foreign,52,women,9875
2004,foreign,53,women,9498
2004,foreign,54,women,9630
2004,foreign,55,women,9498
2004,foreign,56,women,9275
2004,foreign,57,women,9143
2004,foreign,58,women,8524
2004,foreign,59,women,7530
2004,foreign,60,women,6704
2004,foreign,61,women,6427
2004,foreign,62,women,5877
2004,foreign,63,women,6607
2004,foreign,64,women,6042
2004,foreign,65,women,6300
2004,foreign,66,women,6028
2004,foreign,67,women,6011
2004,foreign,68,women,5755
2004,foreign,69,women,5565
2004,foreign,70,women,5466
2004,foreign,71,women,4940
2004,foreign,72,women,5051
2004,foreign,73,women,4933
2004,foreign,74,women,5176
2004,foreign,75,women,4644
2004,foreign,76,women,4538
2004,foreign,77,women,4157
2004,foreign,78,women,3955
2004,foreign,79,women,3769
2004,foreign,80,women,3400
2004,foreign,81,women,3056
2004,foreign,82,women,2790
2004,foreign,83,women,2409
2004,foreign,84,women,2130
2004,foreign,85,women,1568
2004,foreign,86,women,1366
2004,foreign,87,women,1123
2004,foreign,88,women,892
2004,foreign,89,women,805
2004,foreign,90,women,810
2004,foreign,91,women,594
2004,foreign,92,women,489
2004,foreign,93,women,356
2004,foreign,94,women,255
2004,foreign,95,women,199
2004,foreign,96,women,132
2004,foreign,97,women,97
2004,foreign,98,women,65
2004,foreign,99,women,43
2004,foreign,100+,women,93
2005,Swedish,0,men,45488
2005,Swedish,1,men,45126
2005,Swedish,2,men,44546
2005,Swedish,3,men,42944
2005,Swedish,4,men,41083
2005,Swedish,5,men,40549
2005,Swedish,6,men,39329
2005,Swedish,7,men,39778
2005,Swedish,8,men,40132
2005,Swedish,9,men,41976
2005,Swedish,10,men,45844
2005,Swedish,11,men,49856
2005,Swedish,12,men,52305
2005,Swedish,13,men,55843
2005,Swedish,14,men,57052
2005,Swedish,15,men,57369
2005,Swedish,16,men,54229
2005,Swedish,17,men,52544
2005,Swedish,18,men,48755
2005,Swedish,19,men,47711
2005,Swedish,20,men,46195
2005,Swedish,21,men,43920
2005,Swedish,22,men,43055
2005,Swedish,23,men,43226
2005,Swedish,24,men,43149
2005,Swedish,25,men,44529
2005,Swedish,26,men,43900
2005,Swedish,27,men,42429
2005,Swedish,28,men,44121
2005,Swedish,29,men,44855
2005,Swedish,30,men,47339
2005,Swedish,31,men,50522
2005,Swedish,32,men,49976
2005,Swedish,33,men,50911
2005,Swedish,34,men,51490
2005,Swedish,35,men,49418
2005,Swedish,36,men,49112
2005,Swedish,37,men,51453
2005,Swedish,38,men,55510
2005,Swedish,39,men,56173
2005,Swedish,40,men,56173
2005,Swedish,41,men,55859
2005,Swedish,42,men,51798
2005,Swedish,43,men,48766
2005,Swedish,44,men,47600
2005,Swedish,45,men,46268
2005,Swedish,46,men,47893
2005,Swedish,47,men,47945
2005,Swedish,48,men,48155
2005,Swedish,49,men,49358
2005,Swedish,50,men,48552
2005,Swedish,51,men,47489
2005,Swedish,52,men,49672
2005,Swedish,53,men,49358
2005,Swedish,54,men,49158
2005,Swedish,55,men,51509
2005,Swedish,56,men,53563
2005,Swedish,57,men,55416
2005,Swedish,58,men,56073
2005,Swedish,59,men,57304
2005,Swedish,60,men,57740
2005,Swedish,61,men,56777
2005,Swedish,62,men,52222
2005,Swedish,63,men,47398
2005,Swedish,64,men,40296
2005,Swedish,65,men,38146
2005,Swedish,66,men,37876
2005,Swedish,67,men,35767
2005,Swedish,68,men,33676
2005,Swedish,69,men,32210
2005,Swedish,70,men,30422
2005,Swedish,71,men,28767
2005,Swedish,72,men,27845
2005,Swedish,73,men,28222
2005,Swedish,74,men,27378
2005,Swedish,75,men,26609
2005,Swedish,76,men,25186
2005,Swedish,77,men,25095
2005,Swedish,78,men,23330
2005,Swedish,79,men,22611
2005,Swedish,80,men,21925
2005,Swedish,81,men,20430
2005,Swedish,82,men,19494
2005,Swedish,83,men,17356
2005,Swedish,84,men,16882
2005,Swedish,85,men,15610
2005,Swedish,86,men,11252
2005,Swedish,87,men,9443
2005,Swedish,88,men,7920
2005,Swedish,89,men,6478
2005,Swedish,90,men,4902
2005,Swedish,91,men,4066
2005,Swedish,92,men,3100
2005,Swedish,93,men,2167
2005,Swedish,94,men,1523
2005,Swedish,95,men,1049
2005,Swedish,96,men,733
2005,Swedish,97,men,422
2005,Swedish,98,men,287
2005,Swedish,99,men,151
2005,Swedish,100+,men,181
2005,Swedish,0,women,43066
2005,Swedish,1,women,42678
2005,Swedish,2,women,41900
2005,Swedish,3,women,40679
2005,Swedish,4,women,38485
2005,Swedish,5,women,38097
2005,Swedish,6,women,37211
2005,Swedish,7,women,37279
2005,Swedish,8,women,37861
2005,Swedish,9,women,40247
2005,Swedish,10,women,43365
2005,Swedish,11,women,47848
2005,Swedish,12,women,50319
2005,Swedish,13,women,52753
2005,Swedish,14,women,53848
2005,Swedish,15,women,54622
2005,Swedish,16,women,51219
2005,Swedish,17,women,49494
2005,Swedish,18,women,46632
2005,Swedish,19,women,45308
2005,Swedish,20,women,43447
2005,Swedish,21,women,41336
2005,Swedish,22,women,40228
2005,Swedish,23,women,40604
2005,Swedish,24,women,41085
2005,Swedish,25,women,42041
2005,Swedish,26,women,41570
2005,Swedish,27,women,40217
2005,Swedish,28,women,41057
2005,Swedish,29,women,42237
2005,Swedish,30,women,44724
2005,Swedish,31,women,47439
2005,Swedish,32,women,47294
2005,Swedish,33,women,47896
2005,Swedish,34,women,48396
2005,Swedish,35,women,46775
2005,Swedish,36,women,45972
2005,Swedish,37,women,48983
2005,Swedish,38,women,52191
2005,Swedish,39,women,53155
2005,Swedish,40,women,53345
2005,Swedish,41,women,53718
2005,Swedish,42,women,48989
2005,Swedish,43,women,46816
2005,Swedish,44,women,45484
2005,Swedish,45,women,44803
2005,Swedish,46,women,45546
2005,Swedish,47,women,46106
2005,Swedish,48,women,47012
2005,Swedish,49,women,46864
2005,Swedish,50,women,47059
2005,Swedish,51,women,46013
2005,Swedish,52,women,47740
2005,Swedish,53,women,47732
2005,Swedish,54,women,47641
2005,Swedish,55,women,49647
2005,Swedish,56,women,52248
2005,Swedish,57,women,54636
2005,Swedish,58,women,55169
2005,Swedish,59,women,56224
2005,Swedish,60,women,56202
2005,Swedish,61,women,55648
2005,Swedish,62,women,52104
2005,Swedish,63,women,47231
2005,Swedish,64,women,40748
2005,Swedish,65,women,38822
2005,Swedish,66,women,38989
2005,Swedish,67,women,37432
2005,Swedish,68,women,35248
2005,Swedish,69,women,34444
2005,Swedish,70,women,32285
2005,Swedish,71,women,31699
2005,Swedish,72,women,31162
2005,Swedish,73,women,32239
2005,Swedish,74,women,31884
2005,Swedish,75,women,32022
2005,Swedish,76,women,30843
2005,Swedish,77,women,31504
2005,Swedish,78,women,30114
2005,Swedish,79,women,30038
2005,Swedish,80,women,29844
2005,Swedish,81,women,29145
2005,Swedish,82,women,28059
2005,Swedish,83,women,26779
2005,Swedish,84,women,27421
2005,Swedish,85,women,26602
2005,Swedish,86,women,19973
2005,Swedish,87,women,17718
2005,Swedish,88,women,16129
2005,Swedish,89,women,13764
2005,Swedish,90,women,11517
2005,Swedish,91,women,9746
2005,Swedish,92,women,7982
2005,Swedish,93,women,6414
2005,Swedish,94,women,4802
2005,Swedish,95,women,3551
2005,Swedish,96,women,2604
2005,Swedish,97,women,1793
2005,Swedish,98,women,1150
2005,Swedish,99,women,756
2005,Swedish,100+,women,1042
2005,foreign,0,men,6647
2005,foreign,1,men,7350
2005,foreign,2,men,7095
2005,foreign,3,men,7137
2005,foreign,4,men,7124
2005,foreign,5,men,7487
2005,foreign,6,men,7453
2005,foreign,7,men,7850
2005,foreign,8,men,7839
2005,foreign,9,men,8068
2005,foreign,10,men,8637
2005,foreign,11,men,8802
2005,foreign,12,men,8998
2005,foreign,13,men,8922
2005,foreign,14,men,9241
2005,foreign,15,men,9371
2005,foreign,16,men,9061
2005,foreign,17,men,9399
2005,foreign,18,men,9095
2005,foreign,19,men,9549
2005,foreign,20,men,9515
2005,foreign,21,men,9642
2005,foreign,22,men,9582
2005,foreign,23,men,10417
2005,foreign,24,men,10787
2005,foreign,25,men,11375
2005,foreign,26,men,11313
2005,foreign,27,men,11421
2005,foreign,28,men,11227
2005,foreign,29,men,11872
2005,foreign,30,men,12037
2005,foreign,31,men,11869
2005,foreign,32,men,11852
2005,foreign,33,men,12154
2005,foreign,34,men,12170
2005,foreign,35,men,12203
2005,foreign,36,men,12337
2005,foreign,37,men,12792
2005,foreign,38,men,13012
2005,foreign,39,men,13080
2005,foreign,40,men,13436
2005,foreign,41,men,13368
2005,foreign,42,men,13102
2005,foreign,43,men,12783
2005,foreign,44,men,12069
2005,foreign,45,men,12287
2005,foreign,46,men,11565
2005,foreign,47,men,11173
2005,foreign,48,men,11231
2005,foreign,49,men,10902
2005,foreign,50,men,10257
2005,foreign,51,men,10167
2005,foreign,52,men,9510
2005,foreign,53,men,9104
2005,foreign,54,men,8632
2005,foreign,55,men,8862
2005,foreign,56,men,8552
2005,foreign,57,men,8609
2005,foreign,58,men,8522
2005,foreign,59,men,8128
2005,foreign,60,men,7081
2005,foreign,61,men,6868
2005,foreign,62,men,6674
2005,foreign,63,men,6559
2005,foreign,64,men,6740
2005,foreign,65,men,6335
2005,foreign,66,men,6096
2005,foreign,67,men,5593
2005,foreign,68,men,5157
2005,foreign,69,men,4643
2005,foreign,70,men,4413
2005,foreign,71,men,4054
2005,foreign,72,men,3581
2005,foreign,73,men,3393
2005,foreign,74,men,3133
2005,foreign,75,men,3171
2005,foreign,76,men,2789
2005,foreign,77,men,2503
2005,foreign,78,men,2262
2005,foreign,79,men,2072
2005,foreign,80,men,1843
2005,foreign,81,men,1653
2005,foreign,82,men,1530
2005,foreign,83,men,1232
2005,foreign,84,men,1056
2005,foreign,85,men,881
2005,foreign,86,men,632
2005,foreign,87,men,463
2005,foreign,88,men,367
2005,foreign,89,men,245
2005,foreign,90,men,223
2005,foreign,91,men,186
2005,foreign,92,men,143
2005,foreign,93,men,109
2005,foreign,94,men,69
2005,foreign,95,men,61
2005,foreign,96,men,27
2005,foreign,97,men,28
2005,foreign,98,men,11
2005,foreign,99,men,14
2005,foreign,100+,men,24
2005,foreign,0,women,6354
2005,foreign,1,women,7037
2005,foreign,2,women,7257
2005,foreign,3,women,7211
2005,foreign,4,women,7138
2005,foreign,5,women,7203
2005,foreign,6,women,7390
2005,foreign,7,women,7502
2005,foreign,8,women,7646
2005,foreign,9,women,7790
2005,foreign,10,women,8192
2005,foreign,11,women,8418
2005,foreign,12,women,8394
2005,foreign,13,women,8501
2005,foreign,14,women,8606
2005,foreign,15,women,8743
2005,foreign,16,women,8643
2005,foreign,17,women,8769
2005,foreign,18,women,8926
2005,foreign,19,women,8941
2005,foreign,20,women,9478
2005,foreign,21,women,9656
2005,foreign,22,women,10221
2005,foreign,23,women,10663
2005,foreign,24,women,11062
2005,foreign,25,women,11798
2005,foreign,26,women,11825
2005,foreign,27,women,11854
2005,foreign,28,women,12104
2005,foreign,29,women,12316
2005,foreign,30,women,12576
2005,foreign,31,women,12723
2005,foreign,32,women,12609
2005,foreign,33,women,13222
2005,foreign,34,women,13077
2005,foreign,35,women,13302
2005,foreign,36,women,13247
2005,foreign,37,women,13297
2005,foreign,38,women,13105
2005,foreign,39,women,12898
2005,foreign,40,women,12955
2005,foreign,41,women,12917
2005,foreign,42,women,12597
2005,foreign,43,women,12377
2005,foreign,44,women,12012
2005,foreign,45,women,12304
2005,foreign,46,women,11675
2005,foreign,47,women,11132
2005,foreign,48,women,11451
2005,foreign,49,women,11183
2005,foreign,50,women,10755
2005,foreign,51,women,10545
2005,foreign,52,women,10048
2005,foreign,53,women,9896
2005,foreign,54,women,9490
2005,foreign,55,women,9625
2005,foreign,56,women,9515
2005,foreign,57,women,9262
2005,foreign,58,women,9108
2005,foreign,59,women,8510
2005,foreign,60,women,7524
2005,foreign,61,women,6679
2005,foreign,62,women,6392
2005,foreign,63,women,5843
2005,foreign,64,women,6556
2005,foreign,65,women,6016
2005,foreign,66,women,6231
2005,foreign,67,women,5950
2005,foreign,68,women,5936
2005,foreign,69,women,5694
2005,foreign,70,women,5507
2005,foreign,71,women,5383
2005,foreign,72,women,4864
2005,foreign,73,women,4949
2005,foreign,74,women,4835
2005,foreign,75,women,5053
2005,foreign,76,women,4520
2005,foreign,77,women,4378
2005,foreign,78,women,4015
2005,foreign,79,women,3823
2005,foreign,80,women,3603
2005,foreign,81,women,3226
2005,foreign,82,women,2911
2005,foreign,83,women,2597
2005,foreign,84,women,2235
2005,foreign,85,women,1966
2005,foreign,86,women,1427
2005,foreign,87,women,1241
2005,foreign,88,women,984
2005,foreign,89,women,781
2005,foreign,90,women,685
2005,foreign,91,women,682
2005,foreign,92,women,493
2005,foreign,93,women,408
2005,foreign,94,women,295
2005,foreign,95,women,200
2005,foreign,96,women,157
2005,foreign,97,women,102
2005,foreign,98,women,71
2005,foreign,99,women,45
2005,foreign,100+,women,95
2006,Swedish,0,men,47229
2006,Swedish,1,men,45118
2006,Swedish,2,men,44994
2006,Swedish,3,men,44479
2006,Swedish,4,men,42859
2006,Swedish,5,men,41008
2006,Swedish,6,men,40534
2006,Swedish,7,men,39276
2006,Swedish,8,men,39718
2006,Swedish,9,men,40102
2006,Swedish,10,men,41949
2006,Swedish,11,men,45818
2006,Swedish,12,men,49822
2006,Swedish,13,men,52289
2006,Swedish,14,men,55814
2006,Swedish,15,men,57051
2006,Swedish,16,men,57373
2006,Swedish,17,men,54212
2006,Swedish,18,men,52544
2006,Swedish,19,men,48707
2006,Swedish,20,men,47622
2006,Swedish,21,men,46080
2006,Swedish,22,men,43822
2006,Swedish,23,men,42942
2006,Swedish,24,men,43091
2006,Swedish,25,men,42980
2006,Swedish,26,men,44295
2006,Swedish,27,men,43692
2006,Swedish,28,men,42246
2006,Swedish,29,men,43946
2006,Swedish,30,men,44650
2006,Swedish,31,men,47182
2006,Swedish,32,men,50391
2006,Swedish,33,men,49834
2006,Swedish,34,men,50824
2006,Swedish,35,men,51391
2006,Swedish,36,men,49341
2006,Swedish,37,men,48963
2006,Swedish,38,men,51344
2006,Swedish,39,men,55391
2006,Swedish,40,men,56086
2006,Swedish,41,men,56060
2006,Swedish,42,men,55734
2006,Swedish,43,men,51733
2006,Swedish,44,men,48661
2006,Swedish,45,men,47532
2006,Swedish,46,men,46176
2006,Swedish,47,men,47778
2006,Swedish,48,men,47842
2006,Swedish,49,men,48022
2006,Swedish,50,men,49212
2006,Swedish,51,men,48375
2006,Swedish,52,men,47337
2006,Swedish,53,men,49462
2006,Swedish,54,men,49129
2006,Swedish,55,men,48899
2006,Swedish,56,men,51212
2006,Swedish,57,men,53262
2006,Swedish,58,men,55073
2006,Swedish,59,men,55701
2006,Swedish,60,men,56904
2006,Swedish,61,men,57279
2006,Swedish,62,men,56260
2006,Swedish,63,men,51674
2006,Swedish,64,men,46884
2006,Swedish,65,men,39795
2006,Swedish,66,men,37598
2006,Swedish,67,men,37312
2006,Swedish,68,men,35195
2006,Swedish,69,men,33107
2006,Swedish,70,men,31589
2006,Swedish,71,men,29757
2006,Swedish,72,men,28002
2006,Swedish,73,men,27112
2006,Swedish,74,men,27400
2006,Swedish,75,men,26429
2006,Swedish,76,men,25621
2006,Swedish,77,men,24109
2006,Swedish,78,men,23909
2006,Swedish,79,men,22048
2006,Swedish,80,men,21297
2006,Swedish,81,men,20417
2006,Swedish,82,men,18869
2006,Swedish,83,men,17886
2006,Swedish,84,men,15668
2006,Swedish,85,men,15059
2006,Swedish,86,men,13657
2006,Swedish,87,men,9790
2006,Swedish,88,men,7983
2006,Swedish,89,men,6608
2006,Swedish,90,men,5243
2006,Swedish,91,men,3909
2006,Swedish,92,men,3154
2006,Swedish,93,men,2330
2006,Swedish,94,men,1629
2006,Swedish,95,men,1095
2006,Swedish,96,men,742
2006,Swedish,97,men,478
2006,Swedish,98,men,278
2006,Swedish,99,men,169
2006,Swedish,100+,men,192
2006,Swedish,0,women,44666
2006,Swedish,1,women,42727
2006,Swedish,2,women,42526
2006,Swedish,3,women,41832
2006,Swedish,4,women,40589
2006,Swedish,5,women,38416
2006,Swedish,6,women,38057
2006,Swedish,7,women,37167
2006,Swedish,8,women,37233
2006,Swedish,9,women,37817
2006,Swedish,10,women,40233
2006,Swedish,11,women,43342
2006,Swedish,12,women,47843
2006,Swedish,13,women,50310
2006,Swedish,14,women,52741
2006,Swedish,15,women,53828
2006,Swedish,16,women,54623
2006,Swedish,17,women,51217
2006,Swedish,18,women,49499
2006,Swedish,19,women,46492
2006,Swedish,20,women,45163
2006,Swedish,21,women,43290
2006,Swedish,22,women,41184
2006,Swedish,23,women,40070
2006,Swedish,24,women,40437
2006,Swedish,25,women,40960
2006,Swedish,26,women,41843
2006,Swedish,27,women,41322
2006,Swedish,28,women,40002
2006,Swedish,29,women,40880
2006,Swedish,30,women,42064
2006,Swedish,31,women,44578
2006,Swedish,32,women,47308
2006,Swedish,33,women,47186
2006,Swedish,34,women,47828
2006,Swedish,35,women,48320
2006,Swedish,36,women,46694
2006,Swedish,37,women,45914
2006,Swedish,38,women,48916
2006,Swedish,39,women,52141
2006,Swedish,40,women,53076
2006,Swedish,41,women,53261
2006,Swedish,42,women,53642
2006,Swedish,43,women,48946
2006,Swedish,44,women,46777
2006,Swedish,45,women,45428
2006,Swedish,46,women,44734
2006,Swedish,47,women,45482
2006,Swedish,48,women,46026
2006,Swedish,49,women,46916
2006,Swedish,50,women,46805
2006,Swedish,51,women,46943
2006,Swedish,52,women,45891
2006,Swedish,53,women,47624
2006,Swedish,54,women,47554
2006,Swedish,55,women,47519
2006,Swedish,56,women,49472
2006,Swedish,57,women,52058
2006,Swedish,58,women,54437
2006,Swedish,59,women,54946
2006,Swedish,60,women,55937
2006,Swedish,61,women,55898
2006,Swedish,62,women,55323
2006,Swedish,63,women,51751
2006,Swedish,64,women,46939
2006,Swedish,65,women,40399
2006,Swedish,66,women,38512
2006,Swedish,67,women,38662
2006,Swedish,68,women,37058
2006,Swedish,69,women,34886
2006,Swedish,70,women,34012
2006,Swedish,71,women,31869
2006,Swedish,72,women,31232
2006,Swedish,73,women,30667
2006,Swedish,74,women,31616
2006,Swedish,75,women,31263
2006,Swedish,76,women,31285
2006,Swedish,77,women,30068
2006,Swedish,78,women,30578
2006,Swedish,79,women,29133
2006,Swedish,80,women,28907
2006,Swedish,81,women,28572
2006,Swedish,82,women,27724
2006,Swedish,83,women,26483
2006,Swedish,84,women,25004
2006,Swedish,85,women,25318
2006,Swedish,86,women,24401
2006,Swedish,87,women,18090
2006,Swedish,88,women,15816
2006,Swedish,89,women,14042
2006,Swedish,90,women,11878
2006,Swedish,91,women,9704
2006,Swedish,92,women,7966
2006,Swedish,93,women,6422
2006,Swedish,94,women,5057
2006,Swedish,95,women,3618
2006,Swedish,96,women,2578
2006,Swedish,97,women,1860
2006,Swedish,98,women,1255
2006,Swedish,99,women,751
2006,Swedish,100+,women,1105
2006,foreign,0,men,7455
2006,foreign,1,men,7612
2006,foreign,2,men,7931
2006,foreign,3,men,7578
2006,foreign,4,men,7613
2006,foreign,5,men,7498
2006,foreign,6,men,7975
2006,foreign,7,men,7834
2006,foreign,8,men,8291
2006,foreign,9,men,8255
2006,foreign,10,men,8487
2006,foreign,11,men,9111
2006,foreign,12,men,9203
2006,foreign,13,men,9419
2006,foreign,14,men,9352
2006,foreign,15,men,9621
2006,foreign,16,men,9799
2006,foreign,17,men,9517
2006,foreign,18,men,9820
2006,foreign,19,men,9533
2006,foreign,20,men,10111
2006,foreign,21,men,10345
2006,foreign,22,men,10681
2006,foreign,23,men,10945
2006,foreign,24,men,11858
2006,foreign,25,men,12091
2006,foreign,26,men,12803
2006,foreign,27,men,12508
2006,foreign,28,men,12511
2006,foreign,29,men,12237
2006,foreign,30,men,12822
2006,foreign,31,men,12772
2006,foreign,32,men,12689
2006,foreign,33,men,12490
2006,foreign,34,men,12865
2006,foreign,35,men,12717
2006,foreign,36,men,12826
2006,foreign,37,men,12767
2006,foreign,38,men,13178
2006,foreign,39,men,13391
2006,foreign,40,men,13395
2006,foreign,41,men,13747
2006,foreign,42,men,13611
2006,foreign,43,men,13355
2006,foreign,44,men,13005
2006,foreign,45,men,12225
2006,foreign,46,men,12524
2006,foreign,47,men,11678
2006,foreign,48,men,11274
2006,foreign,49,men,11354
2006,foreign,50,men,11013
2006,foreign,51,men,10349
2006,foreign,52,men,10190
2006,foreign,53,men,9510
2006,foreign,54,men,9138
2006,foreign,55,men,8668
2006,foreign,56,men,8892
2006,foreign,57,men,8528
2006,foreign,58,men,8564
2006,foreign,59,men,8490
2006,foreign,60,men,8069
2006,foreign,61,men,7033
2006,foreign,62,men,6806
2006,foreign,63,men,6638
2006,foreign,64,men,6527
2006,foreign,65,men,6631
2006,foreign,66,men,6246
2006,foreign,67,men,6028
2006,foreign,68,men,5529
2006,foreign,69,men,5047
2006,foreign,70,men,4519
2006,foreign,71,men,4310
2006,foreign,72,men,3940
2006,foreign,73,men,3473
2006,foreign,74,men,3292
2006,foreign,75,men,2995
2006,foreign,76,men,3060
2006,foreign,77,men,2648
2006,foreign,78,men,2380
2006,foreign,79,men,2129
2006,foreign,80,men,1954
2006,foreign,81,men,1705
2006,foreign,82,men,1509
2006,foreign,83,men,1407
2006,foreign,84,men,1108
2006,foreign,85,men,945
2006,foreign,86,men,766
2006,foreign,87,men,554
2006,foreign,88,men,394
2006,foreign,89,men,315
2006,foreign,90,men,205
2006,foreign,91,men,179
2006,foreign,92,men,155
2006,foreign,93,men,104
2006,foreign,94,men,83
2006,foreign,95,men,49
2006,foreign,96,men,44
2006,foreign,97,men,18
2006,foreign,98,men,26
2006,foreign,99,men,9
2006,foreign,100+,men,27
2006,foreign,0,women,6928
2006,foreign,1,women,7456
2006,foreign,2,women,7640
2006,foreign,3,women,7690
2006,foreign,4,women,7661
2006,foreign,5,women,7531
2006,foreign,6,women,7631
2006,foreign,7,women,7739
2006,foreign,8,women,7882
2006,foreign,9,women,8057
2006,foreign,10,women,8180
2006,foreign,11,women,8612
2006,foreign,12,women,8816
2006,foreign,13,women,8776
2006,foreign,14,women,8866
2006,foreign,15,women,8951
2006,foreign,16,women,9122
2006,foreign,17,women,9019
2006,foreign,18,women,9208
2006,foreign,19,women,9586
2006,foreign,20,women,9722
2006,foreign,21,women,10366
2006,foreign,22,women,10721
2006,foreign,23,women,11346
2006,foreign,24,women,11781
2006,foreign,25,women,12143
2006,foreign,26,women,12904
2006,foreign,27,women,12680
2006,foreign,28,women,12753
2006,foreign,29,women,12938
2006,foreign,30,women,13046
2006,foreign,31,women,13248
2006,foreign,32,women,13321
2006,foreign,33,women,13216
2006,foreign,34,women,13731
2006,foreign,35,women,13536
2006,foreign,36,women,13808
2006,foreign,37,women,13699
2006,foreign,38,women,13657
2006,foreign,39,women,13453
2006,foreign,40,women,13208
2006,foreign,41,women,13245
2006,foreign,42,women,13194
2006,foreign,43,women,12906
2006,foreign,44,women,12620
2006,foreign,45,women,12216
2006,foreign,46,women,12517
2006,foreign,47,women,11864
2006,foreign,48,women,11283
2006,foreign,49,women,11574
2006,foreign,50,women,11259
2006,foreign,51,women,10859
2006,foreign,52,women,10596
2006,foreign,53,women,10124
2006,foreign,54,women,9925
2006,foreign,55,women,9545
2006,foreign,56,women,9689
2006,foreign,57,women,9534
2006,foreign,58,women,9274
2006,foreign,59,women,9094
2006,foreign,60,women,8503
2006,foreign,61,women,7501
2006,foreign,62,women,6684
2006,foreign,63,women,6398
2006,foreign,64,women,5841
2006,foreign,65,women,6514
2006,foreign,66,women,5991
2006,foreign,67,women,6222
2006,foreign,68,women,5913
2006,foreign,69,women,5909
2006,foreign,70,women,5651
2006,foreign,71,women,5428
2006,foreign,72,women,5286
2006,foreign,73,women,4780
2006,foreign,74,women,4859
2006,foreign,75,women,4734
2006,foreign,76,women,4955
2006,foreign,77,women,4385
2006,foreign,78,women,4226
2006,foreign,79,women,3880
2006,foreign,80,women,3653
2006,foreign,81,women,3438
2006,foreign,82,women,3059
2006,foreign,83,women,2741
2006,foreign,84,women,2410
2006,foreign,85,women,2076
2006,foreign,86,women,1785
2006,foreign,87,women,1295
2006,foreign,88,women,1088
2006,foreign,89,women,864
2006,foreign,90,women,667
2006,foreign,91,women,580
2006,foreign,92,women,578
2006,foreign,93,women,417
2006,foreign,94,women,329
2006,foreign,95,women,223
2006,foreign,96,women,160
2006,foreign,97,women,119
2006,foreign,98,women,75
2006,foreign,99,women,54
2006,foreign,100+,women,83
2007,Swedish,0,men,47422
2007,Swedish,1,men,46855
2007,Swedish,2,men,44957
2007,Swedish,3,men,44887
2007,Swedish,4,men,44415
2007,Swedish,5,men,42808
2007,Swedish,6,men,40977
2007,Swedish,7,men,40479
2007,Swedish,8,men,39256
2007,Swedish,9,men,39705
2007,Swedish,10,men,40082
2007,Swedish,11,men,41926
2007,Swedish,12,men,45820
2007,Swedish,13,men,49801
2007,Swedish,14,men,52266
2007,Swedish,15,men,55824
2007,Swedish,16,men,57071
2007,Swedish,17,men,57354
2007,Swedish,18,men,54204
2007,Swedish,19,men,52483
2007,Swedish,20,men,48572
2007,Swedish,21,men,47485
2007,Swedish,22,men,45921
2007,Swedish,23,men,43671
2007,Swedish,24,men,42788
2007,Swedish,25,men,42887
2007,Swedish,26,men,42729
2007,Swedish,27,men,44061
2007,Swedish,28,men,43495
2007,Swedish,29,men,42102
2007,Swedish,30,men,43803
2007,Swedish,31,men,44525
2007,Swedish,32,men,47043
2007,Swedish,33,men,50296
2007,Swedish,34,men,49758
2007,Swedish,35,men,50747
2007,Swedish,36,men,51293
2007,Swedish,37,men,49244
2007,Swedish,38,men,48898
2007,Swedish,39,men,51280
2007,Swedish,40,men,55282
2007,Swedish,41,men,56021
2007,Swedish,42,men,55947
2007,Swedish,43,men,55621
2007,Swedish,44,men,51614
2007,Swedish,45,men,48545
2007,Swedish,46,men,47426
2007,Swedish,47,men,46065
2007,Swedish,48,men,47680
2007,Swedish,49,men,47724
2007,Swedish,50,men,47888
2007,Swedish,51,men,49029
2007,Swedish,52,men,48169
2007,Swedish,53,men,47157
2007,Swedish,54,men,49269
2007,Swedish,55,men,48917
2007,Swedish,56,men,48665
2007,Swedish,57,men,50922
2007,Swedish,58,men,52957
2007,Swedish,59,men,54710
2007,Swedish,60,men,55286
2007,Swedish,61,men,56482
2007,Swedish,62,men,56769
2007,Swedish,63,men,55697
2007,Swedish,64,men,51090
2007,Swedish,65,men,46330
2007,Swedish,66,men,39266
2007,Swedish,67,men,37039
2007,Swedish,68,men,36722
2007,Swedish,69,men,34627
2007,Swedish,70,men,32462
2007,Swedish,71,men,30969
2007,Swedish,72,men,29093
2007,Swedish,73,men,27269
2007,Swedish,74,men,26364
2007,Swedish,75,men,26536
2007,Swedish,76,men,25424
2007,Swedish,77,men,24618
2007,Swedish,78,men,22941
2007,Swedish,79,men,22721
2007,Swedish,80,men,20760
2007,Swedish,81,men,19902
2007,Swedish,82,men,18864
2007,Swedish,83,men,17281
2007,Swedish,84,men,16243
2007,Swedish,85,men,14014
2007,Swedish,86,men,13283
2007,Swedish,87,men,11880
2007,Swedish,88,men,8365
2007,Swedish,89,men,6694
2007,Swedish,90,men,5360
2007,Swedish,91,men,4181
2007,Swedish,92,men,3027
2007,Swedish,93,men,2385
2007,Swedish,94,men,1659
2007,Swedish,95,men,1150
2007,Swedish,96,men,719
2007,Swedish,97,men,518
2007,Swedish,98,men,306
2007,Swedish,99,men,172
2007,Swedish,100+,men,202
2007,Swedish,0,women,44806
2007,Swedish,1,women,44328
2007,Swedish,2,women,42563
2007,Swedish,3,women,42378
2007,Swedish,4,women,41747
2007,Swedish,5,women,40518
2007,Swedish,6,women,38380
2007,Swedish,7,women,38007
2007,Swedish,8,women,37131
2007,Swedish,9,women,37210
2007,Swedish,10,women,37795
2007,Swedish,11,women,40218
2007,Swedish,12,women,43346
2007,Swedish,13,women,47807
2007,Swedish,14,women,50305
2007,Swedish,15,women,52733
2007,Swedish,16,women,53841
2007,Swedish,17,women,54622
2007,Swedish,18,women,51222
2007,Swedish,19,women,49370
2007,Swedish,20,women,46345
2007,Swedish,21,women,44959
2007,Swedish,22,women,43120
2007,Swedish,23,women,41050
2007,Swedish,24,women,39921
2007,Swedish,25,women,40300
2007,Swedish,26,women,40783
2007,Swedish,27,women,41629
2007,Swedish,28,women,41123
2007,Swedish,29,women,39842
2007,Swedish,30,women,40768
2007,Swedish,31,women,41952
2007,Swedish,32,women,44473
2007,Swedish,33,women,47276
2007,Swedish,34,women,47110
2007,Swedish,35,women,47784
2007,Swedish,36,women,48251
2007,Swedish,37,women,46650
2007,Swedish,38,women,45853
2007,Swedish,39,women,48856
2007,Swedish,40,women,52075
2007,Swedish,41,women,53017
2007,Swedish,42,women,53193
2007,Swedish,43,women,53595
2007,Swedish,44,women,48899
2007,Swedish,45,women,46707
2007,Swedish,46,women,45384
2007,Swedish,47,women,44662
2007,Swedish,48,women,45435
2007,Swedish,49,women,45967
2007,Swedish,50,women,46812
2007,Swedish,51,women,46725
2007,Swedish,52,women,46847
2007,Swedish,53,women,45770
2007,Swedish,54,women,47508
2007,Swedish,55,women,47426
2007,Swedish,56,women,47364
2007,Swedish,57,women,49330
2007,Swedish,58,women,51851
2007,Swedish,59,women,54206
2007,Swedish,60,women,54681
2007,Swedish,61,women,55680
2007,Swedish,62,women,55608
2007,Swedish,63,women,54990
2007,Swedish,64,women,51407
2007,Swedish,65,women,46564
2007,Swedish,66,women,40045
2007,Swedish,67,women,38157
2007,Swedish,68,women,38273
2007,Swedish,69,women,36680
2007,Swedish,70,women,34472
2007,Swedish,71,women,33588
2007,Swedish,72,women,31410
2007,Swedish,73,women,30729
2007,Swedish,74,women,30145
2007,Swedish,75,women,30971
2007,Swedish,76,women,30557
2007,Swedish,77,women,30439
2007,Swedish,78,women,29185
2007,Swedish,79,women,29535
2007,Swedish,80,women,28048
2007,Swedish,81,women,27631
2007,Swedish,82,women,27166
2007,Swedish,83,women,26136
2007,Swedish,84,women,24820
2007,Swedish,85,women,23083
2007,Swedish,86,women,23207
2007,Swedish,87,women,21979
2007,Swedish,88,women,16062
2007,Swedish,89,women,13719
2007,Swedish,90,women,12082
2007,Swedish,91,women,9993
2007,Swedish,92,women,8017
2007,Swedish,93,women,6320
2007,Swedish,94,women,5001
2007,Swedish,95,women,3843
2007,Swedish,96,women,2644
2007,Swedish,97,women,1820
2007,Swedish,98,women,1255
2007,Swedish,99,women,851
2007,Swedish,100+,women,1145
2007,foreign,0,men,8005
2007,foreign,1,men,8387
2007,foreign,2,men,8183
2007,foreign,3,men,8481
2007,foreign,4,men,8002
2007,foreign,5,men,8001
2007,foreign,6,men,7969
2007,foreign,7,men,8385
2007,foreign,8,men,8260
2007,foreign,9,men,8691
2007,foreign,10,men,8694
2007,foreign,11,men,8952
2007,foreign,12,men,9524
2007,foreign,13,men,9606
2007,foreign,14,men,9779
2007,foreign,15,men,9756
2007,foreign,16,men,10210
2007,foreign,17,men,10528
2007,foreign,18,men,10077
2007,foreign,19,men,10241
2007,foreign,20,men,10072
2007,foreign,21,men,10850
2007,foreign,22,men,11402
2007,foreign,23,men,12110
2007,foreign,24,men,12500
2007,foreign,25,men,13346
2007,foreign,26,men,13491
2007,foreign,27,men,14084
2007,foreign,28,men,13741
2007,foreign,29,men,13608
2007,foreign,30,men,13213
2007,foreign,31,men,13700
2007,foreign,32,men,13663
2007,foreign,33,men,13435
2007,foreign,34,men,13150
2007,foreign,35,men,13498
2007,foreign,36,men,13281
2007,foreign,37,men,13391
2007,foreign,38,men,13231
2007,foreign,39,men,13644
2007,foreign,40,men,13787
2007,foreign,41,men,13776
2007,foreign,42,men,14040
2007,foreign,43,men,13866
2007,foreign,44,men,13636
2007,foreign,45,men,13268
2007,foreign,46,men,12439
2007,foreign,47,men,12722
2007,foreign,48,men,11824
2007,foreign,49,men,11381
2007,foreign,50,men,11491
2007,foreign,51,men,11105
2007,foreign,52,men,10400
2007,foreign,53,men,10254
2007,foreign,54,men,9533
2007,foreign,55,men,9157
2007,foreign,56,men,8657
2007,foreign,57,men,8898
2007,foreign,58,men,8494
2007,foreign,59,men,8547
2007,foreign,60,men,8472
2007,foreign,61,men,8040
2007,foreign,62,men,7016
2007,foreign,63,men,6767
2007,foreign,64,men,6571
2007,foreign,65,men,6460
2007,foreign,66,men,6532
2007,foreign,67,men,6176
2007,foreign,68,men,5909
2007,foreign,69,men,5436
2007,foreign,70,men,4935
2007,foreign,71,men,4410
2007,foreign,72,men,4202
2007,foreign,73,men,3805
2007,foreign,74,men,3354
2007,foreign,75,men,3186
2007,foreign,76,men,2872
2007,foreign,77,men,2932
2007,foreign,78,men,2507
2007,foreign,79,men,2245
2007,foreign,80,men,1963
2007,foreign,81,men,1798
2007,foreign,82,men,1576
2007,foreign,83,men,1381
2007,foreign,84,men,1260
2007,foreign,85,men,981
2007,foreign,86,men,838
2007,foreign,87,men,657
2007,foreign,88,men,464
2007,foreign,89,men,333
2007,foreign,90,men,267
2007,foreign,91,men,170
2007,foreign,92,men,138
2007,foreign,93,men,124
2007,foreign,94,men,79
2007,foreign,95,men,66
2007,foreign,96,men,35
2007,foreign,97,men,30
2007,foreign,98,men,11
2007,foreign,99,men,16
2007,foreign,100+,men,23
2007,foreign,0,women,7524
2007,foreign,1,women,7961
2007,foreign,2,women,8094
2007,foreign,3,women,8152
2007,foreign,4,women,8158
2007,foreign,5,women,8084
2007,foreign,6,women,7925
2007,foreign,7,women,8048
2007,foreign,8,women,8123
2007,foreign,9,women,8281
2007,foreign,10,women,8448
2007,foreign,11,women,8569
2007,foreign,12,women,8972
2007,foreign,13,women,9144
2007,foreign,14,women,9136
2007,foreign,15,women,9187
2007,foreign,16,women,9301
2007,foreign,17,women,9492
2007,foreign,18,women,9547
2007,foreign,19,women,9965
2007,foreign,20,women,10371
2007,foreign,21,women,10547
2007,foreign,22,women,11351
2007,foreign,23,women,11911
2007,foreign,24,women,12580
2007,foreign,25,women,12936
2007,foreign,26,women,13242
2007,foreign,27,women,13913
2007,foreign,28,women,13606
2007,foreign,29,women,13534
2007,foreign,30,women,13667
2007,foreign,31,women,13799
2007,foreign,32,women,13899
2007,foreign,33,women,13902
2007,foreign,34,women,13769
2007,foreign,35,women,14240
2007,foreign,36,women,14034
2007,foreign,37,women,14226
2007,foreign,38,women,14091
2007,foreign,39,women,14000
2007,foreign,40,women,13747
2007,foreign,41,women,13492
2007,foreign,42,women,13544
2007,foreign,43,women,13418
2007,foreign,44,women,13117
2007,foreign,45,women,12863
2007,foreign,46,women,12405
2007,foreign,47,women,12694
2007,foreign,48,women,12015
2007,foreign,49,women,11422
2007,foreign,50,women,11668
2007,foreign,51,women,11383
2007,foreign,52,women,10948
2007,foreign,53,women,10667
2007,foreign,54,women,10179
2007,foreign,55,women,10000
2007,foreign,56,women,9585
2007,foreign,57,women,9732
2007,foreign,58,women,9567
2007,foreign,59,women,9277
2007,foreign,60,women,9089
2007,foreign,61,women,8502
2007,foreign,62,women,7489
2007,foreign,63,women,6681
2007,foreign,64,women,6386
2007,foreign,65,women,5793
2007,foreign,66,women,6445
2007,foreign,67,women,5979
2007,foreign,68,women,6185
2007,foreign,69,women,5868
2007,foreign,70,women,5838
2007,foreign,71,women,5586
2007,foreign,72,women,5337
2007,foreign,73,women,5175
2007,foreign,74,women,4691
2007,foreign,75,women,4745
2007,foreign,76,women,4600
2007,foreign,77,women,4819
2007,foreign,78,women,4230
2007,foreign,79,women,4068
2007,foreign,80,women,3703
2007,foreign,81,women,3475
2007,foreign,82,women,3239
2007,foreign,83,women,2843
2007,foreign,84,women,2581
2007,foreign,85,women,2218
2007,foreign,86,women,1865
2007,foreign,87,women,1602
2007,foreign,88,women,1162
2007,foreign,89,women,958
2007,foreign,90,women,740
2007,foreign,91,women,571
2007,foreign,92,women,470
2007,foreign,93,women,460
2007,foreign,94,women,322
2007,foreign,95,women,247
2007,foreign,96,women,166
2007,foreign,97,women,121
2007,foreign,98,women,83
2007,foreign,99,women,51
2007,foreign,100+,women,88
2008,Swedish,0,men,48135
2008,Swedish,1,men,47046
2008,Swedish,2,men,46689
2008,Swedish,3,men,44843
2008,Swedish,4,men,44814
2008,Swedish,5,men,44325
2008,Swedish,6,men,42758
2008,Swedish,7,men,40948
2008,Swedish,8,men,40462
2008,Swedish,9,men,39209
2008,Swedish,10,men,39664
2008,Swedish,11,men,40050
2008,Swedish,12,men,41916
2008,Swedish,13,men,45811
2008,Swedish,14,men,49816
2008,Swedish,15,men,52271
2008,Swedish,16,men,55835
2008,Swedish,17,men,57047
2008,Swedish,18,men,57349
2008,Swedish,19,men,54098
2008,Swedish,20,men,52367
2008,Swedish,21,men,48398
2008,Swedish,22,men,47306
2008,Swedish,23,men,45759
2008,Swedish,24,men,43506
2008,Swedish,25,men,42614
2008,Swedish,26,men,42686
2008,Swedish,27,men,42535
2008,Swedish,28,men,43864
2008,Swedish,29,men,43335
2008,Swedish,30,men,41936
2008,Swedish,31,men,43680
2008,Swedish,32,men,44414
2008,Swedish,33,men,46930
2008,Swedish,34,men,50205
2008,Swedish,35,men,49691
2008,Swedish,36,men,50643
2008,Swedish,37,men,51162
2008,Swedish,38,men,49152
2008,Swedish,39,men,48816
2008,Swedish,40,men,51188
2008,Swedish,41,men,55163
2008,Swedish,42,men,55917
2008,Swedish,43,men,55816
2008,Swedish,44,men,55492
2008,Swedish,45,men,51509
2008,Swedish,46,men,48436
2008,Swedish,47,men,47308
2008,Swedish,48,men,45937
2008,Swedish,49,men,47549
2008,Swedish,50,men,47551
2008,Swedish,51,men,47727
2008,Swedish,52,men,48834
2008,Swedish,53,men,47956
2008,Swedish,54,men,46949
2008,Swedish,55,men,49059
2008,Swedish,56,men,48713
2008,Swedish,57,men,48382
2008,Swedish,58,men,50598
2008,Swedish,59,men,52625
2008,Swedish,60,men,54319
2008,Swedish,61,men,54833
2008,Swedish,62,men,56007
2008,Swedish,63,men,56246
2008,Swedish,64,men,55073
2008,Swedish,65,men,50512
2008,Swedish,66,men,45736
2008,Swedish,67,men,38712
2008,Swedish,68,men,36489
2008,Swedish,69,men,36063
2008,Swedish,70,men,33979
2008,Swedish,71,men,31799
2008,Swedish,72,men,30258
2008,Swedish,73,men,28381
2008,Swedish,74,men,26478
2008,Swedish,75,men,25470
2008,Swedish,76,men,25613
2008,Swedish,77,men,24407
2008,Swedish,78,men,23525
2008,Swedish,79,men,21804
2008,Swedish,80,men,21441
2008,Swedish,81,men,19365
2008,Swedish,82,men,18420
2008,Swedish,83,men,17296
2008,Swedish,84,men,15649
2008,Swedish,85,men,14569
2008,Swedish,86,men,12388
2008,Swedish,87,men,11516
2008,Swedish,88,men,10141
2008,Swedish,89,men,6992
2008,Swedish,90,men,5444
2008,Swedish,91,men,4341
2008,Swedish,92,men,3267
2008,Swedish,93,men,2255
2008,Swedish,94,men,1742
2008,Swedish,95,men,1214
2008,Swedish,96,men,782
2008,Swedish,97,men,492
2008,Swedish,98,men,340
2008,Swedish,99,men,200
2008,Swedish,100+,men,209
2008,Swedish,0,women,45203
2008,Swedish,1,women,44413
2008,Swedish,2,women,44159
2008,Swedish,3,women,42472
2008,Swedish,4,women,42319
2008,Swedish,5,women,41674
2008,Swedish,6,women,40468
2008,Swedish,7,women,38340
2008,Swedish,8,women,37960
2008,Swedish,9,women,37106
2008,Swedish,10,women,37191
2008,Swedish,11,women,37777
2008,Swedish,12,women,40212
2008,Swedish,13,women,43310
2008,Swedish,14,women,47796
2008,Swedish,15,women,50307
2008,Swedish,16,women,52735
2008,Swedish,17,women,53835
2008,Swedish,18,women,54635
2008,Swedish,19,women,51032
2008,Swedish,20,women,49157
2008,Swedish,21,women,46153
2008,Swedish,22,women,44774
2008,Swedish,23,women,42947
2008,Swedish,24,women,40880
2008,Swedish,25,women,39733
2008,Swedish,26,women,40079
2008,Swedish,27,women,40613
2008,Swedish,28,women,41520
2008,Swedish,29,women,41013
2008,Swedish,30,women,39721
2008,Swedish,31,women,40703
2008,Swedish,32,women,41915
2008,Swedish,33,women,44437
2008,Swedish,34,women,47222
2008,Swedish,35,women,47068
2008,Swedish,36,women,47766
2008,Swedish,37,women,48206
2008,Swedish,38,women,46581
2008,Swedish,39,women,45797
2008,Swedish,40,women,48809
2008,Swedish,41,women,52021
2008,Swedish,42,women,52988
2008,Swedish,43,women,53156
2008,Swedish,44,women,53529
2008,Swedish,45,women,48851
2008,Swedish,46,women,46671
2008,Swedish,47,women,45333
2008,Swedish,48,women,44597
2008,Swedish,49,women,45355
2008,Swedish,50,women,45870
2008,Swedish,51,women,46720
2008,Swedish,52,women,46607
2008,Swedish,53,women,46742
2008,Swedish,54,women,45657
2008,Swedish,55,women,47374
2008,Swedish,56,women,47277
2008,Swedish,57,women,47171
2008,Swedish,58,women,49153
2008,Swedish,59,women,51656
2008,Swedish,60,women,53936
2008,Swedish,61,women,54426
2008,Swedish,62,women,55395
2008,Swedish,63,women,55281
2008,Swedish,64,women,54609
2008,Swedish,65,women,51013
2008,Swedish,66,women,46189
2008,Swedish,67,women,39670
2008,Swedish,68,women,37814
2008,Swedish,69,women,37846
2008,Swedish,70,women,36273
2008,Swedish,71,women,34057
2008,Swedish,72,women,33134
2008,Swedish,73,women,30941
2008,Swedish,74,women,30193
2008,Swedish,75,women,29564
2008,Swedish,76,women,30296
2008,Swedish,77,women,29812
2008,Swedish,78,women,29571
2008,Swedish,79,women,28293
2008,Swedish,80,women,28466
2008,Swedish,81,women,26844
2008,Swedish,82,women,26329
2008,Swedish,83,women,25619
2008,Swedish,84,women,24509
2008,Swedish,85,women,22999
2008,Swedish,86,women,21076
2008,Swedish,87,women,21012
2008,Swedish,88,women,19541
2008,Swedish,89,women,14081
2008,Swedish,90,women,11724
2008,Swedish,91,women,10110
2008,Swedish,92,women,8163
2008,Swedish,93,women,6427
2008,Swedish,94,women,4976
2008,Swedish,95,women,3827
2008,Swedish,96,women,2804
2008,Swedish,97,women,1903
2008,Swedish,98,women,1256
2008,Swedish,99,women,829
2008,Swedish,100+,women,1209
2008,foreign,0,men,8393
2008,foreign,1,men,9116
2008,foreign,2,men,9100
2008,foreign,3,men,8795
2008,foreign,4,men,9056
2008,foreign,5,men,8494
2008,foreign,6,men,8463
2008,foreign,7,men,8412
2008,foreign,8,men,8845
2008,foreign,9,men,8761
2008,foreign,10,men,9126
2008,foreign,11,men,9147
2008,foreign,12,men,9413
2008,foreign,13,men,9958
2008,foreign,14,men,10103
2008,foreign,15,men,10278
2008,foreign,16,men,10340
2008,foreign,17,men,10906
2008,foreign,18,men,11062
2008,foreign,19,men,10545
2008,foreign,20,men,10785
2008,foreign,21,men,10690
2008,foreign,22,men,11822
2008,foreign,23,men,12682
2008,foreign,24,men,13491
2008,foreign,25,men,13893
2008,foreign,26,men,14605
2008,foreign,27,men,14751
2008,foreign,28,men,15212
2008,foreign,29,men,14827
2008,foreign,30,men,14537
2008,foreign,31,men,14097
2008,foreign,32,men,14522
2008,foreign,33,men,14313
2008,foreign,34,men,13990
2008,foreign,35,men,13715
2008,foreign,36,men,14021
2008,foreign,37,men,13689
2008,foreign,38,men,13842
2008,foreign,39,men,13659
2008,foreign,40,men,13952
2008,foreign,41,men,14045
2008,foreign,42,men,14030
2008,foreign,43,men,14293
2008,foreign,44,men,14098
2008,foreign,45,men,13799
2008,foreign,46,men,13410
2008,foreign,47,men,12583
2008,foreign,48,men,12836
2008,foreign,49,men,11876
2008,foreign,50,men,11459
2008,foreign,51,men,11550
2008,foreign,52,men,11181
2008,foreign,53,men,10428
2008,foreign,54,men,10273
2008,foreign,55,men,9548
2008,foreign,56,men,9137
2008,foreign,57,men,8646
2008,foreign,58,men,8897
2008,foreign,59,men,8450
2008,foreign,60,men,8492
2008,foreign,61,men,8461
2008,foreign,62,men,7982
2008,foreign,63,men,6985
2008,foreign,64,men,6736
2008,foreign,65,men,6492
2008,foreign,66,men,6370
2008,foreign,67,men,6443
2008,foreign,68,men,6097
2008,foreign,69,men,5789
2008,foreign,70,men,5325
2008,foreign,71,men,4811
2008,foreign,72,men,4301
2008,foreign,73,men,4083
2008,foreign,74,men,3665
2008,foreign,75,men,3250
2008,foreign,76,men,3074
2008,foreign,77,men,2774
2008,foreign,78,men,2772
2008,foreign,79,men,2382
2008,foreign,80,men,2096
2008,foreign,81,men,1801
2008,foreign,82,men,1669
2008,foreign,83,men,1421
2008,foreign,84,men,1256
2008,foreign,85,men,1131
2008,foreign,86,men,870
2008,foreign,87,men,733
2008,foreign,88,men,549
2008,foreign,89,men,399
2008,foreign,90,men,278
2008,foreign,91,men,213
2008,foreign,92,men,138
2008,foreign,93,men,103
2008,foreign,94,men,91
2008,foreign,95,men,55
2008,foreign,96,men,40
2008,foreign,97,men,22
2008,foreign,98,men,20
2008,foreign,99,men,7
2008,foreign,100+,men,26
2008,foreign,0,women,7933
2008,foreign,1,women,8588
2008,foreign,2,women,8664
2008,foreign,3,women,8646
2008,foreign,4,women,8598
2008,foreign,5,women,8633
2008,foreign,6,women,8512
2008,foreign,7,women,8367
2008,foreign,8,women,8452
2008,foreign,9,women,8546
2008,foreign,10,women,8679
2008,foreign,11,women,8853
2008,foreign,12,women,8947
2008,foreign,13,women,9372
2008,foreign,14,women,9544
2008,foreign,15,women,9523
2008,foreign,16,women,9587
2008,foreign,17,women,9773
2008,foreign,18,women,10002
2008,foreign,19,women,10248
2008,foreign,20,women,10727
2008,foreign,21,women,11177
2008,foreign,22,women,11763
2008,foreign,23,women,12656
2008,foreign,24,women,13295
2008,foreign,25,women,13830
2008,foreign,26,women,14135
2008,foreign,27,women,14241
2008,foreign,28,women,14957
2008,foreign,29,women,14446
2008,foreign,30,women,14430
2008,foreign,31,women,14516
2008,foreign,32,women,14467
2008,foreign,33,women,14588
2008,foreign,34,women,14614
2008,foreign,35,women,14339
2008,foreign,36,women,14839
2008,foreign,37,women,14499
2008,foreign,38,women,14715
2008,foreign,39,women,14511
2008,foreign,40,women,14363
2008,foreign,41,women,14120
2008,foreign,42,women,13804
2008,foreign,43,women,13808
2008,foreign,44,women,13658
2008,foreign,45,women,13375
2008,foreign,46,women,13101
2008,foreign,47,women,12593
2008,foreign,48,women,12912
2008,foreign,49,women,12168
2008,foreign,50,women,11567
2008,foreign,51,women,11785
2008,foreign,52,women,11476
2008,foreign,53,women,11018
2008,foreign,54,women,10720
2008,foreign,55,women,10231
2008,foreign,56,women,10017
2008,foreign,57,women,9629
2008,foreign,58,women,9771
2008,foreign,59,women,9572
2008,foreign,60,women,9312
2008,foreign,61,women,9083
2008,foreign,62,women,8507
2008,foreign,63,women,7500
2008,foreign,64,women,6676
2008,foreign,65,women,6372
2008,foreign,66,women,5777
2008,foreign,67,women,6392
2008,foreign,68,women,5932
2008,foreign,69,women,6113
2008,foreign,70,women,5808
2008,foreign,71,women,5781
2008,foreign,72,women,5500
2008,foreign,73,women,5262
2008,foreign,74,women,5083
2008,foreign,75,women,4604
2008,foreign,76,women,4626
2008,foreign,77,women,4458
2008,foreign,78,women,4670
2008,foreign,79,women,4070
2008,foreign,80,women,3904
2008,foreign,81,women,3518
2008,foreign,82,women,3311
2008,foreign,83,women,3051
2008,foreign,84,women,2639
2008,foreign,85,women,2386
2008,foreign,86,women,2019
2008,foreign,87,women,1681
2008,foreign,88,women,1435
2008,foreign,89,women,1019
2008,foreign,90,women,820
2008,foreign,91,women,621
2008,foreign,92,women,480
2008,foreign,93,women,373
2008,foreign,94,women,376
2008,foreign,95,women,254
2008,foreign,96,women,190
2008,foreign,97,women,118
2008,foreign,98,women,76
2008,foreign,99,women,56
2008,foreign,100+,women,101
2009,Swedish,0,men,48819
2009,Swedish,1,men,47738
2009,Swedish,2,men,46895
2009,Swedish,3,men,46621
2009,Swedish,4,men,44802
2009,Swedish,5,men,44769
2009,Swedish,6,men,44330
2009,Swedish,7,men,42740
2009,Swedish,8,men,40946
2009,Swedish,9,men,40454
2009,Swedish,10,men,39213
2009,Swedish,11,men,39684
2009,Swedish,12,men,40061
2009,Swedish,13,men,41945
2009,Swedish,14,men,45814
2009,Swedish,15,men,49833
2009,Swedish,16,men,52314
2009,Swedish,17,men,55848
2009,Swedish,18,men,57064
2009,Swedish,19,men,57268
2009,Swedish,20,men,54008
2009,Swedish,21,men,52210
2009,Swedish,22,men,48304
2009,Swedish,23,men,47197
2009,Swedish,24,men,45637
2009,Swedish,25,men,43335
2009,Swedish,26,men,42447
2009,Swedish,27,men,42565
2009,Swedish,28,men,42423
2009,Swedish,29,men,43765
2009,Swedish,30,men,43228
2009,Swedish,31,men,41818
2009,Swedish,32,men,43611
2009,Swedish,33,men,44367
2009,Swedish,34,men,46898
2009,Swedish,35,men,50150
2009,Swedish,36,men,49615
2009,Swedish,37,men,50607
2009,Swedish,38,men,51121
2009,Swedish,39,men,49101
2009,Swedish,40,men,48752
2009,Swedish,41,men,51127
2009,Swedish,42,men,55092
2009,Swedish,43,men,55873
2009,Swedish,44,men,55749
2009,Swedish,45,men,55417
2009,Swedish,46,men,51436
2009,Swedish,47,men,48332
2009,Swedish,48,men,47212
2009,Swedish,49,men,45844
2009,Swedish,50,men,47428
2009,Swedish,51,men,47404
2009,Swedish,52,men,47588
2009,Swedish,53,men,48664
2009,Swedish,54,men,47767
2009,Swedish,55,men,46752
2009,Swedish,56,men,48844
2009,Swedish,57,men,48455
2009,Swedish,58,men,48110
2009,Swedish,59,men,50255
2009,Swedish,60,men,52318
2009,Swedish,61,men,53941
2009,Swedish,62,men,54377
2009,Swedish,63,men,55545
2009,Swedish,64,men,55730
2009,Swedish,65,men,54431
2009,Swedish,66,men,49916
2009,Swedish,67,men,45154
2009,Swedish,68,men,38169
2009,Swedish,69,men,35935
2009,Swedish,70,men,35455
2009,Swedish,71,men,33319
2009,Swedish,72,men,31131
2009,Swedish,73,men,29509
2009,Swedish,74,men,27589
2009,Swedish,75,men,25644
2009,Swedish,76,men,24601
2009,Swedish,77,men,24604
2009,Swedish,78,men,23308
2009,Swedish,79,men,22386
2009,Swedish,80,men,20574
2009,Swedish,81,men,20075
2009,Swedish,82,men,18001
2009,Swedish,83,men,16992
2009,Swedish,84,men,15714
2009,Swedish,85,men,14055
2009,Swedish,86,men,12892
2009,Swedish,87,men,10753
2009,Swedish,88,men,9838
2009,Swedish,89,men,8458
2009,Swedish,90,men,5774
2009,Swedish,91,men,4407
2009,Swedish,92,men,3379
2009,Swedish,93,men,2460
2009,Swedish,94,men,1622
2009,Swedish,95,men,1229
2009,Swedish,96,men,833
2009,Swedish,97,men,519
2009,Swedish,98,men,311
2009,Swedish,99,men,201
2009,Swedish,100+,men,225
2009,Swedish,0,women,46015
2009,Swedish,1,women,44807
2009,Swedish,2,women,44286
2009,Swedish,3,women,44098
2009,Swedish,4,women,42422
2009,Swedish,5,women,42295
2009,Swedish,6,women,41658
2009,Swedish,7,women,40454
2009,Swedish,8,women,38336
2009,Swedish,9,women,37967
2009,Swedish,10,women,37120
2009,Swedish,11,women,37204
2009,Swedish,12,women,37795
2009,Swedish,13,women,40215
2009,Swedish,14,women,43319
2009,Swedish,15,women,47809
2009,Swedish,16,women,50328
2009,Swedish,17,women,52755
2009,Swedish,18,women,53837
2009,Swedish,19,women,54460
2009,Swedish,20,women,50864
2009,Swedish,21,women,48974
2009,Swedish,22,women,46006
2009,Swedish,23,women,44660
2009,Swedish,24,women,42844
2009,Swedish,25,women,40734
2009,Swedish,26,women,39593
2009,Swedish,27,women,39974
2009,Swedish,28,women,40484
2009,Swedish,29,women,41409
2009,Swedish,30,women,40969
2009,Swedish,31,women,39687
2009,Swedish,32,women,40678
2009,Swedish,33,women,41890
2009,Swedish,34,women,44420
2009,Swedish,35,women,47212
2009,Swedish,36,women,47022
2009,Swedish,37,women,47741
2009,Swedish,38,women,48175
2009,Swedish,39,women,46568
2009,Swedish,40,women,45784
2009,Swedish,41,women,48788
2009,Swedish,42,women,52018
2009,Swedish,43,women,52958
2009,Swedish,44,women,53129
2009,Swedish,45,women,53481
2009,Swedish,46,women,48786
2009,Swedish,47,women,46616
2009,Swedish,48,women,45283
2009,Swedish,49,women,44546
2009,Swedish,50,women,45305
2009,Swedish,51,women,45792
2009,Swedish,52,women,46627
2009,Swedish,53,women,46495
2009,Swedish,54,women,46597
2009,Swedish,55,women,45517
2009,Swedish,56,women,47233
2009,Swedish,57,women,47125
2009,Swedish,58,women,47008
2009,Swedish,59,women,48943
2009,Swedish,60,women,51437
2009,Swedish,61,women,53720
2009,Swedish,62,women,54149
2009,Swedish,63,women,55060
2009,Swedish,64,women,54918
2009,Swedish,65,women,54208
2009,Swedish,66,women,50616
2009,Swedish,67,women,45806
2009,Swedish,68,women,39291
2009,Swedish,69,women,37450
2009,Swedish,70,women,37381
2009,Swedish,71,women,35841
2009,Swedish,72,women,33580
2009,Swedish,73,women,32613
2009,Swedish,74,women,30396
2009,Swedish,75,women,29591
2009,Swedish,76,women,28933
2009,Swedish,77,women,29592
2009,Swedish,78,women,29004
2009,Swedish,79,women,28652
2009,Swedish,80,women,27277
2009,Swedish,81,women,27346
2009,Swedish,82,women,25602
2009,Swedish,83,women,24952
2009,Swedish,84,women,24048
2009,Swedish,85,women,22743
2009,Swedish,86,women,21103
2009,Swedish,87,women,19127
2009,Swedish,88,women,18776
2009,Swedish,89,women,17165
2009,Swedish,90,women,12118
2009,Swedish,91,women,9975
2009,Swedish,92,women,8430
2009,Swedish,93,women,6588
2009,Swedish,94,women,4992
2009,Swedish,95,women,3825
2009,Swedish,96,women,2871
2009,Swedish,97,women,2025
2009,Swedish,98,women,1316
2009,Swedish,99,women,819
2009,Swedish,100+,women,1278
2009,foreign,0,men,8901
2009,foreign,1,men,9450
2009,foreign,2,men,9740
2009,foreign,3,men,9589
2009,foreign,4,men,9271
2009,foreign,5,men,9492
2009,foreign,6,men,8863
2009,foreign,7,men,8901
2009,foreign,8,men,8807
2009,foreign,9,men,9272
2009,foreign,10,men,9126
2009,foreign,11,men,9555
2009,foreign,12,men,9535
2009,foreign,13,men,9904
2009,foreign,14,men,10401
2009,foreign,15,men,10628
2009,foreign,16,men,11030
2009,foreign,17,men,11056
2009,foreign,18,men,11449
2009,foreign,19,men,11521
2009,foreign,20,men,11084
2009,foreign,21,men,11484
2009,foreign,22,men,11899
2009,foreign,23,men,13321
2009,foreign,24,men,14361
2009,foreign,25,men,15117
2009,foreign,26,men,15452
2009,foreign,27,men,15969
2009,foreign,28,men,15865
2009,foreign,29,men,16342
2009,foreign,30,men,15765
2009,foreign,31,men,15448
2009,foreign,32,men,14891
2009,foreign,33,men,15177
2009,foreign,34,men,14940
2009,foreign,35,men,14593
2009,foreign,36,men,14256
2009,foreign,37,men,14490
2009,foreign,38,men,14057
2009,foreign,39,men,14251
2009,foreign,40,men,14034
2009,foreign,41,men,14309
2009,foreign,42,men,14267
2009,foreign,43,men,14247
2009,foreign,44,men,14480
2009,foreign,45,men,14233
2009,foreign,46,men,14024
2009,foreign,47,men,13581
2009,foreign,48,men,12722
2009,foreign,49,men,12975
2009,foreign,50,men,11982
2009,foreign,51,men,11564
2009,foreign,52,men,11626
2009,foreign,53,men,11229
2009,foreign,54,men,10494
2009,foreign,55,men,10336
2009,foreign,56,men,9574
2009,foreign,57,men,9149
2009,foreign,58,men,8616
2009,foreign,59,men,8905
2009,foreign,60,men,8429
2009,foreign,61,men,8488
2009,foreign,62,men,8418
2009,foreign,63,men,7938
2009,foreign,64,men,6956
2009,foreign,65,men,6694
2009,foreign,66,men,6404
2009,foreign,67,men,6284
2009,foreign,68,men,6377
2009,foreign,69,men,5976
2009,foreign,70,men,5660
2009,foreign,71,men,5225
2009,foreign,72,men,4696
2009,foreign,73,men,4171
2009,foreign,74,men,3945
2009,foreign,75,men,3523
2009,foreign,76,men,3123
2009,foreign,77,men,2953
2009,foreign,78,men,2645
2009,foreign,79,men,2631
2009,foreign,80,men,2228
2009,foreign,81,men,1966
2009,foreign,82,men,1662
2009,foreign,83,men,1530
2009,foreign,84,men,1297
2009,foreign,85,men,1125
2009,foreign,86,men,1001
2009,foreign,87,men,791
2009,foreign,88,men,641
2009,foreign,89,men,481
2009,foreign,90,men,335
2009,foreign,91,men,216
2009,foreign,92,men,180
2009,foreign,93,men,103
2009,foreign,94,men,87
2009,foreign,95,men,64
2009,foreign,96,men,45
2009,foreign,97,men,31
2009,foreign,98,men,17
2009,foreign,99,men,13
2009,foreign,100+,men,25
2009,foreign,0,women,8385
2009,foreign,1,women,8907
2009,foreign,2,women,9209
2009,foreign,3,women,9165
2009,foreign,4,women,9102
2009,foreign,5,women,9026
2009,foreign,6,women,9061
2009,foreign,7,women,8918
2009,foreign,8,women,8761
2009,foreign,9,women,8884
2009,foreign,10,women,8915
2009,foreign,11,women,9032
2009,foreign,12,women,9290
2009,foreign,13,women,9363
2009,foreign,14,women,9795
2009,foreign,15,women,9956
2009,foreign,16,women,10016
2009,foreign,17,women,10078
2009,foreign,18,women,10417
2009,foreign,19,women,10866
2009,foreign,20,women,11122
2009,foreign,21,women,11760
2009,foreign,22,women,12383
2009,foreign,23,women,13233
2009,foreign,24,women,14102
2009,foreign,25,women,14667
2009,foreign,26,women,15106
2009,foreign,27,women,15299
2009,foreign,28,women,15124
2009,foreign,29,women,16089
2009,foreign,30,women,15360
2009,foreign,31,women,15269
2009,foreign,32,women,15286
2009,foreign,33,women,15144
2009,foreign,34,women,15223
2009,foreign,35,women,15213
2009,foreign,36,women,14873
2009,foreign,37,women,15304
2009,foreign,38,women,14963
2009,foreign,39,women,15186
2009,foreign,40,women,14932
2009,foreign,41,women,14767
2009,foreign,42,women,14489
2009,foreign,43,women,14117
2009,foreign,44,women,14148
2009,foreign,45,women,13924
2009,foreign,46,women,13591
2009,foreign,47,women,13310
2009,foreign,48,women,12764
2009,foreign,49,women,13069
2009,foreign,50,women,12310
2009,foreign,51,women,11702
2009,foreign,52,women,11901
2009,foreign,53,women,11549
2009,foreign,54,women,11112
2009,foreign,55,women,10793
2009,foreign,56,women,10287
2009,foreign,57,women,10057
2009,foreign,58,women,9635
2009,foreign,59,women,9760
2009,foreign,60,women,9596
2009,foreign,61,women,9338
2009,foreign,62,women,9099
2009,foreign,63,women,8495
2009,foreign,64,women,7503
2009,foreign,65,women,6663
2009,foreign,66,women,6358
2009,foreign,67,women,5767
2009,foreign,68,women,6356
2009,foreign,69,women,5902
2009,foreign,70,women,6061
2009,foreign,71,women,5748
2009,foreign,72,women,5689
2009,foreign,73,women,5387
2009,foreign,74,women,5178
2009,foreign,75,women,4992
2009,foreign,76,women,4512
2009,foreign,77,women,4503
2009,foreign,78,women,4349
2009,foreign,79,women,4515
2009,foreign,80,women,3902
2009,foreign,81,women,3718
2009,foreign,82,women,3352
2009,foreign,83,women,3129
2009,foreign,84,women,2844
2009,foreign,85,women,2442
2009,foreign,86,women,2207
2009,foreign,87,women,1831
2009,foreign,88,women,1498
2009,foreign,89,women,1268
2009,foreign,90,women,893
2009,foreign,91,women,694
2009,foreign,92,women,510
2009,foreign,93,women,396
2009,foreign,94,women,292
2009,foreign,95,women,299
2009,foreign,96,women,187
2009,foreign,97,women,147
2009,foreign,98,women,88
2009,foreign,99,women,54
2009,foreign,100+,women,108
2010,Swedish,0,men,50022
2010,Swedish,1,men,48408
2010,Swedish,2,men,47546
2010,Swedish,3,men,46785
2010,Swedish,4,men,46554
2010,Swedish,5,men,44775
2010,Swedish,6,men,44742
2010,Swedish,7,men,44314
2010,Swedish,8,men,42719
2010,Swedish,9,men,40953
2010,Swedish,10,men,40441
2010,Swedish,11,men,39202
2010,Swedish,12,men,39686
2010,Swedish,13,men,40054
2010,Swedish,14,men,41946
2010,Swedish,15,men,45826
2010,Swedish,16,men,49861
2010,Swedish,17,men,52316
2010,Swedish,18,men,55865
2010,Swedish,19,men,56948
2010,Swedish,20,men,57066
2010,Swedish,21,men,53780
2010,Swedish,22,men,52018
2010,Swedish,23,men,48084
2010,Swedish,24,men,46977
2010,Swedish,25,men,45455
2010,Swedish,26,men,43184
2010,Swedish,27,men,42300
2010,Swedish,28,men,42388
2010,Swedish,29,men,42248
2010,Swedish,30,men,43626
2010,Swedish,31,men,43121
2010,Swedish,32,men,41702
2010,Swedish,33,men,43498
2010,Swedish,34,men,44291
2010,Swedish,35,men,46853
2010,Swedish,36,men,50070
2010,Swedish,37,men,49525
2010,Swedish,38,men,50517
2010,Swedish,39,men,51016
2010,Swedish,40,men,49015
2010,Swedish,41,men,48649
2010,Swedish,42,men,51056
2010,Swedish,43,men,55004
2010,Swedish,44,men,55776
2010,Swedish,45,men,55666
2010,Swedish,46,men,55311
2010,Swedish,47,men,51286
2010,Swedish,48,men,48230
2010,Swedish,49,men,47102
2010,Swedish,50,men,45690
2010,Swedish,51,men,47308
2010,Swedish,52,men,47245
2010,Swedish,53,men,47399
2010,Swedish,54,men,48467
2010,Swedish,55,men,47584
2010,Swedish,56,men,46485
2010,Swedish,57,men,48604
2010,Swedish,58,men,48194
2010,Swedish,59,men,47796
2010,Swedish,60,men,49910
2010,Swedish,61,men,51912
2010,Swedish,62,men,53517
2010,Swedish,63,men,53923
2010,Swedish,64,men,54949
2010,Swedish,65,men,55102
2010,Swedish,66,men,53778
2010,Swedish,67,men,49260
2010,Swedish,68,men,44537
2010,Swedish,69,men,37603
2010,Swedish,70,men,35280
2010,Swedish,71,men,34777
2010,Swedish,72,men,32591
2010,Swedish,73,men,30399
2010,Swedish,74,men,28711
2010,Swedish,75,men,26756
2010,Swedish,76,men,24748
2010,Swedish,77,men,23659
2010,Swedish,78,men,23499
2010,Swedish,79,men,22119
2010,Swedish,80,men,21165
2010,Swedish,81,men,19239
2010,Swedish,82,men,18666
2010,Swedish,83,men,16570
2010,Swedish,84,men,15476
2010,Swedish,85,men,14141
2010,Swedish,86,men,12443
2010,Swedish,87,men,11248
2010,Swedish,88,men,9238
2010,Swedish,89,men,8280
2010,Swedish,90,men,6965
2010,Swedish,91,men,4623
2010,Swedish,92,men,3457
2010,Swedish,93,men,2588
2010,Swedish,94,men,1817
2010,Swedish,95,men,1171
2010,Swedish,96,men,863
2010,Swedish,97,men,546
2010,Swedish,98,men,343
2010,Swedish,99,men,198
2010,Swedish,100+,men,221
2010,Swedish,0,women,47490
2010,Swedish,1,women,45651
2010,Swedish,2,women,44649
2010,Swedish,3,women,44141
2010,Swedish,4,women,44049
2010,Swedish,5,women,42372
2010,Swedish,6,women,42254
2010,Swedish,7,women,41641
2010,Swedish,8,women,40435
2010,Swedish,9,women,38313
2010,Swedish,10,women,37954
2010,Swedish,11,women,37133
2010,Swedish,12,women,37212
2010,Swedish,13,women,37815
2010,Swedish,14,women,40215
2010,Swedish,15,women,43340
2010,Swedish,16,women,47839
2010,Swedish,17,women,50331
2010,Swedish,18,women,52790
2010,Swedish,19,women,53599
2010,Swedish,20,women,54227
2010,Swedish,21,women,50611
2010,Swedish,22,women,48781
2010,Swedish,23,women,45862
2010,Swedish,24,women,44523
2010,Swedish,25,women,42686
2010,Swedish,26,women,40554
2010,Swedish,27,women,39483
2010,Swedish,28,women,39852
2010,Swedish,29,women,40406
2010,Swedish,30,women,41320
2010,Swedish,31,women,40894
2010,Swedish,32,women,39607
2010,Swedish,33,women,40625
2010,Swedish,34,women,41848
2010,Swedish,35,women,44389
2010,Swedish,36,women,47152
2010,Swedish,37,women,46985
2010,Swedish,38,women,47715
2010,Swedish,39,women,48129
2010,Swedish,40,women,46517
2010,Swedish,41,women,45736
2010,Swedish,42,women,48761
2010,Swedish,43,women,51976
2010,Swedish,44,women,52908
2010,Swedish,45,women,53081
2010,Swedish,46,women,53441
2010,Swedish,47,women,48733
2010,Swedish,48,women,46561
2010,Swedish,49,women,45215
2010,Swedish,50,women,44455
2010,Swedish,51,women,45205
2010,Swedish,52,women,45687
2010,Swedish,53,women,46521
2010,Swedish,54,women,46395
2010,Swedish,55,women,46481
2010,Swedish,56,women,45382
2010,Swedish,57,women,47101
2010,Swedish,58,women,46954
2010,Swedish,59,women,46813
2010,Swedish,60,women,48703
2010,Swedish,61,women,51189
2010,Swedish,62,women,53461
2010,Swedish,63,women,53830
2010,Swedish,64,women,54666
2010,Swedish,65,women,54502
2010,Swedish,66,women,53778
2010,Swedish,67,women,50229
2010,Swedish,68,women,45353
2010,Swedish,69,women,38878
2010,Swedish,70,women,37027
2010,Swedish,71,women,36914
2010,Swedish,72,women,35381
2010,Swedish,73,women,33043
2010,Swedish,74,women,32035
2010,Swedish,75,women,29812
2010,Swedish,76,women,28943
2010,Swedish,77,women,28223
2010,Swedish,78,women,28781
2010,Swedish,79,women,28076
2010,Swedish,80,women,27651
2010,Swedish,81,women,26187
2010,Swedish,82,women,26079
2010,Swedish,83,women,24210
2010,Swedish,84,women,23412
2010,Swedish,85,women,22377
2010,Swedish,86,women,20942
2010,Swedish,87,women,19143
2010,Swedish,88,women,17085
2010,Swedish,89,women,16518
2010,Swedish,90,women,14864
2010,Swedish,91,women,10177
2010,Swedish,92,women,8261
2010,Swedish,93,women,6806
2010,Swedish,94,women,5127
2010,Swedish,95,women,3812
2010,Swedish,96,women,2865
2010,Swedish,97,women,2094
2010,Swedish,98,women,1432
2010,Swedish,99,women,896
2010,Swedish,100+,women,1287
2010,foreign,0,men,9474
2010,foreign,1,men,9958
2010,foreign,2,men,10060
2010,foreign,3,men,10159
2010,foreign,4,men,9965
2010,foreign,5,men,9591
2010,foreign,6,men,9807
2010,foreign,7,men,9233
2010,foreign,8,men,9165
2010,foreign,9,men,9149
2010,foreign,10,men,9575
2010,foreign,11,men,9443
2010,foreign,12,men,9866
2010,foreign,13,men,9843
2010,foreign,14,men,10277
2010,foreign,15,men,10833
2010,foreign,16,men,11245
2010,foreign,17,men,11766
2010,foreign,18,men,11585
2010,foreign,19,men,11929
2010,foreign,20,men,12087
2010,foreign,21,men,11792
2010,foreign,22,men,12653
2010,foreign,23,men,13516
2010,foreign,24,men,15028
2010,foreign,25,men,16062
2010,foreign,26,men,16749
2010,foreign,27,men,16793
2010,foreign,28,men,17258
2010,foreign,29,men,16787
2010,foreign,30,men,17338
2010,foreign,31,men,16517
2010,foreign,32,men,16138
2010,foreign,33,men,15498
2010,foreign,34,men,15663
2010,foreign,35,men,15415
2010,foreign,36,men,14939
2010,foreign,37,men,14594
2010,foreign,38,men,14772
2010,foreign,39,men,14283
2010,foreign,40,men,14552
2010,foreign,41,men,14293
2010,foreign,42,men,14488
2010,foreign,43,men,14415
2010,foreign,44,men,14339
2010,foreign,45,men,14565
2010,foreign,46,men,14318
2010,foreign,47,men,14112
2010,foreign,48,men,13605
2010,foreign,49,men,12818
2010,foreign,50,men,13034
2010,foreign,51,men,12018
2010,foreign,52,men,11556
2010,foreign,53,men,11652
2010,foreign,54,men,11219
2010,foreign,55,men,10491
2010,foreign,56,men,10313
2010,foreign,57,men,9548
2010,foreign,58,men,9113
2010,foreign,59,men,8569
2010,foreign,60,men,8855
2010,foreign,61,men,8394
2010,foreign,62,men,8436
2010,foreign,63,men,8326
2010,foreign,64,men,7872
2010,foreign,65,men,6881
2010,foreign,66,men,6619
2010,foreign,67,men,6300
2010,foreign,68,men,6206
2010,foreign,69,men,6270
2010,foreign,70,men,5837
2010,foreign,71,men,5526
2010,foreign,72,men,5088
2010,foreign,73,men,4577
2010,foreign,74,men,4047
2010,foreign,75,men,3819
2010,foreign,76,men,3398
2010,foreign,77,men,3019
2010,foreign,78,men,2809
2010,foreign,79,men,2483
2010,foreign,80,men,2484
2010,foreign,81,men,2080
2010,foreign,82,men,1824
2010,foreign,83,men,1522
2010,foreign,84,men,1415
2010,foreign,85,men,1177
2010,foreign,86,men,974
2010,foreign,87,men,878
2010,foreign,88,men,657
2010,foreign,89,men,538
2010,foreign,90,men,403
2010,foreign,91,men,278
2010,foreign,92,men,168
2010,foreign,93,men,149
2010,foreign,94,men,80
2010,foreign,95,men,61
2010,foreign,96,men,47
2010,foreign,97,men,33
2010,foreign,98,men,20
2010,foreign,99,men,10
2010,foreign,100+,men,24
2010,foreign,0,women,8924
2010,foreign,1,women,9406
2010,foreign,2,women,9462
2010,foreign,3,women,9569
2010,foreign,4,women,9516
2010,foreign,5,women,9392
2010,foreign,6,women,9303
2010,foreign,7,women,9304
2010,foreign,8,women,9143
2010,foreign,9,women,9052
2010,foreign,10,women,9147
2010,foreign,11,women,9216
2010,foreign,12,women,9288
2010,foreign,13,women,9552
2010,foreign,14,women,9649
2010,foreign,15,women,10073
2010,foreign,16,women,10291
2010,foreign,17,women,10414
2010,foreign,18,women,10595
2010,foreign,19,women,11159
2010,foreign,20,women,11651
2010,foreign,21,women,12037
2010,foreign,22,women,12957
2010,foreign,23,women,13765
2010,foreign,24,women,14601
2010,foreign,25,women,15371
2010,foreign,26,women,15931
2010,foreign,27,women,16162
2010,foreign,28,women,16303
2010,foreign,29,women,15951
2010,foreign,30,women,16886
2010,foreign,31,women,16043
2010,foreign,32,women,15883
2010,foreign,33,women,15732
2010,foreign,34,women,15639
2010,foreign,35,women,15691
2010,foreign,36,women,15646
2010,foreign,37,women,15214
2010,foreign,38,women,15653
2010,foreign,39,women,15324
2010,foreign,40,women,15533
2010,foreign,41,women,15161
2010,foreign,42,women,15052
2010,foreign,43,women,14713
2010,foreign,44,women,14282
2010,foreign,45,women,14316
2010,foreign,46,women,14116
2010,foreign,47,women,13732
2010,foreign,48,women,13444
2010,foreign,49,women,12875
2010,foreign,50,women,13176
2010,foreign,51,women,12407
2010,foreign,52,women,11767
2010,foreign,53,women,11955
2010,foreign,54,women,11577
2010,foreign,55,women,11179
2010,foreign,56,women,10838
2010,foreign,57,women,10311
2010,foreign,58,women,10042
2010,foreign,59,women,9641
2010,foreign,60,women,9743
2010,foreign,61,women,9591
2010,foreign,62,women,9320
2010,foreign,63,women,9091
2010,foreign,64,women,8457
2010,foreign,65,women,7465
2010,foreign,66,women,6619
2010,foreign,67,women,6296
2010,foreign,68,women,5722
2010,foreign,69,women,6287
2010,foreign,70,women,5827
2010,foreign,71,women,6004
2010,foreign,72,women,5682
2010,foreign,73,women,5591
2010,foreign,74,women,5278
2010,foreign,75,women,5060
2010,foreign,76,women,4893
2010,foreign,77,women,4386
2010,foreign,78,women,4349
2010,foreign,79,women,4210
2010,foreign,80,women,4351
2010,foreign,81,women,3729
2010,foreign,82,women,3519
2010,foreign,83,women,3174
2010,foreign,84,women,2934
2010,foreign,85,women,2656
2010,foreign,86,women,2229
2010,foreign,87,women,2019
2010,foreign,88,women,1618
2010,foreign,89,women,1313
2010,foreign,90,women,1078
2010,foreign,91,women,770
2010,foreign,92,women,561
2010,foreign,93,women,422
2010,foreign,94,women,318
2010,foreign,95,women,232
2010,foreign,96,women,225
2010,foreign,97,women,143
2010,foreign,98,women,110
2010,foreign,99,women,71
2010,foreign,100+,women,127
2011,Swedish,0,men,47935
2011,Swedish,1,men,49576
2011,Swedish,2,men,48198
2011,Swedish,3,men,47411
2011,Swedish,4,men,46673
2011,Swedish,5,men,46452
2011,Swedish,6,men,44704
2011,Swedish,7,men,44700
2011,Swedish,8,men,44256
2011,Swedish,9,men,42696
2011,Swedish,10,men,40933
2011,Swedish,11,men,40417
2011,Swedish,12,men,39199
2011,Swedish,13,men,39687
2011,Swedish,14,men,40056
2011,Swedish,15,men,41954
2011,Swedish,16,men,45832
2011,Swedish,17,men,49851
2011,Swedish,18,men,52329
2011,Swedish,19,men,55781
2011,Swedish,20,men,56802
2011,Swedish,21,men,56930
2011,Swedish,22,men,53580
2011,Swedish,23,men,51780
2011,Swedish,24,men,47869
2011,Swedish,25,men,46752
2011,Swedish,26,men,45295
2011,Swedish,27,men,42997
2011,Swedish,28,men,42139
2011,Swedish,29,men,42233
2011,Swedish,30,men,42121
2011,Swedish,31,men,43506
2011,Swedish,32,men,43004
2011,Swedish,33,men,41631
2011,Swedish,34,men,43417
2011,Swedish,35,men,44225
2011,Swedish,36,men,46791
2011,Swedish,37,men,49962
2011,Swedish,38,men,49444
2011,Swedish,39,men,50424
2011,Swedish,40,men,50940
2011,Swedish,41,men,48942
2011,Swedish,42,men,48568
2011,Swedish,43,men,50989
2011,Swedish,44,men,54922
2011,Swedish,45,men,55681
2011,Swedish,46,men,55574
2011,Swedish,47,men,55187
2011,Swedish,48,men,51175
2011,Swedish,49,men,48116
2011,Swedish,50,men,46981
2011,Swedish,51,men,45559
2011,Swedish,52,men,47171
2011,Swedish,53,men,47086
2011,Swedish,54,men,47218
2011,Swedish,55,men,48287
2011,Swedish,56,men,47364
2011,Swedish,57,men,46250
2011,Swedish,58,men,48364
2011,Swedish,59,men,47883
2011,Swedish,60,men,47473
2011,Swedish,61,men,49554
2011,Swedish,62,men,51528
2011,Swedish,63,men,53047
2011,Swedish,64,men,53438
2011,Swedish,65,men,54374
2011,Swedish,66,men,54411
2011,Swedish,67,men,53076
2011,Swedish,68,men,48579
2011,Swedish,69,men,43836
2011,Swedish,70,men,36957
2011,Swedish,71,men,34604
2011,Swedish,72,men,34054
2011,Swedish,73,men,31822
2011,Swedish,74,men,29594
2011,Swedish,75,men,27907
2011,Swedish,76,men,25856
2011,Swedish,77,men,23755
2011,Swedish,78,men,22647
2011,Swedish,79,men,22367
2011,Swedish,80,men,20911
2011,Swedish,81,men,19950
2011,Swedish,82,men,17923
2011,Swedish,83,men,17252
2011,Swedish,84,men,15098
2011,Swedish,85,men,13874
2011,Swedish,86,men,12635
2011,Swedish,87,men,10877
2011,Swedish,88,men,9672
2011,Swedish,89,men,7793
2011,Swedish,90,men,6883
2011,Swedish,91,men,5598
2011,Swedish,92,men,3614
2011,Swedish,93,men,2646
2011,Swedish,94,men,1918
2011,Swedish,95,men,1305
2011,Swedish,96,men,802
2011,Swedish,97,men,579
2011,Swedish,98,men,369
2011,Swedish,99,men,217
2011,Swedish,100+,men,253
2011,Swedish,0,women,45692
2011,Swedish,1,women,47073
2011,Swedish,2,women,45436
2011,Swedish,3,women,44540
2011,Swedish,4,women,44054
2011,Swedish,5,women,43983
2011,Swedish,6,women,42322
2011,Swedish,7,women,42201
2011,Swedish,8,women,41590
2011,Swedish,9,women,40415
2011,Swedish,10,women,38291
2011,Swedish,11,women,37957
2011,Swedish,12,women,37119
2011,Swedish,13,women,37209
2011,Swedish,14,women,37814
2011,Swedish,15,women,40243
2011,Swedish,16,women,43344
2011,Swedish,17,women,47841
2011,Swedish,18,women,50356
2011,Swedish,19,women,52601
2011,Swedish,20,women,53408
2011,Swedish,21,women,53979
2011,Swedish,22,women,50441
2011,Swedish,23,women,48581
2011,Swedish,24,women,45696
2011,Swedish,25,women,44352
2011,Swedish,26,women,42571
2011,Swedish,27,women,40411
2011,Swedish,28,women,39358
2011,Swedish,29,women,39780
2011,Swedish,30,women,40312
2011,Swedish,31,women,41246
2011,Swedish,32,women,40846
2011,Swedish,33,women,39558
2011,Swedish,34,women,40568
2011,Swedish,35,women,41813
2011,Swedish,36,women,44333
2011,Swedish,37,women,47105
2011,Swedish,38,women,46933
2011,Swedish,39,women,47656
2011,Swedish,40,women,48070
2011,Swedish,41,women,46487
2011,Swedish,42,women,45713
2011,Swedish,43,women,48706
2011,Swedish,44,women,51959
2011,Swedish,45,women,52865
2011,Swedish,46,women,53025
2011,Swedish,47,women,53375
2011,Swedish,48,women,48667
2011,Swedish,49,women,46513
2011,Swedish,50,women,45106
2011,Swedish,51,women,44372
2011,Swedish,52,women,45124
2011,Swedish,53,women,45607
2011,Swedish,54,women,46394
2011,Swedish,55,women,46286
2011,Swedish,56,women,46320
2011,Swedish,57,women,45249
2011,Swedish,58,women,46944
2011,Swedish,59,women,46811
2011,Swedish,60,women,46591
2011,Swedish,61,women,48484
2011,Swedish,62,women,50943
2011,Swedish,63,women,53168
2011,Swedish,64,women,53495
2011,Swedish,65,women,54294
2011,Swedish,66,women,54125
2011,Swedish,67,women,53361
2011,Swedish,68,women,49817
2011,Swedish,69,women,44888
2011,Swedish,70,women,38439
2011,Swedish,71,women,36542
2011,Swedish,72,women,36395
2011,Swedish,73,women,34861
2011,Swedish,74,women,32492
2011,Swedish,75,women,31450
2011,Swedish,76,women,29165
2011,Swedish,77,women,28305
2011,Swedish,78,women,27505
2011,Swedish,79,women,27900
2011,Swedish,80,women,27085
2011,Swedish,81,women,26557
2011,Swedish,82,women,24932
2011,Swedish,83,women,24674
2011,Swedish,84,women,22816
2011,Swedish,85,women,21797
2011,Swedish,86,women,20568
2011,Swedish,87,women,19045
2011,Swedish,88,women,17098
2011,Swedish,89,women,15064
2011,Swedish,90,women,14294
2011,Swedish,91,women,12626
2011,Swedish,92,women,8444
2011,Swedish,93,women,6642
2011,Swedish,94,women,5383
2011,Swedish,95,women,3907
2011,Swedish,96,women,2815
2011,Swedish,97,women,2104
2011,Swedish,98,women,1447
2011,Swedish,99,women,962
2011,Swedish,100+,women,1358
2011,foreign,0,men,9424
2011,foreign,1,men,10623
2011,foreign,2,men,10610
2011,foreign,3,men,10560
2011,foreign,4,men,10615
2011,foreign,5,men,10350
2011,foreign,6,men,9910
2011,foreign,7,men,10136
2011,foreign,8,men,9538
2011,foreign,9,men,9506
2011,foreign,10,men,9467
2011,foreign,11,men,9915
2011,foreign,12,men,9772
2011,foreign,13,men,10209
2011,foreign,14,men,10250
2011,foreign,15,men,10829
2011,foreign,16,men,11718
2011,foreign,17,men,12165
2011,foreign,18,men,12299
2011,foreign,19,men,12010
2011,foreign,20,men,12400
2011,foreign,21,men,12641
2011,foreign,22,men,12597
2011,foreign,23,men,13724
2011,foreign,24,men,14566
2011,foreign,25,men,16098
2011,foreign,26,men,17135
2011,foreign,27,men,17672
2011,foreign,28,men,17612
2011,foreign,29,men,17989
2011,foreign,30,men,17539
2011,foreign,31,men,17998
2011,foreign,32,men,17119
2011,foreign,33,men,16666
2011,foreign,34,men,16039
2011,foreign,35,men,16075
2011,foreign,36,men,15792
2011,foreign,37,men,15372
2011,foreign,38,men,14939
2011,foreign,39,men,15089
2011,foreign,40,men,14596
2011,foreign,41,men,14832
2011,foreign,42,men,14512
2011,foreign,43,men,14697
2011,foreign,44,men,14595
2011,foreign,45,men,14491
2011,foreign,46,men,14655
2011,foreign,47,men,14423
2011,foreign,48,men,14192
2011,foreign,49,men,13740
2011,foreign,50,men,12850
2011,foreign,51,men,13117
2011,foreign,52,men,12034
2011,foreign,53,men,11592
2011,foreign,54,men,11688
2011,foreign,55,men,11220
2011,foreign,56,men,10463
2011,foreign,57,men,10321
2011,foreign,58,men,9536
2011,foreign,59,men,9092
2011,foreign,60,men,8535
2011,foreign,61,men,8834
2011,foreign,62,men,8337
2011,foreign,63,men,8378
2011,foreign,64,men,8268
2011,foreign,65,men,7783
2011,foreign,66,men,6788
2011,foreign,67,men,6518
2011,foreign,68,men,6193
2011,foreign,69,men,6093
2011,foreign,70,men,6134
2011,foreign,71,men,5737
2011,foreign,72,men,5391
2011,foreign,73,men,4956
2011,foreign,74,men,4461
2011,foreign,75,men,3946
2011,foreign,76,men,3677
2011,foreign,77,men,3248
2011,foreign,78,men,2866
2011,foreign,79,men,2666
2011,foreign,80,men,2352
2011,foreign,81,men,2332
2011,foreign,82,men,1926
2011,foreign,83,men,1679
2011,foreign,84,men,1369
2011,foreign,85,men,1259
2011,foreign,86,men,1035
2011,foreign,87,men,848
2011,foreign,88,men,766
2011,foreign,89,men,561
2011,foreign,90,men,456
2011,foreign,91,men,322
2011,foreign,92,men,214
2011,foreign,93,men,133
2011,foreign,94,men,115
2011,foreign,95,men,58
2011,foreign,96,men,47
2011,foreign,97,men,36
2011,foreign,98,men,19
2011,foreign,99,men,14
2011,foreign,100+,men,23
2011,foreign,0,women,9063
2011,foreign,1,women,9970
2011,foreign,2,women,10041
2011,foreign,3,women,9933
2011,foreign,4,women,9942
2011,foreign,5,women,9845
2011,foreign,6,women,9699
2011,foreign,7,women,9610
2011,foreign,8,women,9593
2011,foreign,9,women,9431
2011,foreign,10,women,9324
2011,foreign,11,women,9450
2011,foreign,12,women,9479
2011,foreign,13,women,9609
2011,foreign,14,women,9807
2011,foreign,15,women,9987
2011,foreign,16,women,10481
2011,foreign,17,women,10691
2011,foreign,18,women,10858
2011,foreign,19,women,11206
2011,foreign,20,women,11782
2011,foreign,21,women,12321
2011,foreign,22,women,12889
2011,foreign,23,women,14007
2011,foreign,24,women,14869
2011,foreign,25,women,15555
2011,foreign,26,women,16304
2011,foreign,27,women,16758
2011,foreign,28,women,17010
2011,foreign,29,women,17115
2011,foreign,30,women,16679
2011,foreign,31,women,17538
2011,foreign,32,women,16638
2011,foreign,33,women,16385
2011,foreign,34,women,16301
2011,foreign,35,women,16101
2011,foreign,36,women,16159
2011,foreign,37,women,16098
2011,foreign,38,women,15646
2011,foreign,39,women,15991
2011,foreign,40,women,15647
2011,foreign,41,women,15836
2011,foreign,42,women,15471
2011,foreign,43,women,15323
2011,foreign,44,women,14908
2011,foreign,45,women,14518
2011,foreign,46,women,14501
2011,foreign,47,women,14241
2011,foreign,48,women,13867
2011,foreign,49,women,13605
2011,foreign,50,women,12991
2011,foreign,51,women,13290
2011,foreign,52,women,12477
2011,foreign,53,women,11837
2011,foreign,54,women,12008
2011,foreign,55,women,11623
2011,foreign,56,women,11198
2011,foreign,57,women,10872
2011,foreign,58,women,10313
2011,foreign,59,women,10041
2011,foreign,60,women,9656
2011,foreign,61,women,9763
2011,foreign,62,women,9570
2011,foreign,63,women,9284
2011,foreign,64,women,9075
2011,foreign,65,women,8425
2011,foreign,66,women,7420
2011,foreign,67,women,6560
2011,foreign,68,women,6246
2011,foreign,69,women,5676
2011,foreign,70,women,6241
2011,foreign,71,women,5773
2011,foreign,72,women,5917
2011,foreign,73,women,5585
2011,foreign,74,women,5477
2011,foreign,75,women,5162
2011,foreign,76,women,4937
2011,foreign,77,women,4749
2011,foreign,78,women,4248
2011,foreign,79,women,4199
2011,foreign,80,women,4059
2011,foreign,81,women,4153
2011,foreign,82,women,3537
2011,foreign,83,women,3331
2011,foreign,84,women,2955
2011,foreign,85,women,2743
2011,foreign,86,women,2433
2011,foreign,87,women,2018
2011,foreign,88,women,1800
2011,foreign,89,women,1431
2011,foreign,90,women,1111
2011,foreign,91,women,918
2011,foreign,92,women,644
2011,foreign,93,women,459
2011,foreign,94,women,338
2011,foreign,95,women,256
2011,foreign,96,women,181
2011,foreign,97,women,173
2011,foreign,98,women,104
2011,foreign,99,women,87
2011,foreign,100+,women,136
2012,Swedish,0,men,48377
2012,Swedish,1,men,47461
2012,Swedish,2,men,49350
2012,Swedish,3,men,48056
2012,Swedish,4,men,47304
2012,Swedish,5,men,46586
2012,Swedish,6,men,46407
2012,Swedish,7,men,44677
2012,Swedish,8,men,44658
2012,Swedish,9,men,44235
2012,Swedish,10,men,42677
2012,Swedish,11,men,40911
2012,Swedish,12,men,40406
2012,Swedish,13,men,39195
2012,Swedish,14,men,39685
2012,Swedish,15,men,40055
2012,Swedish,16,men,41959
2012,Swedish,17,men,45814
2012,Swedish,18,men,49854
2012,Swedish,19,men,52218
2012,Swedish,20,men,55656
2012,Swedish,21,men,56697
2012,Swedish,22,men,56816
2012,Swedish,23,men,53473
2012,Swedish,24,men,51672
2012,Swedish,25,men,47777
2012,Swedish,26,men,46624
2012,Swedish,27,men,45162
2012,Swedish,28,men,42884
2012,Swedish,29,men,42023
2012,Swedish,30,men,42153
2012,Swedish,31,men,42065
2012,Swedish,32,men,43456
2012,Swedish,33,men,42933
2012,Swedish,34,men,41568
2012,Swedish,35,men,43330
2012,Swedish,36,men,44135
2012,Swedish,37,men,46757
2012,Swedish,38,men,49908
2012,Swedish,39,men,49377
2012,Swedish,40,men,50344
2012,Swedish,41,men,50906
2012,Swedish,42,men,48884
2012,Swedish,43,men,48516
2012,Swedish,44,men,50914
2012,Swedish,45,men,54834
2012,Swedish,46,men,55610
2012,Swedish,47,men,55459
2012,Swedish,48,men,55099
2012,Swedish,49,men,51049
2012,Swedish,50,men,48003
2012,Swedish,51,men,46876
2012,Swedish,52,men,45431
2012,Swedish,53,men,46992
2012,Swedish,54,men,46937
2012,Swedish,55,men,47017
2012,Swedish,56,men,48062
2012,Swedish,57,men,47136
2012,Swedish,58,men,46032
2012,Swedish,59,men,48107
2012,Swedish,60,men,47611
2012,Swedish,61,men,47116
2012,Swedish,62,men,49172
2012,Swedish,63,men,51120
2012,Swedish,64,men,52575
2012,Swedish,65,men,52910
2012,Swedish,66,men,53759
2012,Swedish,67,men,53736
2012,Swedish,68,men,52363
2012,Swedish,69,men,47877
2012,Swedish,70,men,43140
2012,Swedish,71,men,36317
2012,Swedish,72,men,33910
2012,Swedish,73,men,33287
2012,Swedish,74,men,30965
2012,Swedish,75,men,28708
2012,Swedish,76,men,27000
2012,Swedish,77,men,24918
2012,Swedish,78,men,22703
2012,Swedish,79,men,21589
2012,Swedish,80,men,21176
2012,Swedish,81,men,19642
2012,Swedish,82,men,18591
2012,Swedish,83,men,16494
2012,Swedish,84,men,15773
2012,Swedish,85,men,13575
2012,Swedish,86,men,12332
2012,Swedish,87,men,11004
2012,Swedish,88,men,9348
2012,Swedish,89,men,8102
2012,Swedish,90,men,6393
2012,Swedish,91,men,5508
2012,Swedish,92,men,4410
2012,Swedish,93,men,2741
2012,Swedish,94,men,1946
2012,Swedish,95,men,1357
2012,Swedish,96,men,895
2012,Swedish,97,men,517
2012,Swedish,98,men,376
2012,Swedish,99,men,233
2012,Swedish,100+,men,250
2012,Swedish,0,women,45797
2012,Swedish,1,women,45245
2012,Swedish,2,women,46826
2012,Swedish,3,women,45284
2012,Swedish,4,women,44457
2012,Swedish,5,women,43983
2012,Swedish,6,women,43935
2012,Swedish,7,women,42288
2012,Swedish,8,women,42168
2012,Swedish,9,women,41572
2012,Swedish,10,women,40405
2012,Swedish,11,women,38277
2012,Swedish,12,women,37976
2012,Swedish,13,women,37110
2012,Swedish,14,women,37201
2012,Swedish,15,women,37807
2012,Swedish,16,women,40244
2012,Swedish,17,women,43328
2012,Swedish,18,women,47865
2012,Swedish,19,women,50204
2012,Swedish,20,women,52456
2012,Swedish,21,women,53277
2012,Swedish,22,women,53892
2012,Swedish,23,women,50386
2012,Swedish,24,women,48482
2012,Swedish,25,women,45592
2012,Swedish,26,women,44239
2012,Swedish,27,women,42467
2012,Swedish,28,women,40313
2012,Swedish,29,women,39313
2012,Swedish,30,women,39744
2012,Swedish,31,women,40268
2012,Swedish,32,women,41209
2012,Swedish,33,women,40815
2012,Swedish,34,women,39530
2012,Swedish,35,women,40518
2012,Swedish,36,women,41799
2012,Swedish,37,women,44283
2012,Swedish,38,women,47073
2012,Swedish,39,women,46888
2012,Swedish,40,women,47608
2012,Swedish,41,women,48056
2012,Swedish,42,women,46439
2012,Swedish,43,women,45676
2012,Swedish,44,women,48663
2012,Swedish,45,women,51906
2012,Swedish,46,women,52785
2012,Swedish,47,women,52958
2012,Swedish,48,women,53309
2012,Swedish,49,women,48607
2012,Swedish,50,women,46428
2012,Swedish,51,women,45032
2012,Swedish,52,women,44280
2012,Swedish,53,women,45046
2012,Swedish,54,women,45497
2012,Swedish,55,women,46267
2012,Swedish,56,women,46161
2012,Swedish,57,women,46175
2012,Swedish,58,women,45095
2012,Swedish,59,women,46799
2012,Swedish,60,women,46632
2012,Swedish,61,women,46363
2012,Swedish,62,women,48253
2012,Swedish,63,women,50657
2012,Swedish,64,women,52880
2012,Swedish,65,women,53103
2012,Swedish,66,women,53878
2012,Swedish,67,women,53691
2012,Swedish,68,women,52860
2012,Swedish,69,women,49247
2012,Swedish,70,women,44428
2012,Swedish,71,women,37961
2012,Swedish,72,women,36077
2012,Swedish,73,women,35801
2012,Swedish,74,women,34297
2012,Swedish,75,women,31869
2012,Swedish,76,women,30747
2012,Swedish,77,women,28477
2012,Swedish,78,women,27500
2012,Swedish,79,women,26679
2012,Swedish,80,women,26909
2012,Swedish,81,women,26014
2012,Swedish,82,women,25387
2012,Swedish,83,women,23590
2012,Swedish,84,women,23206
2012,Swedish,85,women,21189
2012,Swedish,86,women,20006
2012,Swedish,87,women,18673
2012,Swedish,88,women,16999
2012,Swedish,89,women,14962
2012,Swedish,90,women,12949
2012,Swedish,91,women,12144
2012,Swedish,92,women,10459
2012,Swedish,93,women,6799
2012,Swedish,94,women,5134
2012,Swedish,95,women,4089
2012,Swedish,96,women,2859
2012,Swedish,97,women,2011
2012,Swedish,98,women,1445
2012,Swedish,99,women,965
2012,Swedish,100+,women,1411
2012,foreign,0,men,9932
2012,foreign,1,men,10598
2012,foreign,2,men,11363
2012,foreign,3,men,11214
2012,foreign,4,men,11068
2012,foreign,5,men,11075
2012,foreign,6,men,10800
2012,foreign,7,men,10340
2012,foreign,8,men,10555
2012,foreign,9,men,9974
2012,foreign,10,men,9911
2012,foreign,11,men,9870
2012,foreign,12,men,10362
2012,foreign,13,men,10226
2012,foreign,14,men,10723
2012,foreign,15,men,10950
2012,foreign,16,men,11813
2012,foreign,17,men,12650
2012,foreign,18,men,12736
2012,foreign,19,men,12741
2012,foreign,20,men,12516
2012,foreign,21,men,12936
2012,foreign,22,men,13460
2012,foreign,23,men,13599
2012,foreign,24,men,14749
2012,foreign,25,men,15623
2012,foreign,26,men,16996
2012,foreign,27,men,17989
2012,foreign,28,men,18437
2012,foreign,29,men,18339
2012,foreign,30,men,18614
2012,foreign,31,men,18107
2012,foreign,32,men,18605
2012,foreign,33,men,17611
2012,foreign,34,men,17125
2012,foreign,35,men,16483
2012,foreign,36,men,16474
2012,foreign,37,men,16201
2012,foreign,38,men,15743
2012,foreign,39,men,15282
2012,foreign,40,men,15363
2012,foreign,41,men,14857
2012,foreign,42,men,15080
2012,foreign,43,men,14676
2012,foreign,44,men,14959
2012,foreign,45,men,14778
2012,foreign,46,men,14622
2012,foreign,47,men,14808
2012,foreign,48,men,14511
2012,foreign,49,men,14269
2012,foreign,50,men,13795
2012,foreign,51,men,12901
2012,foreign,52,men,13196
2012,foreign,53,men,12039
2012,foreign,54,men,11630
2012,foreign,55,men,11684
2012,foreign,56,men,11183
2012,foreign,57,men,10449
2012,foreign,58,men,10306
2012,foreign,59,men,9499
2012,foreign,60,men,9077
2012,foreign,61,men,8503
2012,foreign,62,men,8837
2012,foreign,63,men,8278
2012,foreign,64,men,8304
2012,foreign,65,men,8175
2012,foreign,66,men,7665
2012,foreign,67,men,6705
2012,foreign,68,men,6422
2012,foreign,69,men,6044
2012,foreign,70,men,5974
2012,foreign,71,men,6001
2012,foreign,72,men,5610
2012,foreign,73,men,5253
2012,foreign,74,men,4816
2012,foreign,75,men,4320
2012,foreign,76,men,3811
2012,foreign,77,men,3528
2012,foreign,78,men,3099
2012,foreign,79,men,2724
2012,foreign,80,men,2506
2012,foreign,81,men,2189
2012,foreign,82,men,2154
2012,foreign,83,men,1789
2012,foreign,84,men,1504
2012,foreign,85,men,1238
2012,foreign,86,men,1117
2012,foreign,87,men,898
2012,foreign,88,men,744
2012,foreign,89,men,639
2012,foreign,90,men,457
2012,foreign,91,men,376
2012,foreign,92,men,257
2012,foreign,93,men,173
2012,foreign,94,men,107
2012,foreign,95,men,80
2012,foreign,96,men,46
2012,foreign,97,men,32
2012,foreign,98,men,22
2012,foreign,99,men,13
2012,foreign,100+,men,25
2012,foreign,0,women,9381
2012,foreign,1,women,10148
2012,foreign,2,women,10685
2012,foreign,3,women,10621
2012,foreign,4,women,10416
2012,foreign,5,women,10427
2012,foreign,6,women,10250
2012,foreign,7,women,10117
2012,foreign,8,women,9963
2012,foreign,9,women,9983
2012,foreign,10,women,9815
2012,foreign,11,women,9798
2012,foreign,12,women,9885
2012,foreign,13,women,9850
2012,foreign,14,women,10000
2012,foreign,15,women,10173
2012,foreign,16,women,10465
2012,foreign,17,women,11004
2012,foreign,18,women,11234
2012,foreign,19,women,11513
2012,foreign,20,women,11939
2012,foreign,21,women,12540
2012,foreign,22,women,13329
2012,foreign,23,women,14063
2012,foreign,24,women,15215
2012,foreign,25,women,16045
2012,foreign,26,women,16631
2012,foreign,27,women,17210
2012,foreign,28,women,17593
2012,foreign,29,women,17803
2012,foreign,30,women,17933
2012,foreign,31,women,17328
2012,foreign,32,women,18166
2012,foreign,33,women,17273
2012,foreign,34,women,16984
2012,foreign,35,women,16799
2012,foreign,36,women,16572
2012,foreign,37,women,16568
2012,foreign,38,women,16546
2012,foreign,39,women,16041
2012,foreign,40,women,16364
2012,foreign,41,women,15945
2012,foreign,42,women,16135
2012,foreign,43,women,15749
2012,foreign,44,women,15562
2012,foreign,45,women,15118
2012,foreign,46,women,14731
2012,foreign,47,women,14673
2012,foreign,48,women,14359
2012,foreign,49,women,14005
2012,foreign,50,women,13688
2012,foreign,51,women,13093
2012,foreign,52,women,13405
2012,foreign,53,women,12534
2012,foreign,54,women,11905
2012,foreign,55,women,12070
2012,foreign,56,women,11689
2012,foreign,57,women,11221
2012,foreign,58,women,10912
2012,foreign,59,women,10322
2012,foreign,60,women,10032
2012,foreign,61,women,9656
2012,foreign,62,women,9771
2012,foreign,63,women,9503
2012,foreign,64,women,9227
2012,foreign,65,women,9038
2012,foreign,66,women,8366
2012,foreign,67,women,7380
2012,foreign,68,women,6526
2012,foreign,69,women,6186
2012,foreign,70,women,5627
2012,foreign,71,women,6159
2012,foreign,72,women,5688
2012,foreign,73,women,5804
2012,foreign,74,women,5478
2012,foreign,75,women,5370
2012,foreign,76,women,5048
2012,foreign,77,women,4802
2012,foreign,78,women,4609
2012,foreign,79,women,4110
2012,foreign,80,women,4018
2012,foreign,81,women,3858
2012,foreign,82,women,3941
2012,foreign,83,women,3337
2012,foreign,84,women,3102
2012,foreign,85,women,2761
2012,foreign,86,women,2514
2012,foreign,87,women,2224
2012,foreign,88,women,1799
2012,foreign,89,women,1612
2012,foreign,90,women,1225
2012,foreign,91,women,945
2012,foreign,92,women,752
2012,foreign,93,women,543
2012,foreign,94,women,357
2012,foreign,95,women,253
2012,foreign,96,women,208
2012,foreign,97,women,125
2012,foreign,98,women,125
2012,foreign,99,women,70
2012,foreign,100+,women,150
2013,Swedish,0,men,48284
2013,Swedish,1,men,47838
2013,Swedish,2,men,47239
2013,Swedish,3,men,49196
2013,Swedish,4,men,47951
2013,Swedish,5,men,47217
2013,Swedish,6,men,46521
2013,Swedish,7,men,46351
2013,Swedish,8,men,44670
2013,Swedish,9,men,44640
2013,Swedish,10,men,44237
2013,Swedish,11,men,42683
2013,Swedish,12,men,40906
2013,Swedish,13,men,40412
2013,Swedish,14,men,39212
2013,Swedish,15,men,39693
2013,Swedish,16,men,40074
2013,Swedish,17,men,41968
2013,Swedish,18,men,45832
2013,Swedish,19,men,49809
2013,Swedish,20,men,52150
2013,Swedish,21,men,55550
2013,Swedish,22,men,56598
2013,Swedish,23,men,56686
2013,Swedish,24,men,53363
2013,Swedish,25,men,51563
2013,Swedish,26,men,47640
2013,Swedish,27,men,46503
2013,Swedish,28,men,45052
2013,Swedish,29,men,42782
2013,Swedish,30,men,41920
2013,Swedish,31,men,42024
2013,Swedish,32,men,41967
2013,Swedish,33,men,43372
2013,Swedish,34,men,42847
2013,Swedish,35,men,41509
2013,Swedish,36,men,43241
2013,Swedish,37,men,44067
2013,Swedish,38,men,46671
2013,Swedish,39,men,49858
2013,Swedish,40,men,49310
2013,Swedish,41,men,50278
2013,Swedish,42,men,50822
2013,Swedish,43,men,48849
2013,Swedish,44,men,48440
2013,Swedish,45,men,50858
2013,Swedish,46,men,54728
2013,Swedish,47,men,55527
2013,Swedish,48,men,55378
2013,Swedish,49,men,54976
2013,Swedish,50,men,50935
2013,Swedish,51,men,47885
2013,Swedish,52,men,46761
2013,Swedish,53,men,45270
2013,Swedish,54,men,46817
2013,Swedish,55,men,46755
2013,Swedish,56,men,46870
2013,Swedish,57,men,47852
2013,Swedish,58,men,46920
2013,Swedish,59,men,45757
2013,Swedish,60,men,47796
2013,Swedish,61,men,47272
2013,Swedish,62,men,46718
2013,Swedish,63,men,48775
2013,Swedish,64,men,50619
2013,Swedish,65,men,52048
2013,Swedish,66,men,52322
2013,Swedish,67,men,53089
2013,Swedish,68,men,52997
2013,Swedish,69,men,51625
2013,Swedish,70,men,47065
2013,Swedish,71,men,42372
2013,Swedish,72,men,35583
2013,Swedish,73,men,33211
2013,Swedish,74,men,32464
2013,Swedish,75,men,30026
2013,Swedish,76,men,27795
2013,Swedish,77,men,26071
2013,Swedish,78,men,23978
2013,Swedish,79,men,21706
2013,Swedish,80,men,20487
2013,Swedish,81,men,19981
2013,Swedish,82,men,18391
2013,Swedish,83,men,17220
2013,Swedish,84,men,15117
2013,Swedish,85,men,14244
2013,Swedish,86,men,12112
2013,Swedish,87,men,10874
2013,Swedish,88,men,9494
2013,Swedish,89,men,7913
2013,Swedish,90,men,6692
2013,Swedish,91,men,5167
2013,Swedish,92,men,4249
2013,Swedish,93,men,3384
2013,Swedish,94,men,2018
2013,Swedish,95,men,1387
2013,Swedish,96,men,943
2013,Swedish,97,men,596
2013,Swedish,98,men,317
2013,Swedish,99,men,249
2013,Swedish,100+,men,277
2013,Swedish,0,women,45591
2013,Swedish,1,women,45305
2013,Swedish,2,women,44985
2013,Swedish,3,women,46681
2013,Swedish,4,women,45183
2013,Swedish,5,women,44362
2013,Swedish,6,women,43931
2013,Swedish,7,women,43868
2013,Swedish,8,women,42268
2013,Swedish,9,women,42157
2013,Swedish,10,women,41578
2013,Swedish,11,women,40405
2013,Swedish,12,women,38278
2013,Swedish,13,women,37967
2013,Swedish,14,women,37110
2013,Swedish,15,women,37198
2013,Swedish,16,women,37826
2013,Swedish,17,women,40259
2013,Swedish,18,women,43359
2013,Swedish,19,women,47727
2013,Swedish,20,women,50116
2013,Swedish,21,women,52355
2013,Swedish,22,women,53181
2013,Swedish,23,women,53793
2013,Swedish,24,women,50281
2013,Swedish,25,women,48362
2013,Swedish,26,women,45480
2013,Swedish,27,women,44116
2013,Swedish,28,women,42319
2013,Swedish,29,women,40265
2013,Swedish,30,women,39193
2013,Swedish,31,women,39644
2013,Swedish,32,women,40176
2013,Swedish,33,women,41147
2013,Swedish,34,women,40758
2013,Swedish,35,women,39490
2013,Swedish,36,women,40476
2013,Swedish,37,women,41767
2013,Swedish,38,women,44257
2013,Swedish,39,women,47037
2013,Swedish,40,women,46848
2013,Swedish,41,women,47590
2013,Swedish,42,women,48024
2013,Swedish,43,women,46425
2013,Swedish,44,women,45644
2013,Swedish,45,women,48635
2013,Swedish,46,women,51853
2013,Swedish,47,women,52754
2013,Swedish,48,women,52884
2013,Swedish,49,women,53245
2013,Swedish,50,women,48566
2013,Swedish,51,women,46340
2013,Swedish,52,women,44944
2013,Swedish,53,women,44187
2013,Swedish,54,women,44933
2013,Swedish,55,women,45376
2013,Swedish,56,women,46131
2013,Swedish,57,women,46029
2013,Swedish,58,women,46017
2013,Swedish,59,women,44913
2013,Swedish,60,women,46610
2013,Swedish,61,women,46435
2013,Swedish,62,women,46152
2013,Swedish,63,women,47992
2013,Swedish,64,women,50340
2013,Swedish,65,women,52516
2013,Swedish,66,women,52698
2013,Swedish,67,women,53463
2013,Swedish,68,women,53204
2013,Swedish,69,women,52315
2013,Swedish,70,women,48710
2013,Swedish,71,women,43902
2013,Swedish,72,women,37509
2013,Swedish,73,women,35529
2013,Swedish,74,women,35200
2013,Swedish,75,women,33639
2013,Swedish,76,women,31197
2013,Swedish,77,women,29997
2013,Swedish,78,women,27724
2013,Swedish,79,women,26671
2013,Swedish,80,women,25713
2013,Swedish,81,women,25793
2013,Swedish,82,women,24828
2013,Swedish,83,women,24098
2013,Swedish,84,women,22201
2013,Swedish,85,women,21639
2013,Swedish,86,women,19550
2013,Swedish,87,women,18210
2013,Swedish,88,women,16820
2013,Swedish,89,women,14934
2013,Swedish,90,women,12985
2013,Swedish,91,women,10974
2013,Swedish,92,women,10027
2013,Swedish,93,women,8530
2013,Swedish,94,women,5395
2013,Swedish,95,women,3974
2013,Swedish,96,women,3039
2013,Swedish,97,women,2056
2013,Swedish,98,women,1383
2013,Swedish,99,women,958
2013,Swedish,100+,women,1447
2013,foreign,0,men,10365
2013,foreign,1,men,11201
2013,foreign,2,men,11482
2013,foreign,3,men,12064
2013,foreign,4,men,11874
2013,foreign,5,men,11795
2013,foreign,6,men,11738
2013,foreign,7,men,11507
2013,foreign,8,men,11025
2013,foreign,9,men,11268
2013,foreign,10,men,10664
2013,foreign,11,men,10636
2013,foreign,12,men,10506
2013,foreign,13,men,11128
2013,foreign,14,men,10947
2013,foreign,15,men,11601
2013,foreign,16,men,12001
2013,foreign,17,men,12962
2013,foreign,18,men,13471
2013,foreign,19,men,13382
2013,foreign,20,men,13359
2013,foreign,21,men,13167
2013,foreign,22,men,13782
2013,foreign,23,men,14583
2013,foreign,24,men,14750
2013,foreign,25,men,15980
2013,foreign,26,men,16794
2013,foreign,27,men,18096
2013,foreign,28,men,18934
2013,foreign,29,men,19417
2013,foreign,30,men,19148
2013,foreign,31,men,19391
2013,foreign,32,men,18755
2013,foreign,33,men,19258
2013,foreign,34,men,18273
2013,foreign,35,men,17689
2013,foreign,36,men,17058
2013,foreign,37,men,16985
2013,foreign,38,men,16624
2013,foreign,39,men,16183
2013,foreign,40,men,15643
2013,foreign,41,men,15739
2013,foreign,42,men,15213
2013,foreign,43,men,15435
2013,foreign,44,men,14960
2013,foreign,45,men,15206
2013,foreign,46,men,15024
2013,foreign,47,men,14843
2013,foreign,48,men,14990
2013,foreign,49,men,14679
2013,foreign,50,men,14378
2013,foreign,51,men,13931
2013,foreign,52,men,12946
2013,foreign,53,men,13311
2013,foreign,54,men,12110
2013,foreign,55,men,11679
2013,foreign,56,men,11749
2013,foreign,57,men,11176
2013,foreign,58,men,10470
2013,foreign,59,men,10302
2013,foreign,60,men,9469
2013,foreign,61,men,9020
2013,foreign,62,men,8461
2013,foreign,63,men,8757
2013,foreign,64,men,8252
2013,foreign,65,men,8201
2013,foreign,66,men,8091
2013,foreign,67,men,7588
2013,foreign,68,men,6623
2013,foreign,69,men,6327
2013,foreign,70,men,5952
2013,foreign,71,men,5817
2013,foreign,72,men,5846
2013,foreign,73,men,5460
2013,foreign,74,men,5110
2013,foreign,75,men,4673
2013,foreign,76,men,4152
2013,foreign,77,men,3637
2013,foreign,78,men,3382
2013,foreign,79,men,2952
2013,foreign,80,men,2572
2013,foreign,81,men,2328
2013,foreign,82,men,2034
2013,foreign,83,men,1994
2013,foreign,84,men,1611
2013,foreign,85,men,1363
2013,foreign,86,men,1102
2013,foreign,87,men,1001
2013,foreign,88,men,792
2013,foreign,89,men,635
2013,foreign,90,men,540
2013,foreign,91,men,381
2013,foreign,92,men,314
2013,foreign,93,men,199
2013,foreign,94,men,138
2013,foreign,95,men,74
2013,foreign,96,men,60
2013,foreign,97,men,36
2013,foreign,98,men,20
2013,foreign,99,men,16
2013,foreign,100+,men,22
2013,foreign,0,women,9768
2013,foreign,1,women,10579
2013,foreign,2,women,10854
2013,foreign,3,women,11343
2013,foreign,4,women,11236
2013,foreign,5,women,11129
2013,foreign,6,women,11106
2013,foreign,7,women,10932
2013,foreign,8,women,10831
2013,foreign,9,women,10634
2013,foreign,10,women,10602
2013,foreign,11,women,10485
2013,foreign,12,women,10371
2013,foreign,13,women,10525
2013,foreign,14,women,10480
2013,foreign,15,women,10694
2013,foreign,16,women,10927
2013,foreign,17,women,11174
2013,foreign,18,women,11684
2013,foreign,19,women,11986
2013,foreign,20,women,12279
2013,foreign,21,women,12688
2013,foreign,22,women,13496
2013,foreign,23,women,14462
2013,foreign,24,women,15301
2013,foreign,25,women,16447
2013,foreign,26,women,17151
2013,foreign,27,women,17733
2013,foreign,28,women,18107
2013,foreign,29,women,18514
2013,foreign,30,women,18625
2013,foreign,31,women,18670
2013,foreign,32,women,18029
2013,foreign,33,women,18933
2013,foreign,34,women,17859
2013,foreign,35,women,17586
2013,foreign,36,women,17332
2013,foreign,37,women,17045
2013,foreign,38,women,17046
2013,foreign,39,women,16991
2013,foreign,40,women,16418
2013,foreign,41,women,16758
2013,foreign,42,women,16277
2013,foreign,43,women,16484
2013,foreign,44,women,16042
2013,foreign,45,women,15864
2013,foreign,46,women,15341
2013,foreign,47,women,14919
2013,foreign,48,women,14883
2013,foreign,49,women,14542
2013,foreign,50,women,14144
2013,foreign,51,women,13804
2013,foreign,52,women,13215
2013,foreign,53,women,13511
2013,foreign,54,women,12587
2013,foreign,55,women,11986
2013,foreign,56,women,12120
2013,foreign,57,women,11725
2013,foreign,58,women,11270
2013,foreign,59,women,10938
2013,foreign,60,women,10338
2013,foreign,61,women,10028
2013,foreign,62,women,9648
2013,foreign,63,women,9744
2013,foreign,64,women,9469
2013,foreign,65,women,9180
2013,foreign,66,women,8953
2013,foreign,67,women,8309
2013,foreign,68,women,7307
2013,foreign,69,women,6500
2013,foreign,70,women,6131
2013,foreign,71,women,5558
2013,foreign,72,women,6091
2013,foreign,73,women,5597
2013,foreign,74,women,5723
2013,foreign,75,women,5398
2013,foreign,76,women,5261
2013,foreign,77,women,4929
2013,foreign,78,women,4635
2013,foreign,79,women,4481
2013,foreign,80,women,3949
2013,foreign,81,women,3852
2013,foreign,82,women,3690
2013,foreign,83,women,3715
2013,foreign,84,women,3114
2013,foreign,85,women,2879
2013,foreign,86,women,2555
2013,foreign,87,women,2309
2013,foreign,88,women,1991
2013,foreign,89,women,1597
2013,foreign,90,women,1387
2013,foreign,91,women,1049
2013,foreign,92,women,781
2013,foreign,93,women,612
2013,foreign,94,women,434
2013,foreign,95,women,281
2013,foreign,96,women,180
2013,foreign,97,women,155
2013,foreign,98,women,78
2013,foreign,99,women,78
2013,foreign,100+,women,133
2014,Swedish,0,men,48199
2014,Swedish,1,men,47750
2014,Swedish,2,men,47575
2014,Swedish,3,men,47065
2014,Swedish,4,men,49060
2014,Swedish,5,men,47867
2014,Swedish,6,men,47164
2014,Swedish,7,men,46496
2014,Swedish,8,men,46321
2014,Swedish,9,men,44652
2014,Swedish,10,men,44638
2014,Swedish,11,men,44226
2014,Swedish,12,men,42693
2014,Swedish,13,men,40915
2014,Swedish,14,men,40424
2014,Swedish,15,men,39206
2014,Swedish,16,men,39710
2014,Swedish,17,men,40082
2014,Swedish,18,men,41998
2014,Swedish,19,men,45816
2014,Swedish,20,men,49745
2014,Swedish,21,men,52088
2014,Swedish,22,men,55474
2014,Swedish,23,men,56485
2014,Swedish,24,men,56559
2014,Swedish,25,men,53246
2014,Swedish,26,men,51419
2014,Swedish,27,men,47503
2014,Swedish,28,men,46389
2014,Swedish,29,men,44940
2014,Swedish,30,men,42700
2014,Swedish,31,men,41789
2014,Swedish,32,men,41938
2014,Swedish,33,men,41907
2014,Swedish,34,men,43328
2014,Swedish,35,men,42790
2014,Swedish,36,men,41451
2014,Swedish,37,men,43177
2014,Swedish,38,men,44008
2014,Swedish,39,men,46640
2014,Swedish,40,men,49775
2014,Swedish,41,men,49275
2014,Swedish,42,men,50214
2014,Swedish,43,men,50784
2014,Swedish,44,men,48794
2014,Swedish,45,men,48376
2014,Swedish,46,men,50790
2014,Swedish,47,men,54616
2014,Swedish,48,men,55413
2014,Swedish,49,men,55242
2014,Swedish,50,men,54859
2014,Swedish,51,men,50788
2014,Swedish,52,men,47739
2014,Swedish,53,men,46629
2014,Swedish,54,men,45123
2014,Swedish,55,men,46673
2014,Swedish,56,men,46577
2014,Swedish,57,men,46637
2014,Swedish,58,men,47604
2014,Swedish,59,men,46644
2014,Swedish,60,men,45488
2014,Swedish,61,men,47457
2014,Swedish,62,men,46916
2014,Swedish,63,men,46291
2014,Swedish,64,men,48340
2014,Swedish,65,men,50131
2014,Swedish,66,men,51485
2014,Swedish,67,men,51698
2014,Swedish,68,men,52350
2014,Swedish,69,men,52224
2014,Swedish,70,men,50763
2014,Swedish,71,men,46207
2014,Swedish,72,men,41533
2014,Swedish,73,men,34876
2014,Swedish,74,men,32401
2014,Swedish,75,men,31560
2014,Swedish,76,men,29072
2014,Swedish,77,men,26777
2014,Swedish,78,men,25038
2014,Swedish,79,men,22962
2014,Swedish,80,men,20666
2014,Swedish,81,men,19326
2014,Swedish,82,men,18694
2014,Swedish,83,men,17065
2014,Swedish,84,men,15765
2014,Swedish,85,men,13732
2014,Swedish,86,men,12725
2014,Swedish,87,men,10714
2014,Swedish,88,men,9394
2014,Swedish,89,men,8096
2014,Swedish,90,men,6560
2014,Swedish,91,men,5418
2014,Swedish,92,men,4140
2014,Swedish,93,men,3282
2014,Swedish,94,men,2554
2014,Swedish,95,men,1488
2014,Swedish,96,men,960
2014,Swedish,97,men,655
2014,Swedish,98,men,394
2014,Swedish,99,men,195
2014,Swedish,100+,men,291
2014,Swedish,0,women,45654
2014,Swedish,1,women,44990
2014,Swedish,2,women,45086
2014,Swedish,3,women,44852
2014,Swedish,4,women,46584
2014,Swedish,5,women,45088
2014,Swedish,6,women,44290
2014,Swedish,7,women,43892
2014,Swedish,8,women,43849
2014,Swedish,9,women,42256
2014,Swedish,10,women,42155
2014,Swedish,11,women,41575
2014,Swedish,12,women,40413
2014,Swedish,13,women,38275
2014,Swedish,14,women,37964
2014,Swedish,15,women,37118
2014,Swedish,16,women,37204
2014,Swedish,17,women,37829
2014,Swedish,18,women,40287
2014,Swedish,19,women,43271
2014,Swedish,20,women,47649
2014,Swedish,21,women,49997
2014,Swedish,22,women,52242
2014,Swedish,23,women,53055
2014,Swedish,24,women,53660
2014,Swedish,25,women,50172
2014,Swedish,26,women,48323
2014,Swedish,27,women,45357
2014,Swedish,28,women,44069
2014,Swedish,29,women,42248
2014,Swedish,30,women,40183
2014,Swedish,31,women,39157
2014,Swedish,32,women,39569
2014,Swedish,33,women,40137
2014,Swedish,34,women,41119
2014,Swedish,35,women,40745
2014,Swedish,36,women,39463
2014,Swedish,37,women,40450
2014,Swedish,38,women,41735
2014,Swedish,39,women,44253
2014,Swedish,40,women,47004
2014,Swedish,41,women,46847
2014,Swedish,42,women,47570
2014,Swedish,43,women,47998
2014,Swedish,44,women,46398
2014,Swedish,45,women,45613
2014,Swedish,46,women,48591
2014,Swedish,47,women,51794
2014,Swedish,48,women,52667
2014,Swedish,49,women,52808
2014,Swedish,50,women,53173
2014,Swedish,51,women,48491
2014,Swedish,52,women,46239
2014,Swedish,53,women,44855
2014,Swedish,54,women,44077
2014,Swedish,55,women,44824
2014,Swedish,56,women,45280
2014,Swedish,57,women,45987
2014,Swedish,58,women,45887
2014,Swedish,59,women,45809
2014,Swedish,60,women,44736
2014,Swedish,61,women,46406
2014,Swedish,62,women,46204
2014,Swedish,63,women,45892
2014,Swedish,64,women,47685
2014,Swedish,65,women,50032
2014,Swedish,66,women,52120
2014,Swedish,67,women,52249
2014,Swedish,68,women,53017
2014,Swedish,69,women,52684
2014,Swedish,70,women,51776
2014,Swedish,71,women,48149
2014,Swedish,72,women,43349
2014,Swedish,73,women,36977
2014,Swedish,74,women,34943
2014,Swedish,75,women,34578
2014,Swedish,76,women,32992
2014,Swedish,77,women,30480
2014,Swedish,78,women,29232
2014,Swedish,79,women,26947
2014,Swedish,80,women,25812
2014,Swedish,81,women,24760
2014,Swedish,82,women,24662
2014,Swedish,83,women,23596
2014,Swedish,84,women,22674
2014,Swedish,85,women,20741
2014,Swedish,86,women,19922
2014,Swedish,87,women,17896
2014,Swedish,88,women,16424
2014,Swedish,89,women,14931
2014,Swedish,90,women,13049
2014,Swedish,91,women,11110
2014,Swedish,92,women,9159
2014,Swedish,93,women,8156
2014,Swedish,94,women,6772
2014,Swedish,95,women,4185
2014,Swedish,96,women,3003
2014,Swedish,97,women,2196
2014,Swedish,98,women,1435
2014,Swedish,99,women,927
2014,Swedish,100+,women,1496
2014,foreign,0,men,11385
2014,foreign,1,men,11739
2014,foreign,2,men,12232
2014,foreign,3,men,12330
2014,foreign,4,men,12849
2014,foreign,5,men,12508
2014,foreign,6,men,12545
2014,foreign,7,men,12395
2014,foreign,8,men,12154
2014,foreign,9,men,11653
2014,foreign,10,men,11900
2014,foreign,11,men,11295
2014,foreign,12,men,11265
2014,foreign,13,men,11191
2014,foreign,14,men,11871
2014,foreign,15,men,11836
2014,foreign,16,men,12852
2014,foreign,17,men,13310
2014,foreign,18,men,13985
2014,foreign,19,men,14260
2014,foreign,20,men,14243
2014,foreign,21,men,14409
2014,foreign,22,men,14333
2014,foreign,23,men,15147
2014,foreign,24,men,16100
2014,foreign,25,men,16296
2014,foreign,26,men,17544
2014,foreign,27,men,18236
2014,foreign,28,men,19449
2014,foreign,29,men,20216
2014,foreign,30,men,20510
2014,foreign,31,men,20119
2014,foreign,32,men,20354
2014,foreign,33,men,19579
2014,foreign,34,men,20136
2014,foreign,35,men,19115
2014,foreign,36,men,18404
2014,foreign,37,men,17716
2014,foreign,38,men,17560
2014,foreign,39,men,17248
2014,foreign,40,men,16754
2014,foreign,41,men,16215
2014,foreign,42,men,16219
2014,foreign,43,men,15665
2014,foreign,44,men,15870
2014,foreign,45,men,15369
2014,foreign,46,men,15563
2014,foreign,47,men,15329
2014,foreign,48,men,15162
2014,foreign,49,men,15223
2014,foreign,50,men,14929
2014,foreign,51,men,14563
2014,foreign,52,men,14122
2014,foreign,53,men,13082
2014,foreign,54,men,13444
2014,foreign,55,men,12184
2014,foreign,56,men,11750
2014,foreign,57,men,11804
2014,foreign,58,men,11230
2014,foreign,59,men,10453
2014,foreign,60,men,10293
2014,foreign,61,men,9442
2014,foreign,62,men,9000
2014,foreign,63,men,8428
2014,foreign,64,men,8717
2014,foreign,65,men,8190
2014,foreign,66,men,8125
2014,foreign,67,men,7995
2014,foreign,68,men,7454
2014,foreign,69,men,6537
2014,foreign,70,men,6226
2014,foreign,71,men,5836
2014,foreign,72,men,5684
2014,foreign,73,men,5722
2014,foreign,74,men,5333
2014,foreign,75,men,4938
2014,foreign,76,men,4509
2014,foreign,77,men,3997
2014,foreign,78,men,3473
2014,foreign,79,men,3215
2014,foreign,80,men,2794
2014,foreign,81,men,2413
2014,foreign,82,men,2176
2014,foreign,83,men,1873
2014,foreign,84,men,1824
2014,foreign,85,men,1444
2014,foreign,86,men,1231
2014,foreign,87,men,950
2014,foreign,88,men,883
2014,foreign,89,men,698
2014,foreign,90,men,549
2014,foreign,91,men,452
2014,foreign,92,men,310
2014,foreign,93,men,232
2014,foreign,94,men,151
2014,foreign,95,men,110
2014,foreign,96,men,59
2014,foreign,97,men,45
2014,foreign,98,men,23
2014,foreign,99,men,12
2014,foreign,100+,men,30
2014,foreign,0,women,10642
2014,foreign,1,women,11093
2014,foreign,2,women,11496
2014,foreign,3,women,11577
2014,foreign,4,women,11999
2014,foreign,5,women,11936
2014,foreign,6,women,11816
2014,foreign,7,women,11749
2014,foreign,8,women,11555
2014,foreign,9,women,11428
2014,foreign,10,women,11209
2014,foreign,11,women,11178
2014,foreign,12,women,11037
2014,foreign,13,women,10924
2014,foreign,14,women,11114
2014,foreign,15,women,11066
2014,foreign,16,women,11423
2014,foreign,17,women,11613
2014,foreign,18,women,11868
2014,foreign,19,women,12502
2014,foreign,20,women,12883
2014,foreign,21,women,13060
2014,foreign,22,women,13749
2014,foreign,23,women,14734
2014,foreign,24,women,15917
2014,foreign,25,women,16582
2014,foreign,26,women,17661
2014,foreign,27,women,18260
2014,foreign,28,women,18738
2014,foreign,29,women,19107
2014,foreign,30,women,19472
2014,foreign,31,women,19458
2014,foreign,32,women,19470
2014,foreign,33,women,18793
2014,foreign,34,women,19660
2014,foreign,35,women,18437
2014,foreign,36,women,18192
2014,foreign,37,women,17925
2014,foreign,38,women,17553
2014,foreign,39,women,17506
2014,foreign,40,women,17429
2014,foreign,41,women,16764
2014,foreign,42,women,17155
2014,foreign,43,women,16608
2014,foreign,44,women,16776
2014,foreign,45,women,16316
2014,foreign,46,women,16124
2014,foreign,47,women,15546
2014,foreign,48,women,15100
2014,foreign,49,women,15102
2014,foreign,50,women,14753
2014,foreign,51,women,14298
2014,foreign,52,women,13917
2014,foreign,53,women,13358
2014,foreign,54,women,13605
2014,foreign,55,women,12679
2014,foreign,56,women,12066
2014,foreign,57,women,12160
2014,foreign,58,women,11762
2014,foreign,59,women,11298
2014,foreign,60,women,10931
2014,foreign,61,women,10337
2014,foreign,62,women,10013
2014,foreign,63,women,9651
2014,foreign,64,women,9735
2014,foreign,65,women,9409
2014,foreign,66,women,9095
2014,foreign,67,women,8884
2014,foreign,68,women,8220
2014,foreign,69,women,7239
2014,foreign,70,women,6432
2014,foreign,71,women,6039
2014,foreign,72,women,5503
2014,foreign,73,women,6000
2014,foreign,74,women,5508
2014,foreign,75,women,5604
2014,foreign,76,women,5296
2014,foreign,77,women,5132
2014,foreign,78,women,4798
2014,foreign,79,women,4481
2014,foreign,80,women,4334
2014,foreign,81,women,3820
2014,foreign,82,women,3663
2014,foreign,83,women,3513
2014,foreign,84,women,3494
2014,foreign,85,women,2893
2014,foreign,86,women,2680
2014,foreign,87,women,2305
2014,foreign,88,women,2060
2014,foreign,89,women,1769
2014,foreign,90,women,1410
2014,foreign,91,women,1191
2014,foreign,92,women,884
2014,foreign,93,women,652
2014,foreign,94,women,486
2014,foreign,95,women,325
2014,foreign,96,women,216
2014,foreign,97,women,131
2014,foreign,98,women,113
2014,foreign,99,women,54
2014,foreign,100+,women,136
2015,Swedish,0,men,48069
2015,Swedish,1,men,47742
2015,Swedish,2,men,47466
2015,Swedish,3,men,47402
2015,Swedish,4,men,46967
2015,Swedish,5,men,48953
2015,Swedish,6,men,47794
2015,Swedish,7,men,47112
2015,Swedish,8,men,46452
2015,Swedish,9,men,46302
2015,Swedish,10,men,44620
2015,Swedish,11,men,44619
2015,Swedish,12,men,44216
2015,Swedish,13,men,42676
2015,Swedish,14,men,40924
2015,Swedish,15,men,40434
2015,Swedish,16,men,39221
2015,Swedish,17,men,39717
2015,Swedish,18,men,40092
2015,Swedish,19,men,41988
2015,Swedish,20,men,45773
2015,Swedish,21,men,49702
2015,Swedish,22,men,52004
2015,Swedish,23,men,55412
2015,Swedish,24,men,56374
2015,Swedish,25,men,56444
2015,Swedish,26,men,53097
2015,Swedish,27,men,51300
2015,Swedish,28,men,47408
2015,Swedish,29,men,46280
2015,Swedish,30,men,44821
2015,Swedish,31,men,42604
2015,Swedish,32,men,41713
2015,Swedish,33,men,41872
2015,Swedish,34,men,41838
2015,Swedish,35,men,43273
2015,Swedish,36,men,42706
2015,Swedish,37,men,41390
2015,Swedish,38,men,43124
2015,Swedish,39,men,43972
2015,Swedish,40,men,46567
2015,Swedish,41,men,49657
2015,Swedish,42,men,49187
2015,Swedish,43,men,50160
2015,Swedish,44,men,50736
2015,Swedish,45,men,48747
2015,Swedish,46,men,48293
2015,Swedish,47,men,50687
2015,Swedish,48,men,54498
2015,Swedish,49,men,55283
2015,Swedish,50,men,55118
2015,Swedish,51,men,54726
2015,Swedish,52,men,50640
2015,Swedish,53,men,47577
2015,Swedish,54,men,46439
2015,Swedish,55,men,44940
2015,Swedish,56,men,46460
2015,Swedish,57,men,46362
2015,Swedish,58,men,46409
2015,Swedish,59,men,47352
2015,Swedish,60,men,46364
2015,Swedish,61,men,45177
2015,Swedish,62,men,47082
2015,Swedish,63,men,46525
2015,Swedish,64,men,45865
2015,Swedish,65,men,47864
2015,Swedish,66,men,49537
2015,Swedish,67,men,50873
2015,Swedish,68,men,50974
2015,Swedish,69,men,51626
2015,Swedish,70,men,51414
2015,Swedish,71,men,49818
2015,Swedish,72,men,45276
2015,Swedish,73,men,40649
2015,Swedish,74,men,34000
2015,Swedish,75,men,31502
2015,Swedish,76,men,30579
2015,Swedish,77,men,28121
2015,Swedish,78,men,25734
2015,Swedish,79,men,23907
2015,Swedish,80,men,21810
2015,Swedish,81,men,19506
2015,Swedish,82,men,18136
2015,Swedish,83,men,17341
2015,Swedish,84,men,15708
2015,Swedish,85,men,14249
2015,Swedish,86,men,12269
2015,Swedish,87,men,11177
2015,Swedish,88,men,9282
2015,Swedish,89,men,7983
2015,Swedish,90,men,6708
2015,Swedish,91,men,5356
2015,Swedish,92,men,4229
2015,Swedish,93,men,3152
2015,Swedish,94,men,2489
2015,Swedish,95,men,1834
2015,Swedish,96,men,1028
2015,Swedish,97,men,656
2015,Swedish,98,men,423
2015,Swedish,99,men,239
2015,Swedish,100+,men,284
2015,Swedish,0,women,44756
2015,Swedish,1,women,45200
2015,Swedish,2,women,44769
2015,Swedish,3,women,44933
2015,Swedish,4,women,44744
2015,Swedish,5,women,46524
2015,Swedish,6,women,45032
2015,Swedish,7,women,44260
2015,Swedish,8,women,43856
2015,Swedish,9,women,43840
2015,Swedish,10,women,42247
2015,Swedish,11,women,42146
2015,Swedish,12,women,41588
2015,Swedish,13,women,40409
2015,Swedish,14,women,38263
2015,Swedish,15,women,37973
2015,Swedish,16,women,37132
2015,Swedish,17,women,37218
2015,Swedish,18,women,37866
2015,Swedish,19,women,40233
2015,Swedish,20,women,43220
2015,Swedish,21,women,47559
2015,Swedish,22,women,49895
2015,Swedish,23,women,52148
2015,Swedish,24,women,52939
2015,Swedish,25,women,53497
2015,Swedish,26,women,50013
2015,Swedish,27,women,48217
2015,Swedish,28,women,45280
2015,Swedish,29,women,43956
2015,Swedish,30,women,42188
2015,Swedish,31,women,40107
2015,Swedish,32,women,39105
2015,Swedish,33,women,39511
2015,Swedish,34,women,40091
2015,Swedish,35,women,41094
2015,Swedish,36,women,40708
2015,Swedish,37,women,39416
2015,Swedish,38,women,40423
2015,Swedish,39,women,41709
2015,Swedish,40,women,44234
2015,Swedish,41,women,46995
2015,Swedish,42,women,46822
2015,Swedish,43,women,47550
2015,Swedish,44,women,47974
2015,Swedish,45,women,46359
2015,Swedish,46,women,45571
2015,Swedish,47,women,48538
2015,Swedish,48,women,51740
2015,Swedish,49,women,52594
2015,Swedish,50,women,52740
2015,Swedish,51,women,53093
2015,Swedish,52,women,48398
2015,Swedish,53,women,46169
2015,Swedish,54,women,44774
2015,Swedish,55,women,43974
2015,Swedish,56,women,44699
2015,Swedish,57,women,45146
2015,Swedish,58,women,45827
2015,Swedish,59,women,45706
2015,Swedish,60,women,45627
2015,Swedish,61,women,44527
2015,Swedish,62,women,46165
2015,Swedish,63,women,45937
2015,Swedish,64,women,45625
2015,Swedish,65,women,47359
2015,Swedish,66,women,49654
2015,Swedish,67,women,51704
2015,Swedish,68,women,51773
2015,Swedish,69,women,52501
2015,Swedish,70,women,52114
2015,Swedish,71,women,51168
2015,Swedish,72,women,47468
2015,Swedish,73,women,42741
2015,Swedish,74,women,36381
2015,Swedish,75,women,34286
2015,Swedish,76,women,33884
2015,Swedish,77,women,32225
2015,Swedish,78,women,29684
2015,Swedish,79,women,28445
2015,Swedish,80,women,26052
2015,Swedish,81,women,24789
2015,Swedish,82,women,23697
2015,Swedish,83,women,23361
2015,Swedish,84,women,22230
2015,Swedish,85,women,21194
2015,Swedish,86,women,19209
2015,Swedish,87,women,18196
2015,Swedish,88,women,16218
2015,Swedish,89,women,14559
2015,Swedish,90,women,13019
2015,Swedish,91,women,11154
2015,Swedish,92,women,9225
2015,Swedish,93,women,7440
2015,Swedish,94,women,6457
2015,Swedish,95,women,5251
2015,Swedish,96,women,3134
2015,Swedish,97,women,2156
2015,Swedish,98,women,1532
2015,Swedish,99,women,977
2015,Swedish,100+,women,1454
2015,foreign,0,men,11925
2015,foreign,1,men,12898
2015,foreign,2,men,12826
2015,foreign,3,men,13260
2015,foreign,4,men,13229
2015,foreign,5,men,13733
2015,foreign,6,men,13270
2015,foreign,7,men,13333
2015,foreign,8,men,13120
2015,foreign,9,men,12887
2015,foreign,10,men,12456
2015,foreign,11,men,12605
2015,foreign,12,men,12002
2015,foreign,13,men,12011
2015,foreign,14,men,12006
2015,foreign,15,men,12853
2015,foreign,16,men,13117
2015,foreign,17,men,14373
2015,foreign,18,men,14477
2015,foreign,19,men,14750
2015,foreign,20,men,15207
2015,foreign,21,men,15296
2015,foreign,22,men,15830
2015,foreign,23,men,15818
2015,foreign,24,men,16782
2015,foreign,25,men,17664
2015,foreign,26,men,17847
2015,foreign,27,men,18964
2015,foreign,28,men,19386
2015,foreign,29,men,20593
2015,foreign,30,men,21229
2015,foreign,31,men,21527
2015,foreign,32,men,21010
2015,foreign,33,men,21144
2015,foreign,34,men,20248
2015,foreign,35,men,20873
2015,foreign,36,men,19752
2015,foreign,37,men,19056
2015,foreign,38,men,18380
2015,foreign,39,men,18137
2015,foreign,40,men,17734
2015,foreign,41,men,17366
2015,foreign,42,men,16665
2015,foreign,43,men,16734
2015,foreign,44,men,16062
2015,foreign,45,men,16270
2015,foreign,46,men,15727
2015,foreign,47,men,15907
2015,foreign,48,men,15624
2015,foreign,49,men,15365
2015,foreign,50,men,15419
2015,foreign,51,men,15145
2015,foreign,52,men,14695
2015,foreign,53,men,14240
2015,foreign,54,men,13171
2015,foreign,55,men,13524
2015,foreign,56,men,12285
2015,foreign,57,men,11838
2015,foreign,58,men,11830
2015,foreign,59,men,11291
2015,foreign,60,men,10443
2015,foreign,61,men,10279
2015,foreign,62,men,9440
2015,foreign,63,men,8990
2015,foreign,64,men,8425
2015,foreign,65,men,8675
2015,foreign,66,men,8096
2015,foreign,67,men,8011
2015,foreign,68,men,7880
2015,foreign,69,men,7339
2015,foreign,70,men,6428
2015,foreign,71,men,6080
2015,foreign,72,men,5737
2015,foreign,73,men,5529
2015,foreign,74,men,5566
2015,foreign,75,men,5189
2015,foreign,76,men,4765
2015,foreign,77,men,4354
2015,foreign,78,men,3837
2015,foreign,79,men,3306
2015,foreign,80,men,3060
2015,foreign,81,men,2607
2015,foreign,82,men,2260
2015,foreign,83,men,1994
2015,foreign,84,men,1748
2015,foreign,85,men,1650
2015,foreign,86,men,1284
2015,foreign,87,men,1091
2015,foreign,88,men,806
2015,foreign,89,men,736
2015,foreign,90,men,592
2015,foreign,91,men,452
2015,foreign,92,men,368
2015,foreign,93,men,237
2015,foreign,94,men,172
2015,foreign,95,men,121
2015,foreign,96,men,82
2015,foreign,97,men,39
2015,foreign,98,men,27
2015,foreign,99,men,17
2015,foreign,100+,men,31
2015,foreign,0,women,11128
2015,foreign,1,women,12092
2015,foreign,2,women,12065
2015,foreign,3,women,12364
2015,foreign,4,women,12383
2015,foreign,5,women,12729
2015,foreign,6,women,12716
2015,foreign,7,women,12591
2015,foreign,8,women,12416
2015,foreign,9,women,12198
2015,foreign,10,women,12155
2015,foreign,11,women,11843
2015,foreign,12,women,11822
2015,foreign,13,women,11679
2015,foreign,14,women,11520
2015,foreign,15,women,11808
2015,foreign,16,women,11863
2015,foreign,17,women,12225
2015,foreign,18,women,12480
2015,foreign,19,women,12652
2015,foreign,20,women,13410
2015,foreign,21,women,13846
2015,foreign,22,women,14202
2015,foreign,23,women,14994
2015,foreign,24,women,16037
2015,foreign,25,women,17152
2015,foreign,26,women,17763
2015,foreign,27,women,18677
2015,foreign,28,women,19252
2015,foreign,29,women,19623
2015,foreign,30,women,20036
2015,foreign,31,women,20172
2015,foreign,32,women,20193
2015,foreign,33,women,20229
2015,foreign,34,women,19433
2015,foreign,35,women,20333
2015,foreign,36,women,19051
2015,foreign,37,women,18738
2015,foreign,38,women,18422
2015,foreign,39,women,18013
2015,foreign,40,women,17927
2015,foreign,41,women,17878
2015,foreign,42,women,17178
2015,foreign,43,women,17534
2015,foreign,44,women,16984
2015,foreign,45,women,17090
2015,foreign,46,women,16628
2015,foreign,47,women,16374
2015,foreign,48,women,15820
2015,foreign,49,women,15308
2015,foreign,50,women,15314
2015,foreign,51,women,14899
2015,foreign,52,women,14441
2015,foreign,53,women,14042
2015,foreign,54,women,13425
2015,foreign,55,women,13706
2015,foreign,56,women,12749
2015,foreign,57,women,12118
2015,foreign,58,women,12203
2015,foreign,59,women,11775
2015,foreign,60,women,11313
2015,foreign,61,women,10942
2015,foreign,62,women,10316
2015,foreign,63,women,9982
2015,foreign,64,women,9623
2015,foreign,65,women,9723
2015,foreign,66,women,9345
2015,foreign,67,women,9033
2015,foreign,68,women,8831
2015,foreign,69,women,8133
2015,foreign,70,women,7157
2015,foreign,71,women,6353
2015,foreign,72,women,5962
2015,foreign,73,women,5438
2015,foreign,74,women,5890
2015,foreign,75,women,5402
2015,foreign,76,women,5480
2015,foreign,77,women,5155
2015,foreign,78,women,4990
2015,foreign,79,women,4632
2015,foreign,80,women,4322
2015,foreign,81,women,4147
2015,foreign,82,women,3635
2015,foreign,83,women,3472
2015,foreign,84,women,3304
2015,foreign,85,women,3223
2015,foreign,86,women,2670
2015,foreign,87,women,2417
2015,foreign,88,women,2064
2015,foreign,89,women,1831
2015,foreign,90,women,1532
2015,foreign,91,women,1208
2015,foreign,92,women,984
2015,foreign,93,women,721
2015,foreign,94,women,518
2015,foreign,95,women,361
2015,foreign,96,women,241
2015,foreign,97,women,165
2015,foreign,98,women,88
2015,foreign,99,women,83
2015,foreign,100+,women,127
2016,Swedish,0,men,48167
2016,Swedish,1,men,47613
2016,Swedish,2,men,47529
2016,Swedish,3,men,47308
2016,Swedish,4,men,47317
2016,Swedish,5,men,46878
2016,Swedish,6,men,48865
2016,Swedish,7,men,47741
2016,Swedish,8,men,47075
2016,Swedish,9,men,46418
2016,Swedish,10,men,46276
2016,Swedish,11,men,44610
2016,Swedish,12,men,44624
2016,Swedish,13,men,44213
2016,Swedish,14,men,42675
2016,Swedish,15,men,40914
2016,Swedish,16,men,40442
2016,Swedish,17,men,39216
2016,Swedish,18,men,39733
2016,Swedish,19,men,40082
2016,Swedish,20,men,41988
2016,Swedish,21,men,45729
2016,Swedish,22,men,49637
2016,Swedish,23,men,51907
2016,Swedish,24,men,55294
2016,Swedish,25,men,56258
2016,Swedish,26,men,56321
2016,Swedish,27,men,52999
2016,Swedish,28,men,51150
2016,Swedish,29,men,47302
2016,Swedish,30,men,46223
2016,Swedish,31,men,44771
2016,Swedish,32,men,42558
2016,Swedish,33,men,41659
2016,Swedish,34,men,41821
2016,Swedish,35,men,41834
2016,Swedish,36,men,43205
2016,Swedish,37,men,42653
2016,Swedish,38,men,41359
2016,Swedish,39,men,43053
2016,Swedish,40,men,43921
2016,Swedish,41,men,46509
2016,Swedish,42,men,49601
2016,Swedish,43,men,49122
2016,Swedish,44,men,50092
2016,Swedish,45,men,50672
2016,Swedish,46,men,48640
2016,Swedish,47,men,48240
2016,Swedish,48,men,50606
2016,Swedish,49,men,54363
2016,Swedish,50,men,55167
2016,Swedish,51,men,55006
2016,Swedish,52,men,54609
2016,Swedish,53,men,50517
2016,Swedish,54,men,47416
2016,Swedish,55,men,46265
2016,Swedish,56,men,44771
2016,Swedish,57,men,46278
2016,Swedish,58,men,46137
2016,Swedish,59,men,46166
2016,Swedish,60,men,47080
2016,Swedish,61,men,45987
2016,Swedish,62,men,44818
2016,Swedish,63,men,46668
2016,Swedish,64,men,46098
2016,Swedish,65,men,45346
2016,Swedish,66,men,47316
2016,Swedish,67,men,48942
2016,Swedish,68,men,50186
2016,Swedish,69,men,50239
2016,Swedish,70,men,50766
2016,Swedish,71,men,50593
2016,Swedish,72,men,48805
2016,Swedish,73,men,44298
2016,Swedish,74,men,39662
2016,Swedish,75,men,33125
2016,Swedish,76,men,30535
2016,Swedish,77,men,29545
2016,Swedish,78,men,27022
2016,Swedish,79,men,24634
2016,Swedish,80,men,22768
2016,Swedish,81,men,20529
2016,Swedish,82,men,18355
2016,Swedish,83,men,16867
2016,Swedish,84,men,15980
2016,Swedish,85,men,14257
2016,Swedish,86,men,12747
2016,Swedish,87,men,10824
2016,Swedish,88,men,9751
2016,Swedish,89,men,8021
2016,Swedish,90,men,6651
2016,Swedish,91,men,5424
2016,Swedish,92,men,4258
2016,Swedish,93,men,3249
2016,Swedish,94,men,2345
2016,Swedish,95,men,1828
2016,Swedish,96,men,1252
2016,Swedish,97,men,665
2016,Swedish,98,men,434
2016,Swedish,99,men,277
2016,Swedish,100+,men,301
2016,Swedish,0,women,45689
2016,Swedish,1,women,44348
2016,Swedish,2,women,45013
2016,Swedish,3,women,44627
2016,Swedish,4,women,44796
2016,Swedish,5,women,44674
2016,Swedish,6,women,46463
2016,Swedish,7,women,44950
2016,Swedish,8,women,44208
2016,Swedish,9,women,43823
2016,Swedish,10,women,43841
2016,Swedish,11,women,42206
2016,Swedish,12,women,42133
2016,Swedish,13,women,41577
2016,Swedish,14,women,40400
2016,Swedish,15,women,38267
2016,Swedish,16,women,38002
2016,Swedish,17,women,37131
2016,Swedish,18,women,37236
2016,Swedish,19,women,37839
2016,Swedish,20,women,40185
2016,Swedish,21,women,43141
2016,Swedish,22,women,47506
2016,Swedish,23,women,49817
2016,Swedish,24,women,52102
2016,Swedish,25,women,52827
2016,Swedish,26,women,53436
2016,Swedish,27,women,49951
2016,Swedish,28,women,48147
2016,Swedish,29,women,45260
2016,Swedish,30,women,43941
2016,Swedish,31,women,42138
2016,Swedish,32,women,40071
2016,Swedish,33,women,39046
2016,Swedish,34,women,39470
2016,Swedish,35,women,40047
2016,Swedish,36,women,41075
2016,Swedish,37,women,40697
2016,Swedish,38,women,39399
2016,Swedish,39,women,40406
2016,Swedish,40,women,41664
2016,Swedish,41,women,44192
2016,Swedish,42,women,46985
2016,Swedish,43,women,46800
2016,Swedish,44,women,47513
2016,Swedish,45,women,47948
2016,Swedish,46,women,46321
2016,Swedish,47,women,45522
2016,Swedish,48,women,48484
2016,Swedish,49,women,51686
2016,Swedish,50,women,52522
2016,Swedish,51,women,52667
2016,Swedish,52,women,53009
2016,Swedish,53,women,48310
2016,Swedish,54,women,46105
2016,Swedish,55,women,44688
2016,Swedish,56,women,43839
2016,Swedish,57,women,44544
2016,Swedish,58,women,45035
2016,Swedish,59,women,45659
2016,Swedish,60,women,45512
2016,Swedish,61,women,45409
2016,Swedish,62,women,44316
2016,Swedish,63,women,45883
2016,Swedish,64,women,45641
2016,Swedish,65,women,45327
2016,Swedish,66,women,46996
2016,Swedish,67,women,49235
2016,Swedish,68,women,51245
2016,Swedish,69,women,51315
2016,Swedish,70,women,51928
2016,Swedish,71,women,51505
2016,Swedish,72,women,50441
2016,Swedish,73,women,46730
2016,Swedish,74,women,42070
2016,Swedish,75,women,35757
2016,Swedish,76,women,33575
2016,Swedish,77,women,33139
2016,Swedish,78,women,31444
2016,Swedish,79,women,28793
2016,Swedish,80,women,27483
2016,Swedish,81,women,25045
2016,Swedish,82,women,23712
2016,Swedish,83,women,22524
2016,Swedish,84,women,21992
2016,Swedish,85,women,20796
2016,Swedish,86,women,19602
2016,Swedish,87,women,17586
2016,Swedish,88,women,16345
2016,Swedish,89,women,14467
2016,Swedish,90,women,12646
2016,Swedish,91,women,11036
2016,Swedish,92,women,9344
2016,Swedish,93,women,7531
2016,Swedish,94,women,5868
2016,Swedish,95,women,5023
2016,Swedish,96,women,3907
2016,Swedish,97,women,2278
2016,Swedish,98,women,1487
2016,Swedish,99,women,1064
2016,Swedish,100+,women,1513
2016,foreign,0,men,12838
2016,foreign,1,men,13739
2016,foreign,2,men,14288
2016,foreign,3,men,14070
2016,foreign,4,men,14523
2016,foreign,5,men,14363
2016,foreign,6,men,14853
2016,foreign,7,men,14324
2016,foreign,8,men,14334
2016,foreign,9,men,14150
2016,foreign,10,men,13816
2016,foreign,11,men,13389
2016,foreign,12,men,13577
2016,foreign,13,men,12998
2016,foreign,14,men,13091
2016,foreign,15,men,13452
2016,foreign,16,men,14775
2016,foreign,17,men,15417
2016,foreign,18,men,16656
2016,foreign,19,men,15888
2016,foreign,20,men,16258
2016,foreign,21,men,17024
2016,foreign,22,men,17284
2016,foreign,23,men,17947
2016,foreign,24,men,17953
2016,foreign,25,men,18899
2016,foreign,26,men,19877
2016,foreign,27,men,20102
2016,foreign,28,men,21026
2016,foreign,29,men,21283
2016,foreign,30,men,22408
2016,foreign,31,men,22967
2016,foreign,32,men,23104
2016,foreign,33,men,22381
2016,foreign,34,men,22429
2016,foreign,35,men,21373
2016,foreign,36,men,22104
2016,foreign,37,men,20762
2016,foreign,38,men,20024
2016,foreign,39,men,19222
2016,foreign,40,men,18927
2016,foreign,41,men,18540
2016,foreign,42,men,18082
2016,foreign,43,men,17252
2016,foreign,44,men,17359
2016,foreign,45,men,16580
2016,foreign,46,men,16757
2016,foreign,47,men,16153
2016,foreign,48,men,16306
2016,foreign,49,men,15955
2016,foreign,50,men,15683
2016,foreign,51,men,15714
2016,foreign,52,men,15354
2016,foreign,53,men,14951
2016,foreign,54,men,14449
2016,foreign,55,men,13348
2016,foreign,56,men,13639
2016,foreign,57,men,12359
2016,foreign,58,men,11932
2016,foreign,59,men,11917
2016,foreign,60,men,11323
2016,foreign,61,men,10474
2016,foreign,62,men,10299
2016,foreign,63,men,9439
2016,foreign,64,men,8976
2016,foreign,65,men,8381
2016,foreign,66,men,8622
2016,foreign,67,men,8040
2016,foreign,68,men,7915
2016,foreign,69,men,7787
2016,foreign,70,men,7211
2016,foreign,71,men,6291
2016,foreign,72,men,5954
2016,foreign,73,men,5627
2016,foreign,74,men,5366
2016,foreign,75,men,5438
2016,foreign,76,men,5039
2016,foreign,77,men,4588
2016,foreign,78,men,4192
2016,foreign,79,men,3650
2016,foreign,80,men,3143
2016,foreign,81,men,2889
2016,foreign,82,men,2428
2016,foreign,83,men,2112
2016,foreign,84,men,1846
2016,foreign,85,men,1590
2016,foreign,86,men,1486
2016,foreign,87,men,1133
2016,foreign,88,men,928
2016,foreign,89,men,704
2016,foreign,90,men,616
2016,foreign,91,men,496
2016,foreign,92,men,375
2016,foreign,93,men,285
2016,foreign,94,men,170
2016,foreign,95,men,117
2016,foreign,96,men,101
2016,foreign,97,men,48
2016,foreign,98,men,29
2016,foreign,99,men,20
2016,foreign,100+,men,31
2016,foreign,0,women,12329
2016,foreign,1,women,12868
2016,foreign,2,women,13335
2016,foreign,3,women,13148
2016,foreign,4,women,13496
2016,foreign,5,women,13418
2016,foreign,6,women,13795
2016,foreign,7,women,13654
2016,foreign,8,women,13551
2016,foreign,9,women,13316
2016,foreign,10,women,13021
2016,foreign,11,women,13006
2016,foreign,12,women,12619
2016,foreign,13,women,12572
2016,foreign,14,women,12456
2016,foreign,15,women,12259
2016,foreign,16,women,12692
2016,foreign,17,women,12846
2016,foreign,18,women,13306
2016,foreign,19,women,13459
2016,foreign,20,women,13847
2016,foreign,21,women,14538
2016,foreign,22,women,15366
2016,foreign,23,women,15880
2016,foreign,24,women,16776
2016,foreign,25,women,17701
2016,foreign,26,women,18804
2016,foreign,27,women,19390
2016,foreign,28,women,20211
2016,foreign,29,women,20743
2016,foreign,30,women,20997
2016,foreign,31,women,21333
2016,foreign,32,women,21384
2016,foreign,33,women,21340
2016,foreign,34,women,21135
2016,foreign,35,women,20371
2016,foreign,36,women,21289
2016,foreign,37,women,19835
2016,foreign,38,women,19509
2016,foreign,39,women,19100
2016,foreign,40,women,18590
2016,foreign,41,women,18488
2016,foreign,42,women,18489
2016,foreign,43,women,17695
2016,foreign,44,women,17995
2016,foreign,45,women,17411
2016,foreign,46,women,17527
2016,foreign,47,women,17015
2016,foreign,48,women,16716
2016,foreign,49,women,16089
2016,foreign,50,women,15582
2016,foreign,51,women,15587
2016,foreign,52,women,15141
2016,foreign,53,women,14652
2016,foreign,54,women,14243
2016,foreign,55,women,13569
2016,foreign,56,women,13880
2016,foreign,57,women,12858
2016,foreign,58,women,12237
2016,foreign,59,women,12297
2016,foreign,60,women,11801
2016,foreign,61,women,11361
2016,foreign,62,women,10980
2016,foreign,63,women,10364
2016,foreign,64,women,9993
2016,foreign,65,women,9608
2016,foreign,66,women,9691
2016,foreign,67,women,9313
2016,foreign,68,women,8985
2016,foreign,69,women,8777
2016,foreign,70,women,8073
2016,foreign,71,women,7087
2016,foreign,72,women,6272
2016,foreign,73,women,5882
2016,foreign,74,women,5350
2016,foreign,75,women,5787
2016,foreign,76,women,5336
2016,foreign,77,women,5348
2016,foreign,78,women,5016
2016,foreign,79,women,4823
2016,foreign,80,women,4474
2016,foreign,81,women,4183
2016,foreign,82,women,3966
2016,foreign,83,women,3449
2016,foreign,84,women,3285
2016,foreign,85,women,3069
2016,foreign,86,women,2954
2016,foreign,87,women,2423
2016,foreign,88,women,2200
2016,foreign,89,women,1862
2016,foreign,90,women,1579
2016,foreign,91,women,1303
2016,foreign,92,women,1012
2016,foreign,93,women,799
2016,foreign,94,women,577
2016,foreign,95,women,401
2016,foreign,96,women,284
2016,foreign,97,women,179
2016,foreign,98,women,115
2016,foreign,99,women,65
2016,foreign,100+,women,136
2017,Swedish,0,men,46686
2017,Swedish,1,men,47535
2017,Swedish,2,men,47362
2017,Swedish,3,men,47347
2017,Swedish,4,men,47185
2017,Swedish,5,men,47238
2017,Swedish,6,men,46816
2017,Swedish,7,men,48813
2017,Swedish,8,men,47695
2017,Swedish,9,men,47048
2017,Swedish,10,men,46371
2017,Swedish,11,men,46258
2017,Swedish,12,men,44581
2017,Swedish,13,men,44611
2017,Swedish,14,men,44189
2017,Swedish,15,men,42664
2017,Swedish,16,men,40919
2017,Swedish,17,men,40447
2017,Swedish,18,men,39248
2017,Swedish,19,men,39709
2017,Swedish,20,men,40056
2017,Swedish,21,men,41932
2017,Swedish,22,men,45670
2017,Swedish,23,men,49558
2017,Swedish,24,men,51814
2017,Swedish,25,men,55174
2017,Swedish,26,men,56095
2017,Swedish,27,men,56218
2017,Swedish,28,men,52872
2017,Swedish,29,men,51077
2017,Swedish,30,men,47242
2017,Swedish,31,men,46144
2017,Swedish,32,men,44713
2017,Swedish,33,men,42492
2017,Swedish,34,men,41587
2017,Swedish,35,men,41801
2017,Swedish,36,men,41758
2017,Swedish,37,men,43136
2017,Swedish,38,men,42603
2017,Swedish,39,men,41319
2017,Swedish,40,men,43005
2017,Swedish,41,men,43856
2017,Swedish,42,men,46467
2017,Swedish,43,men,49529
2017,Swedish,44,men,49063
2017,Swedish,45,men,50050
2017,Swedish,46,men,50602
2017,Swedish,47,men,48601
2017,Swedish,48,men,48160
2017,Swedish,49,men,50531
2017,Swedish,50,men,54294
2017,Swedish,51,men,55050
2017,Swedish,52,men,54867
2017,Swedish,53,men,54455
2017,Swedish,54,men,50357
2017,Swedish,55,men,47279
2017,Swedish,56,men,46056
2017,Swedish,57,men,44580
2017,Swedish,58,men,46075
2017,Swedish,59,men,45906
2017,Swedish,60,men,45929
2017,Swedish,61,men,46755
2017,Swedish,62,men,45614
2017,Swedish,63,men,44441
2017,Swedish,64,men,46178
2017,Swedish,65,men,45608
2017,Swedish,66,men,44843
2017,Swedish,67,men,46733
2017,Swedish,68,men,48332
2017,Swedish,69,men,49524
2017,Swedish,70,men,49415
2017,Swedish,71,men,49874
2017,Swedish,72,men,49662
2017,Swedish,73,men,47813
2017,Swedish,74,men,43294
2017,Swedish,75,men,38672
2017,Swedish,76,men,32201
2017,Swedish,77,men,29497
2017,Swedish,78,men,28433
2017,Swedish,79,men,25898
2017,Swedish,80,men,23528
2017,Swedish,81,men,21553
2017,Swedish,82,men,19328
2017,Swedish,83,men,17001
2017,Swedish,84,men,15516
2017,Swedish,85,men,14546
2017,Swedish,86,men,12773
2017,Swedish,87,men,11234
2017,Swedish,88,men,9398
2017,Swedish,89,men,8284
2017,Swedish,90,men,6569
2017,Swedish,91,men,5398
2017,Swedish,92,men,4238
2017,Swedish,93,men,3260
2017,Swedish,94,men,2434
2017,Swedish,95,men,1674
2017,Swedish,96,men,1254
2017,Swedish,97,men,860
2017,Swedish,98,men,412
2017,Swedish,99,men,267
2017,Swedish,100+,men,319
2017,Swedish,0,women,44107
2017,Swedish,1,women,45164
2017,Swedish,2,women,44147
2017,Swedish,3,women,44845
2017,Swedish,4,women,44521
2017,Swedish,5,women,44708
2017,Swedish,6,women,44593
2017,Swedish,7,women,46390
2017,Swedish,8,women,44891
2017,Swedish,9,women,44170
2017,Swedish,10,women,43796
2017,Swedish,11,women,43807
2017,Swedish,12,women,42189
2017,Swedish,13,women,42122
2017,Swedish,14,women,41565
2017,Swedish,15,women,40404
2017,Swedish,16,women,38299
2017,Swedish,17,women,37999
2017,Swedish,18,women,37154
2017,Swedish,19,women,37202
2017,Swedish,20,women,37772
2017,Swedish,21,women,40126
2017,Swedish,22,women,43088
2017,Swedish,23,women,47410
2017,Swedish,24,women,49692
2017,Swedish,25,women,51983
2017,Swedish,26,women,52750
2017,Swedish,27,women,53344
2017,Swedish,28,women,49845
2017,Swedish,29,women,48062
2017,Swedish,30,women,45220
2017,Swedish,31,women,43896
2017,Swedish,32,women,42106
2017,Swedish,33,women,40052
2017,Swedish,34,women,39025
2017,Swedish,35,women,39454
2017,Swedish,36,women,40019
2017,Swedish,37,women,41053
2017,Swedish,38,women,40699
2017,Swedish,39,women,39388
2017,Swedish,40,women,40404
2017,Swedish,41,women,41635
2017,Swedish,42,women,44163
2017,Swedish,43,women,46966
2017,Swedish,44,women,46766
2017,Swedish,45,women,47495
2017,Swedish,46,women,47912
2017,Swedish,47,women,46264
2017,Swedish,48,women,45482
2017,Swedish,49,women,48424
2017,Swedish,50,women,51649
2017,Swedish,51,women,52458
2017,Swedish,52,women,52563
2017,Swedish,53,women,52924
2017,Swedish,54,women,48216
2017,Swedish,55,women,45994
2017,Swedish,56,women,44569
2017,Swedish,57,women,43712
2017,Swedish,58,women,44393
2017,Swedish,59,women,44866
2017,Swedish,60,women,45483
2017,Swedish,61,women,45282
2017,Swedish,62,women,45175
2017,Swedish,63,women,44064
2017,Swedish,64,women,45599
2017,Swedish,65,women,45350
2017,Swedish,66,women,44961
2017,Swedish,67,women,46624
2017,Swedish,68,women,48806
2017,Swedish,69,women,50772
2017,Swedish,70,women,50764
2017,Swedish,71,women,51333
2017,Swedish,72,women,50804
2017,Swedish,73,women,49717
2017,Swedish,74,women,45950
2017,Swedish,75,women,41323
2017,Swedish,76,women,35026
2017,Swedish,77,women,32830
2017,Swedish,78,women,32269
2017,Swedish,79,women,30514
2017,Swedish,80,women,27844
2017,Swedish,81,women,26431
2017,Swedish,82,women,23937
2017,Swedish,83,women,22513
2017,Swedish,84,women,21222
2017,Swedish,85,women,20569
2017,Swedish,86,women,19255
2017,Swedish,87,women,17914
2017,Swedish,88,women,15760
2017,Swedish,89,women,14479
2017,Swedish,90,women,12608
2017,Swedish,91,women,10794
2017,Swedish,92,women,9265
2017,Swedish,93,women,7614
2017,Swedish,94,women,5947
2017,Swedish,95,women,4491
2017,Swedish,96,women,3773
2017,Swedish,97,women,2817
2017,Swedish,98,women,1558
2017,Swedish,99,women,964
2017,Swedish,100+,women,1594
2017,foreign,0,men,13213
2017,foreign,1,men,14996
2017,foreign,2,men,14896
2017,foreign,3,men,15478
2017,foreign,4,men,15147
2017,foreign,5,men,15504
2017,foreign,6,men,15338
2017,foreign,7,men,15839
2017,foreign,8,men,15278
2017,foreign,9,men,15317
2017,foreign,10,men,15052
2017,foreign,11,men,14725
2017,foreign,12,men,14346
2017,foreign,13,men,14445
2017,foreign,14,men,13979
2017,foreign,15,men,14353
2017,foreign,16,men,15283
2017,foreign,17,men,16837
2017,foreign,18,men,18829
2017,foreign,19,men,17773
2017,foreign,20,men,16726
2017,foreign,21,men,17167
2017,foreign,22,men,18297
2017,foreign,23,men,18846
2017,foreign,24,men,19469
2017,foreign,25,men,19560
2017,foreign,26,men,20613
2017,foreign,27,men,21500
2017,foreign,28,men,21701
2017,foreign,29,men,22558
2017,foreign,30,men,22730
2017,foreign,31,men,23789
2017,foreign,32,men,24185
2017,foreign,33,men,24231
2017,foreign,34,men,23422
2017,foreign,35,men,23500
2017,foreign,36,men,22233
2017,foreign,37,men,22966
2017,foreign,38,men,21504
2017,foreign,39,men,20724
2017,foreign,40,men,19849
2017,foreign,41,men,19538
2017,foreign,42,men,19024
2017,foreign,43,men,18597
2017,foreign,44,men,17723
2017,foreign,45,men,17792
2017,foreign,46,men,16917
2017,foreign,47,men,17116
2017,foreign,48,men,16517
2017,foreign,49,men,16573
2017,foreign,50,men,16178
2017,foreign,51,men,15879
2017,foreign,52,men,15891
2017,foreign,53,men,15511
2017,foreign,54,men,15053
2017,foreign,55,men,14532
2017,foreign,56,men,13408
2017,foreign,57,men,13695
2017,foreign,58,men,12428
2017,foreign,59,men,11946
2017,foreign,60,men,11947
2017,foreign,61,men,11316
2017,foreign,62,men,10461
2017,foreign,63,men,10265
2017,foreign,64,men,9384
2017,foreign,65,men,8944
2017,foreign,66,men,8358
2017,foreign,67,men,8533
2017,foreign,68,men,7937
2017,foreign,69,men,7772
2017,foreign,70,men,7661
2017,foreign,71,men,7081
2017,foreign,72,men,6188
2017,foreign,73,men,5812
2017,foreign,74,men,5490
2017,foreign,75,men,5205
2017,foreign,76,men,5281
2017,foreign,77,men,4871
2017,foreign,78,men,4392
2017,foreign,79,men,3996
2017,foreign,80,men,3474
2017,foreign,81,men,2967
2017,foreign,82,men,2713
2017,foreign,83,men,2256
2017,foreign,84,men,1916
2017,foreign,85,men,1666
2017,foreign,86,men,1466
2017,foreign,87,men,1309
2017,foreign,88,men,986
2017,foreign,89,men,786
2017,foreign,90,men,584
2017,foreign,91,men,505
2017,foreign,92,men,398
2017,foreign,93,men,309
2017,foreign,94,men,233
2017,foreign,95,men,128
2017,foreign,96,men,73
2017,foreign,97,men,69
2017,foreign,98,men,32
2017,foreign,99,men,21
2017,foreign,100+,men,33
2017,foreign,0,women,12608
2017,foreign,1,women,14280
2017,foreign,2,women,13976
2017,foreign,3,women,14388
2017,foreign,4,women,14163
2017,foreign,5,women,14571
2017,foreign,6,women,14323
2017,foreign,7,women,14687
2017,foreign,8,women,14519
2017,foreign,9,women,14442
2017,foreign,10,women,14140
2017,foreign,11,women,13881
2017,foreign,12,women,13754
2017,foreign,13,women,13314
2017,foreign,14,women,13328
2017,foreign,15,women,13153
2017,foreign,16,women,13054
2017,foreign,17,women,13509
2017,foreign,18,women,13929
2017,foreign,19,women,14073
2017,foreign,20,women,14379
2017,foreign,21,women,14794
2017,foreign,22,women,15784
2017,foreign,23,women,16853
2017,foreign,24,women,17486
2017,foreign,25,women,18337
2017,foreign,26,women,19280
2017,foreign,27,women,20388
2017,foreign,28,women,20914
2017,foreign,29,women,21732
2017,foreign,30,women,21973
2017,foreign,31,women,22242
2017,foreign,32,women,22580
2017,foreign,33,women,22479
2017,foreign,34,women,22385
2017,foreign,35,women,22041
2017,foreign,36,women,21159
2017,foreign,37,women,22092
2017,foreign,38,women,20550
2017,foreign,39,women,20194
2017,foreign,40,women,19759
2017,foreign,41,women,19156
2017,foreign,42,women,19045
2017,foreign,43,women,19029
2017,foreign,44,women,18101
2017,foreign,45,women,18363
2017,foreign,46,women,17786
2017,foreign,47,women,17865
2017,foreign,48,women,17284
2017,foreign,49,women,16943
2017,foreign,50,women,16298
2017,foreign,51,women,15808
2017,foreign,52,women,15790
2017,foreign,53,women,15291
2017,foreign,54,women,14768
2017,foreign,55,women,14374
2017,foreign,56,women,13659
2017,foreign,57,women,13977
2017,foreign,58,women,12911
2017,foreign,59,women,12254
2017,foreign,60,women,12320
2017,foreign,61,women,11820
2017,foreign,62,women,11381
2017,foreign,63,women,10962
2017,foreign,64,women,10331
2017,foreign,65,women,9939
2017,foreign,66,women,9559
2017,foreign,67,women,9627
2017,foreign,68,women,9243
2017,foreign,69,women,8927
2017,foreign,70,women,8680
2017,foreign,71,women,7968
2017,foreign,72,women,7006
2017,foreign,73,women,6176
2017,foreign,74,women,5796
2017,foreign,75,women,5257
2017,foreign,76,women,5663
2017,foreign,77,women,5203
2017,foreign,78,women,5190
2017,foreign,79,women,4879
2017,foreign,80,women,4645
2017,foreign,81,women,4297
2017,foreign,82,women,3982
2017,foreign,83,women,3772
2017,foreign,84,women,3226
2017,foreign,85,women,3069
2017,foreign,86,women,2844
2017,foreign,87,women,2691
2017,foreign,88,women,2193
2017,foreign,89,women,1943
2017,foreign,90,women,1632
2017,foreign,91,women,1357
2017,foreign,92,women,1104
2017,foreign,93,women,838
2017,foreign,94,women,633
2017,foreign,95,women,456
2017,foreign,96,women,300
2017,foreign,97,women,222
2017,foreign,98,women,130
2017,foreign,99,women,79
2017,foreign,100+,women,138
2018,Swedish,0,men,46512
2018,Swedish,1,men,45990
2018,Swedish,2,men,47244
2018,Swedish,3,men,47189
2018,Swedish,4,men,47218
2018,Swedish,5,men,47094
2018,Swedish,6,men,47146
2018,Swedish,7,men,46743
2018,Swedish,8,men,48774
2018,Swedish,9,men,47678
2018,Swedish,10,men,47035
2018,Swedish,11,men,46360
2018,Swedish,12,men,46261
2018,Swedish,13,men,44569
2018,Swedish,14,men,44619
2018,Swedish,15,men,44191
2018,Swedish,16,men,42677
2018,Swedish,17,men,40922
2018,Swedish,18,men,40463
2018,Swedish,19,men,39241
2018,Swedish,20,men,39694
2018,Swedish,21,men,39997
2018,Swedish,22,men,41885
2018,Swedish,23,men,45606
2018,Swedish,24,men,49424
2018,Swedish,25,men,51678
2018,Swedish,26,men,55010
2018,Swedish,27,men,55969
2018,Swedish,28,men,56096
2018,Swedish,29,men,52758
2018,Swedish,30,men,50976
2018,Swedish,31,men,47146
2018,Swedish,32,men,46081
2018,Swedish,33,men,44643
2018,Swedish,34,men,42405
2018,Swedish,35,men,41514
2018,Swedish,36,men,41729
2018,Swedish,37,men,41675
2018,Swedish,38,men,43095
2018,Swedish,39,men,42569
2018,Swedish,40,men,41245
2018,Swedish,41,men,42963
2018,Swedish,42,men,43804
2018,Swedish,43,men,46396
2018,Swedish,44,men,49447
2018,Swedish,45,men,48994
2018,Swedish,46,men,49972
2018,Swedish,47,men,50504
2018,Swedish,48,men,48534
2018,Swedish,49,men,48077
2018,Swedish,50,men,50421
2018,Swedish,51,men,54163
2018,Swedish,52,men,54914
2018,Swedish,53,men,54712
2018,Swedish,54,men,54262
2018,Swedish,55,men,50210
2018,Swedish,56,men,47108
2018,Swedish,57,men,45829
2018,Swedish,58,men,44381
2018,Swedish,59,men,45820
2018,Swedish,60,men,45644
2018,Swedish,61,men,45629
2018,Swedish,62,men,46409
2018,Swedish,63,men,45211
2018,Swedish,64,men,44022
2018,Swedish,65,men,45691
2018,Swedish,66,men,45136
2018,Swedish,67,men,44252
2018,Swedish,68,men,46146
2018,Swedish,69,men,47644
2018,Swedish,70,men,48747
2018,Swedish,71,men,48577
2018,Swedish,72,men,48936
2018,Swedish,73,men,48651
2018,Swedish,74,men,46706
2018,Swedish,75,men,42176
2018,Swedish,76,men,37560
2018,Swedish,77,men,31135
2018,Swedish,78,men,28442
2018,Swedish,79,men,27302
2018,Swedish,80,men,24693
2018,Swedish,81,men,22263
2018,Swedish,82,men,20248
2018,Swedish,83,men,17982
2018,Swedish,84,men,15662
2018,Swedish,85,men,14152
2018,Swedish,86,men,13076
2018,Swedish,87,men,11277
2018,Swedish,88,men,9764
2018,Swedish,89,men,7989
2018,Swedish,90,men,6884
2018,Swedish,91,men,5310
2018,Swedish,92,men,4316
2018,Swedish,93,men,3282
2018,Swedish,94,men,2446
2018,Swedish,95,men,1756
2018,Swedish,96,men,1200
2018,Swedish,97,men,844
2018,Swedish,98,men,553
2018,Swedish,99,men,243
2018,Swedish,100+,men,328
2018,Swedish,0,women,44113
2018,Swedish,1,women,43456
2018,Swedish,2,women,44888
2018,Swedish,3,women,43975
2018,Swedish,4,women,44697
2018,Swedish,5,women,44418
2018,Swedish,6,women,44629
2018,Swedish,7,women,44536
2018,Swedish,8,women,46337
2018,Swedish,9,women,44871
2018,Swedish,10,women,44160
2018,Swedish,11,women,43787
2018,Swedish,12,women,43802
2018,Swedish,13,women,42184
2018,Swedish,14,women,42101
2018,Swedish,15,women,41543
2018,Swedish,16,women,40409
2018,Swedish,17,women,38301
2018,Swedish,18,women,38008
2018,Swedish,19,women,37131
2018,Swedish,20,women,37120
2018,Swedish,21,women,37688
2018,Swedish,22,women,40023
2018,Swedish,23,women,42968
2018,Swedish,24,women,47271
2018,Swedish,25,women,49582
2018,Swedish,26,women,51847
2018,Swedish,27,women,52635
2018,Swedish,28,women,53221
2018,Swedish,29,women,49785
2018,Swedish,30,women,47991
2018,Swedish,31,women,45148
2018,Swedish,32,women,43846
2018,Swedish,33,women,42041
2018,Swedish,34,women,40022
2018,Swedish,35,women,38995
2018,Swedish,36,women,39440
2018,Swedish,37,women,39977
2018,Swedish,38,women,41013
2018,Swedish,39,women,40692
2018,Swedish,40,women,39366
2018,Swedish,41,women,40366
2018,Swedish,42,women,41595
2018,Swedish,43,women,44133
2018,Swedish,44,women,46921
2018,Swedish,45,women,46725
2018,Swedish,46,women,47483
2018,Swedish,47,women,47844
2018,Swedish,48,women,46231
2018,Swedish,49,women,45440
2018,Swedish,50,women,48372
2018,Swedish,51,women,51589
2018,Swedish,52,women,52399
2018,Swedish,53,women,52487
2018,Swedish,54,women,52802
2018,Swedish,55,women,48115
2018,Swedish,56,women,45839
2018,Swedish,57,women,44437
2018,Swedish,58,women,43557
2018,Swedish,59,women,44250
2018,Swedish,60,women,44686
2018,Swedish,61,women,45260
2018,Swedish,62,women,45059
2018,Swedish,63,women,44914
2018,Swedish,64,women,43795
2018,Swedish,65,women,45313
2018,Swedish,66,women,45035
2018,Swedish,67,women,44608
2018,Swedish,68,women,46188
2018,Swedish,69,women,48323
2018,Swedish,70,women,50233
2018,Swedish,71,women,50166
2018,Swedish,72,women,50662
2018,Swedish,73,women,50054
2018,Swedish,74,women,48903
2018,Swedish,75,women,45107
2018,Swedish,76,women,40514
2018,Swedish,77,women,34271
2018,Swedish,78,women,31957
2018,Swedish,79,women,31383
2018,Swedish,80,women,29544
2018,Swedish,81,women,26833
2018,Swedish,82,women,25277
2018,Swedish,83,women,22799
2018,Swedish,84,women,21270
2018,Swedish,85,women,19881
2018,Swedish,86,women,19063
2018,Swedish,87,women,17639
2018,Swedish,88,women,16165
2018,Swedish,89,women,13991
2018,Swedish,90,women,12581
2018,Swedish,91,women,10807
2018,Swedish,92,women,9081
2018,Swedish,93,women,7537
2018,Swedish,94,women,6111
2018,Swedish,95,women,4579
2018,Swedish,96,women,3349
2018,Swedish,97,women,2747
2018,Swedish,98,women,1952
2018,Swedish,99,women,1048
2018,Swedish,100+,women,1562
2018,foreign,0,men,13520
2018,foreign,1,men,14983
2018,foreign,2,men,16117
2018,foreign,3,men,15841
2018,foreign,4,men,16422
2018,foreign,5,men,15993
2018,foreign,6,men,16295
2018,foreign,7,men,16162
2018,foreign,8,men,16611
2018,foreign,9,men,16038
2018,foreign,10,men,16162
2018,foreign,11,men,15812
2018,foreign,12,men,15497
2018,foreign,13,men,15111
2018,foreign,14,men,15219
2018,foreign,15,men,14724
2018,foreign,16,men,15251
2018,foreign,17,men,16186
2018,foreign,18,men,18253
2018,foreign,19,men,21894
2018,foreign,20,men,19421
2018,foreign,21,men,17504
2018,foreign,22,men,18163
2018,foreign,23,men,19459
2018,foreign,24,men,20015
2018,foreign,25,men,20738
2018,foreign,26,men,20863
2018,foreign,27,men,21979
2018,foreign,28,men,22832
2018,foreign,29,men,23025
2018,foreign,30,men,23895
2018,foreign,31,men,23932
2018,foreign,32,men,24913
2018,foreign,33,men,25242
2018,foreign,34,men,25222
2018,foreign,35,men,24336
2018,foreign,36,men,24304
2018,foreign,37,men,22995
2018,foreign,38,men,23656
2018,foreign,39,men,22139
2018,foreign,40,men,21271
2018,foreign,41,men,20296
2018,foreign,42,men,20002
2018,foreign,43,men,19455
2018,foreign,44,men,19036
2018,foreign,45,men,18102
2018,foreign,46,men,18189
2018,foreign,47,men,17229
2018,foreign,48,men,17340
2018,foreign,49,men,16749
2018,foreign,50,men,16795
2018,foreign,51,men,16333
2018,foreign,52,men,16024
2018,foreign,53,men,15986
2018,foreign,54,men,15577
2018,foreign,55,men,15098
2018,foreign,56,men,14630
2018,foreign,57,men,13434
2018,foreign,58,men,13757
2018,foreign,59,men,12467
2018,foreign,60,men,11937
2018,foreign,61,men,11922
2018,foreign,62,men,11282
2018,foreign,63,men,10443
2018,foreign,64,men,10198
2018,foreign,65,men,9289
2018,foreign,66,men,8850
2018,foreign,67,men,8251
2018,foreign,68,men,8432
2018,foreign,69,men,7832
2018,foreign,70,men,7635
2018,foreign,71,men,7555
2018,foreign,72,men,6923
2018,foreign,73,men,6056
2018,foreign,74,men,5685
2018,foreign,75,men,5332
2018,foreign,76,men,5055
2018,foreign,77,men,5066
2018,foreign,78,men,4683
2018,foreign,79,men,4186
2018,foreign,80,men,3766
2018,foreign,81,men,3276
2018,foreign,82,men,2765
2018,foreign,83,men,2495
2018,foreign,84,men,2056
2018,foreign,85,men,1747
2018,foreign,86,men,1490
2018,foreign,87,men,1297
2018,foreign,88,men,1119
2018,foreign,89,men,864
2018,foreign,90,men,653
2018,foreign,91,men,499
2018,foreign,92,men,404
2018,foreign,93,men,316
2018,foreign,94,men,237
2018,foreign,95,men,180
2018,foreign,96,men,87
2018,foreign,97,men,55
2018,foreign,98,men,55
2018,foreign,99,men,21
2018,foreign,100+,men,34
2018,foreign,0,women,12694
2018,foreign,1,women,14333
2018,foreign,2,women,15276
2018,foreign,3,women,14817
2018,foreign,4,women,15213
2018,foreign,5,women,14970
2018,foreign,6,women,15427
2018,foreign,7,women,15046
2018,foreign,8,women,15426
2018,foreign,9,women,15279
2018,foreign,10,women,15249
2018,foreign,11,women,14882
2018,foreign,12,women,14535
2018,foreign,13,women,14418
2018,foreign,14,women,13995
2018,foreign,15,women,13919
2018,foreign,16,women,13831
2018,foreign,17,women,13696
2018,foreign,18,women,14333
2018,foreign,19,women,14540
2018,foreign,20,women,14838
2018,foreign,21,women,15139
2018,foreign,22,women,15900
2018,foreign,23,women,17219
2018,foreign,24,women,18259
2018,foreign,25,women,18857
2018,foreign,26,women,19703
2018,foreign,27,women,20648
2018,foreign,28,women,21865
2018,foreign,29,women,22231
2018,foreign,30,women,23023
2018,foreign,31,women,23155
2018,foreign,32,women,23392
2018,foreign,33,women,23609
2018,foreign,34,women,23459
2018,foreign,35,women,23255
2018,foreign,36,women,22905
2018,foreign,37,women,21879
2018,foreign,38,women,22788
2018,foreign,39,women,21163
2018,foreign,40,women,20753
2018,foreign,41,women,20333
2018,foreign,42,women,19644
2018,foreign,43,women,19452
2018,foreign,44,women,19358
2018,foreign,45,women,18461
2018,foreign,46,women,18697
2018,foreign,47,women,18098
2018,foreign,48,women,18133
2018,foreign,49,women,17537
2018,foreign,50,women,17159
2018,foreign,51,women,16506
2018,foreign,52,women,15977
2018,foreign,53,women,15964
2018,foreign,54,women,15407
2018,foreign,55,women,14895
2018,foreign,56,women,14458
2018,foreign,57,women,13711
2018,foreign,58,women,14020
2018,foreign,59,women,12951
2018,foreign,60,women,12253
2018,foreign,61,women,12320
2018,foreign,62,women,11801
2018,foreign,63,women,11368
2018,foreign,64,women,10913
2018,foreign,65,women,10257
2018,foreign,66,women,9881
2018,foreign,67,women,9493
2018,foreign,68,women,9542
2018,foreign,69,women,9148
2018,foreign,70,women,8813
2018,foreign,71,women,8579
2018,foreign,72,women,7819
2018,foreign,73,women,6883
2018,foreign,74,women,6065
2018,foreign,75,women,5680
2018,foreign,76,women,5154
2018,foreign,77,women,5534
2018,foreign,78,women,5047
2018,foreign,79,women,5035
2018,foreign,80,women,4706
2018,foreign,81,women,4452
2018,foreign,82,women,4116
2018,foreign,83,women,3773
2018,foreign,84,women,3551
2018,foreign,85,women,2985
2018,foreign,86,women,2817
2018,foreign,87,women,2626
2018,foreign,88,women,2424
2018,foreign,89,women,1937
2018,foreign,90,women,1670
2018,foreign,91,women,1397
2018,foreign,92,women,1131
2018,foreign,93,women,899
2018,foreign,94,women,686
2018,foreign,95,women,491
2018,foreign,96,women,347
2018,foreign,97,women,227
2018,foreign,98,women,164
2018,foreign,99,women,91
2018,foreign,100+,women,143
2019,Swedish,0,men,44930
2019,Swedish,1,men,45883
2019,Swedish,2,men,45731
2019,Swedish,3,men,47080
2019,Swedish,4,men,47061
2019,Swedish,5,men,47101
2019,Swedish,6,men,47008
2019,Swedish,7,men,47075
2019,Swedish,8,men,46682
2019,Swedish,9,men,48755
2019,Swedish,10,men,47652
2019,Swedish,11,men,47026
2019,Swedish,12,men,46352
2019,Swedish,13,men,46266
2019,Swedish,14,men,44582
2019,Swedish,15,men,44641
2019,Swedish,16,men,44200
2019,Swedish,17,men,42678
2019,Swedish,18,men,40943
2019,Swedish,19,men,40479
2019,Swedish,20,men,39220
2019,Swedish,21,men,39646
2019,Swedish,22,men,39939
2019,Swedish,23,men,41831
2019,Swedish,24,men,45482
2019,Swedish,25,men,49291
2019,Swedish,26,men,51573
2019,Swedish,27,men,54921
2019,Swedish,28,men,55841
2019,Swedish,29,men,55995
2019,Swedish,30,men,52655
2019,Swedish,31,men,50873
2019,Swedish,32,men,47057
2019,Swedish,33,men,46052
2019,Swedish,34,men,44611
2019,Swedish,35,men,42349
2019,Swedish,36,men,41458
2019,Swedish,37,men,41691
2019,Swedish,38,men,41616
2019,Swedish,39,men,43069
2019,Swedish,40,men,42520
2019,Swedish,41,men,41210
2019,Swedish,42,men,42920
2019,Swedish,43,men,43757
2019,Swedish,44,men,46345
2019,Swedish,45,men,49377
2019,Swedish,46,men,48933
2019,Swedish,47,men,49912
2019,Swedish,48,men,50427
2019,Swedish,49,men,48459
2019,Swedish,50,men,48004
2019,Swedish,51,men,50352
2019,Swedish,52,men,54035
2019,Swedish,53,men,54771
2019,Swedish,54,men,54551
2019,Swedish,55,men,54092
2019,Swedish,56,men,50037
2019,Swedish,57,men,46911
2019,Swedish,58,men,45617
2019,Swedish,59,men,44173
2019,Swedish,60,men,45570
2019,Swedish,61,men,45355
2019,Swedish,62,men,45307
2019,Swedish,63,men,46026
2019,Swedish,64,men,44834
2019,Swedish,65,men,43635
2019,Swedish,66,men,45181
2019,Swedish,67,men,44635
2019,Swedish,68,men,43712
2019,Swedish,69,men,45482
2019,Swedish,70,men,46945
2019,Swedish,71,men,47973
2019,Swedish,72,men,47725
2019,Swedish,73,men,47935
2019,Swedish,74,men,47585
2019,Swedish,75,men,45562
2019,Swedish,76,men,40994
2019,Swedish,77,men,36438
2019,Swedish,78,men,30083
2019,Swedish,79,men,27307
2019,Swedish,80,men,26079
2019,Swedish,81,men,23484
2019,Swedish,82,men,20994
2019,Swedish,83,men,18963
2019,Swedish,84,men,16603
2019,Swedish,85,men,14349
2019,Swedish,86,men,12818
2019,Swedish,87,men,11606
2019,Swedish,88,men,9923
2019,Swedish,89,men,8401
2019,Swedish,90,men,6704
2019,Swedish,91,men,5628
2019,Swedish,92,men,4269
2019,Swedish,93,men,3372
2019,Swedish,94,men,2486
2019,Swedish,95,men,1768
2019,Swedish,96,men,1233
2019,Swedish,97,men,855
2019,Swedish,98,men,547
2019,Swedish,99,men,343
2019,Swedish,100+,men,335
2019,Swedish,0,women,42217
2019,Swedish,1,women,43540
2019,Swedish,2,women,43204
2019,Swedish,3,women,44731
2019,Swedish,4,women,43839
2019,Swedish,5,women,44593
2019,Swedish,6,women,44326
2019,Swedish,7,women,44581
2019,Swedish,8,women,44509
2019,Swedish,9,women,46323
2019,Swedish,10,women,44863
2019,Swedish,11,women,44161
2019,Swedish,12,women,43766
2019,Swedish,13,women,43803
2019,Swedish,14,women,42197
2019,Swedish,15,women,42103
2019,Swedish,16,women,41552
2019,Swedish,17,women,40421
2019,Swedish,18,women,38330
2019,Swedish,19,women,37971
2019,Swedish,20,women,37054
2019,Swedish,21,women,37030
2019,Swedish,22,women,37611
2019,Swedish,23,women,39887
2019,Swedish,24,women,42858
2019,Swedish,25,women,47113
2019,Swedish,26,women,49471
2019,Swedish,27,women,51655
2019,Swedish,28,women,52522
2019,Swedish,29,women,53115
2019,Swedish,30,women,49718
2019,Swedish,31,women,47924
2019,Swedish,32,women,45104
2019,Swedish,33,women,43803
2019,Swedish,34,women,41988
2019,Swedish,35,women,40022
2019,Swedish,36,women,38964
2019,Swedish,37,women,39404
2019,Swedish,38,women,39950
2019,Swedish,39,women,40977
2019,Swedish,40,women,40663
2019,Swedish,41,women,39322
2019,Swedish,42,women,40349
2019,Swedish,43,women,41574
2019,Swedish,44,women,44092
2019,Swedish,45,women,46909
2019,Swedish,46,women,46668
2019,Swedish,47,women,47441
2019,Swedish,48,women,47798
2019,Swedish,49,women,46190
2019,Swedish,50,women,45406
2019,Swedish,51,women,48320
2019,Swedish,52,women,51511
2019,Swedish,53,women,52313
2019,Swedish,54,women,52377
2019,Swedish,55,women,52671
2019,Swedish,56,women,48017
2019,Swedish,57,women,45720
2019,Swedish,58,women,44292
2019,Swedish,59,women,43414
2019,Swedish,60,women,44069
2019,Swedish,61,women,44487
2019,Swedish,62,women,45000
2019,Swedish,63,women,44840
2019,Swedish,64,women,44612
2019,Swedish,65,women,43543
2019,Swedish,66,women,44966
2019,Swedish,67,women,44739
2019,Swedish,68,women,44257
2019,Swedish,69,women,45769
2019,Swedish,70,women,47819
2019,Swedish,71,women,49723
2019,Swedish,72,women,49539
2019,Swedish,73,women,49937
2019,Swedish,74,women,49298
2019,Swedish,75,women,48054
2019,Swedish,76,women,44260
2019,Swedish,77,women,39642
2019,Swedish,78,women,33437
2019,Swedish,79,women,31161
2019,Swedish,80,women,30414
2019,Swedish,81,women,28543
2019,Swedish,82,women,25740
2019,Swedish,83,women,24068
2019,Swedish,84,women,21602
2019,Swedish,85,women,19927
2019,Swedish,86,women,18506
2019,Swedish,87,women,17542
2019,Swedish,88,women,16014
2019,Swedish,89,women,14456
2019,Swedish,90,women,12298
2019,Swedish,91,women,10891
2019,Swedish,92,women,9131
2019,Swedish,93,women,7504
2019,Swedish,94,women,6087
2019,Swedish,95,women,4815
2019,Swedish,96,women,3490
2019,Swedish,97,women,2468
2019,Swedish,98,women,1958
2019,Swedish,99,women,1351
2019,Swedish,100+,women,1676
2019,foreign,0,men,14546
2019,foreign,1,men,15110
2019,foreign,2,men,15867
2019,foreign,3,men,16885
2019,foreign,4,men,16474
2019,foreign,5,men,17060
2019,foreign,6,men,16511
2019,foreign,7,men,16897
2019,foreign,8,men,16732
2019,foreign,9,men,17164
2019,foreign,10,men,16581
2019,foreign,11,men,16736
2019,foreign,12,men,16398
2019,foreign,13,men,16078
2019,foreign,14,men,15681
2019,foreign,15,men,15745
2019,foreign,16,men,15298
2019,foreign,17,men,15813
2019,foreign,18,men,16793
2019,foreign,19,men,19482
2019,foreign,20,men,25156
2019,foreign,21,men,20857
2019,foreign,22,men,18550
2019,foreign,23,men,19266
2019,foreign,24,men,20677
2019,foreign,25,men,21201
2019,foreign,26,men,21974
2019,foreign,27,men,22045
2019,foreign,28,men,23111
2019,foreign,29,men,24033
2019,foreign,30,men,24109
2019,foreign,31,men,25059
2019,foreign,32,men,24847
2019,foreign,33,men,25806
2019,foreign,34,men,26112
2019,foreign,35,men,25984
2019,foreign,36,men,25048
2019,foreign,37,men,25034
2019,foreign,38,men,23498
2019,foreign,39,men,24148
2019,foreign,40,men,22628
2019,foreign,41,men,21698
2019,foreign,42,men,20725
2019,foreign,43,men,20381
2019,foreign,44,men,19758
2019,foreign,45,men,19332
2019,foreign,46,men,18360
2019,foreign,47,men,18447
2019,foreign,48,men,17395
2019,foreign,49,men,17566
2019,foreign,50,men,16915
2019,foreign,51,men,16950
2019,foreign,52,men,16452
2019,foreign,53,men,16104
2019,foreign,54,men,16030
2019,foreign,55,men,15608
2019,foreign,56,men,15101
2019,foreign,57,men,14647
2019,foreign,58,men,13405
2019,foreign,59,men,13760
2019,foreign,60,men,12420
2019,foreign,61,men,11880
2019,foreign,62,men,11862
2019,foreign,63,men,11225
2019,foreign,64,men,10369
2019,foreign,65,men,10110
2019,foreign,66,men,9179
2019,foreign,67,men,8747
2019,foreign,68,men,8134
2019,foreign,69,men,8291
2019,foreign,70,men,7719
2019,foreign,71,men,7490
2019,foreign,72,men,7394
2019,foreign,73,men,6733
2019,foreign,74,men,5895
2019,foreign,75,men,5497
2019,foreign,76,men,5132
2019,foreign,77,men,4876
2019,foreign,78,men,4888
2019,foreign,79,men,4476
2019,foreign,80,men,3973
2019,foreign,81,men,3555
2019,foreign,82,men,3041
2019,foreign,83,men,2573
2019,foreign,84,men,2313
2019,foreign,85,men,1872
2019,foreign,86,men,1579
2019,foreign,87,men,1332
2019,foreign,88,men,1134
2019,foreign,89,men,975
2019,foreign,90,men,734
2019,foreign,91,men,560
2019,foreign,92,men,425
2019,foreign,93,men,314
2019,foreign,94,men,248
2019,foreign,95,men,188
2019,foreign,96,men,139
2019,foreign,97,men,62
2019,foreign,98,men,36
2019,foreign,99,men,34
2019,foreign,100+,men,40
2019,foreign,0,women,13690
2019,foreign,1,women,14243
2019,foreign,2,women,15228
2019,foreign,3,women,15985
2019,foreign,4,women,15474
2019,foreign,5,women,15815
2019,foreign,6,women,15490
2019,foreign,7,women,15988
2019,foreign,8,women,15548
2019,foreign,9,women,15926
2019,foreign,10,women,15801
2019,foreign,11,women,15731
2019,foreign,12,women,15389
2019,foreign,13,women,15052
2019,foreign,14,women,14904
2019,foreign,15,women,14455
2019,foreign,16,women,14473
2019,foreign,17,women,14308
2019,foreign,18,women,14260
2019,foreign,19,women,14964
2019,foreign,20,women,15185
2019,foreign,21,women,15597
2019,foreign,22,women,16195
2019,foreign,23,women,17197
2019,foreign,24,women,18461
2019,foreign,25,women,19590
2019,foreign,26,women,20215
2019,foreign,27,women,21002
2019,foreign,28,women,21883
2019,foreign,29,women,23145
2019,foreign,30,women,23380
2019,foreign,31,women,24023
2019,foreign,32,women,24158
2019,foreign,33,women,24198
2019,foreign,34,women,24414
2019,foreign,35,women,24186
2019,foreign,36,women,23906
2019,foreign,37,women,23480
2019,foreign,38,women,22473
2019,foreign,39,women,23341
2019,foreign,40,women,21628
2019,foreign,41,women,21175
2019,foreign,42,women,20751
2019,foreign,43,women,19964
2019,foreign,44,women,19803
2019,foreign,45,women,19654
2019,foreign,46,women,18717
2019,foreign,47,women,18936
2019,foreign,48,women,18307
2019,foreign,49,women,18264
2019,foreign,50,women,17668
2019,foreign,51,women,17272
2019,foreign,52,women,16615
2019,foreign,53,women,16081
2019,foreign,54,women,16028
2019,foreign,55,women,15433
2019,foreign,56,women,14944
2019,foreign,57,women,14485
2019,foreign,58,women,13726
2019,foreign,59,women,14055
2019,foreign,60,women,12955
2019,foreign,61,women,12237
2019,foreign,62,women,12269
2019,foreign,63,women,11750
2019,foreign,64,women,11323
2019,foreign,65,women,10807
2019,foreign,66,women,10184
2019,foreign,67,women,9806
2019,foreign,68,women,9406
2019,foreign,69,women,9465
2019,foreign,70,women,9039
2019,foreign,71,women,8718
2019,foreign,72,women,8483
2019,foreign,73,women,7705
2019,foreign,74,women,6760
2019,foreign,75,women,5964
2019,foreign,76,women,5546
2019,foreign,77,women,5037
2019,foreign,78,women,5359
2019,foreign,79,women,4885
2019,foreign,80,women,4836
2019,foreign,81,women,4542
2019,foreign,82,women,4254
2019,foreign,83,women,3906
2019,foreign,84,women,3567
2019,foreign,85,women,3338
2019,foreign,86,women,2743
2019,foreign,87,women,2569
2019,foreign,88,women,2359
2019,foreign,89,women,2186
2019,foreign,90,women,1714
2019,foreign,91,women,1452
2019,foreign,92,women,1181
2019,foreign,93,women,929
2019,foreign,94,women,717
2019,foreign,95,women,546
2019,foreign,96,women,379
2019,foreign,97,women,270
2019,foreign,98,women,168
2019,foreign,99,women,126
2019,foreign,100+,women,156
2020,Swedish,0,men,44714
2020,Swedish,1,men,44656
2020,Swedish,2,men,45658
2020,Swedish,3,men,45591
2020,Swedish,4,men,46958
2020,Swedish,5,men,46960
2020,Swedish,6,men,47015
2020,Swedish,7,men,46923
2020,Swedish,8,men,47047
2020,Swedish,9,men,46654
2020,Swedish,10,men,48752
2020,Swedish,11,men,47653
2020,Swedish,12,men,47016
2020,Swedish,13,men,46380
2020,Swedish,14,men,46273
2020,Swedish,15,men,44587
2020,Swedish,16,men,44662
2020,Swedish,17,men,44184
2020,Swedish,18,men,42700
2020,Swedish,19,men,40950
2020,Swedish,20,men,40439
2020,Swedish,21,men,39184
2020,Swedish,22,men,39613
2020,Swedish,23,men,39881
2020,Swedish,24,men,41784
2020,Swedish,25,men,45381
2020,Swedish,26,men,49164
2020,Swedish,27,men,51469
2020,Swedish,28,men,54786
2020,Swedish,29,men,55745
2020,Swedish,30,men,55908
2020,Swedish,31,men,52601
2020,Swedish,32,men,50814
2020,Swedish,33,men,47018
2020,Swedish,34,men,45998
2020,Swedish,35,men,44573
2020,Swedish,36,men,42282
2020,Swedish,37,men,41421
2020,Swedish,38,men,41662
2020,Swedish,39,men,41582
2020,Swedish,40,men,43026
2020,Swedish,41,men,42471
2020,Swedish,42,men,41183
2020,Swedish,43,men,42895
2020,Swedish,44,men,43717
2020,Swedish,45,men,46297
2020,Swedish,46,men,49344
2020,Swedish,47,men,48881
2020,Swedish,48,men,49840
2020,Swedish,49,men,50367
2020,Swedish,50,men,48391
2020,Swedish,51,men,47912
2020,Swedish,52,men,50247
2020,Swedish,53,men,53904
2020,Swedish,54,men,54611
2020,Swedish,55,men,54378
2020,Swedish,56,men,53890
2020,Swedish,57,men,49824
2020,Swedish,58,men,46691
2020,Swedish,59,men,45371
2020,Swedish,60,men,43922
2020,Swedish,61,men,45283
2020,Swedish,62,men,45054
2020,Swedish,63,men,44935
2020,Swedish,64,men,45598
2020,Swedish,65,men,44379
2020,Swedish,66,men,43138
2020,Swedish,67,men,44683
2020,Swedish,68,men,44054
2020,Swedish,69,men,43062
2020,Swedish,70,men,44774
2020,Swedish,71,men,46130
2020,Swedish,72,men,47080
2020,Swedish,73,men,46781
2020,Swedish,74,men,46835
2020,Swedish,75,men,46367
2020,Swedish,76,men,44211
2020,Swedish,77,men,39568
2020,Swedish,78,men,35172
2020,Swedish,79,men,28784
2020,Swedish,80,men,25997
2020,Swedish,81,men,24631
2020,Swedish,82,men,22001
2020,Swedish,83,men,19428
2020,Swedish,84,men,17494
2020,Swedish,85,men,15005
2020,Swedish,86,men,12821
2020,Swedish,87,men,11291
2020,Swedish,88,men,9989
2020,Swedish,89,men,8438
2020,Swedish,90,men,6884
2020,Swedish,91,men,5369
2020,Swedish,92,men,4351
2020,Swedish,93,men,3257
2020,Swedish,94,men,2456
2020,Swedish,95,men,1767
2020,Swedish,96,men,1215
2020,Swedish,97,men,822
2020,Swedish,98,men,535
2020,Swedish,99,men,333
2020,Swedish,100+,men,367
2020,Swedish,0,women,42100
2020,Swedish,1,women,42047
2020,Swedish,2,women,43344
2020,Swedish,3,women,43088
2020,Swedish,4,women,44615
2020,Swedish,5,women,43744
2020,Swedish,6,women,44525
2020,Swedish,7,women,44292
2020,Swedish,8,women,44542
2020,Swedish,9,women,44477
2020,Swedish,10,women,46342
2020,Swedish,11,women,44860
2020,Swedish,12,women,44166
2020,Swedish,13,women,43782
2020,Swedish,14,women,43808
2020,Swedish,15,women,42213
2020,Swedish,16,women,42136
2020,Swedish,17,women,41560
2020,Swedish,18,women,40433
2020,Swedish,19,women,38294
2020,Swedish,20,women,37917
2020,Swedish,21,women,36997
2020,Swedish,22,women,36969
2020,Swedish,23,women,37529
2020,Swedish,24,women,39769
2020,Swedish,25,women,42765
2020,Swedish,26,women,47023
2020,Swedish,27,women,49375
2020,Swedish,28,women,51573
2020,Swedish,29,women,52460
2020,Swedish,30,women,53085
2020,Swedish,31,women,49652
2020,Swedish,32,women,47890
2020,Swedish,33,women,45045
2020,Swedish,34,women,43743
2020,Swedish,35,women,41973
2020,Swedish,36,women,40008
2020,Swedish,37,women,38954
2020,Swedish,38,women,39383
2020,Swedish,39,women,39930
2020,Swedish,40,women,40965
2020,Swedish,41,women,40679
2020,Swedish,42,women,39321
2020,Swedish,43,women,40342
2020,Swedish,44,women,41570
2020,Swedish,45,women,44073
2020,Swedish,46,women,46882
2020,Swedish,47,women,46651
2020,Swedish,48,women,47411
2020,Swedish,49,women,47756
2020,Swedish,50,women,46134
2020,Swedish,51,women,45344
2020,Swedish,52,women,48268
2020,Swedish,53,women,51416
2020,Swedish,54,women,52221
2020,Swedish,55,women,52279
2020,Swedish,56,women,52582
2020,Swedish,57,women,47914
2020,Swedish,58,women,45585
2020,Swedish,59,women,44138
2020,Swedish,60,women,43259
2020,Swedish,61,women,43894
2020,Swedish,62,women,44274
2020,Swedish,63,women,44779
2020,Swedish,64,women,44579
2020,Swedish,65,women,44360
2020,Swedish,66,women,43242
2020,Swedish,67,women,44609
2020,Swedish,68,women,44380
2020,Swedish,69,women,43870
2020,Swedish,70,women,45334
2020,Swedish,71,women,47276
2020,Swedish,72,women,49091
2020,Swedish,73,women,48793
2020,Swedish,74,women,49150
2020,Swedish,75,women,48420
2020,Swedish,76,women,47115
2020,Swedish,77,women,43264
2020,Swedish,78,women,38628
2020,Swedish,79,women,32464
2020,Swedish,80,women,30104
2020,Swedish,81,women,29265
2020,Swedish,82,women,27302
2020,Swedish,83,women,24445
2020,Swedish,84,women,22739
2020,Swedish,85,women,20152
2020,Swedish,86,women,18428
2020,Swedish,87,women,16990
2020,Swedish,88,women,15785
2020,Swedish,89,women,14100
2020,Swedish,90,women,12549
2020,Swedish,91,women,10501
2020,Swedish,92,women,9072
2020,Swedish,93,women,7396
2020,Swedish,94,women,5892
2020,Swedish,95,women,4652
2020,Swedish,96,women,3596
2020,Swedish,97,women,2529
2020,Swedish,98,women,1751
2020,Swedish,99,women,1300
2020,Swedish,100+,women,1848
2020,foreign,0,men,13771
2020,foreign,1,men,15402
2020,foreign,2,men,15690
2020,foreign,3,men,16235
2020,foreign,4,men,17205
2020,foreign,5,men,16741
2020,foreign,6,men,17223
2020,foreign,7,men,16756
2020,foreign,8,men,17157
2020,foreign,9,men,16987
2020,foreign,10,men,17441
2020,foreign,11,men,16804
2020,foreign,12,men,17014
2020,foreign,13,men,16639
2020,foreign,14,men,16366
2020,foreign,15,men,15981
2020,foreign,16,men,16107
2020,foreign,17,men,15617
2020,foreign,18,men,16196
2020,foreign,19,men,17061
2020,foreign,20,men,19860
2020,foreign,21,men,25794
2020,foreign,22,men,21577
2020,foreign,23,men,19330
2020,foreign,24,men,20036
2020,foreign,25,men,21470
2020,foreign,26,men,21970
2020,foreign,27,men,22709
2020,foreign,28,men,22839
2020,foreign,29,men,23844
2020,foreign,30,men,24670
2020,foreign,31,men,24734
2020,foreign,32,men,25678
2020,foreign,33,men,25387
2020,foreign,34,men,26108
2020,foreign,35,men,26515
2020,foreign,36,men,26277
2020,foreign,37,men,25269
2020,foreign,38,men,25341
2020,foreign,39,men,23620
2020,foreign,40,men,24376
2020,foreign,41,men,22746
2020,foreign,42,men,21854
2020,foreign,43,men,20853
2020,foreign,44,men,20494
2020,foreign,45,men,19810
2020,foreign,46,men,19467
2020,foreign,47,men,18472
2020,foreign,48,men,18507
2020,foreign,49,men,17470
2020,foreign,50,men,17581
2020,foreign,51,men,16936
2020,foreign,52,men,16950
2020,foreign,53,men,16430
2020,foreign,54,men,16073
2020,foreign,55,men,16020
2020,foreign,56,men,15520
2020,foreign,57,men,15024
2020,foreign,58,men,14587
2020,foreign,59,men,13353
2020,foreign,60,men,13700
2020,foreign,61,men,12336
2020,foreign,62,men,11785
2020,foreign,63,men,11741
2020,foreign,64,men,11108
2020,foreign,65,men,10252
2020,foreign,66,men,9991
2020,foreign,67,men,9021
2020,foreign,68,men,8621
2020,foreign,69,men,8009
2020,foreign,70,men,8117
2020,foreign,71,men,7518
2020,foreign,72,men,7288
2020,foreign,73,men,7195
2020,foreign,74,men,6515
2020,foreign,75,men,5690
2020,foreign,76,men,5296
2020,foreign,77,men,4926
2020,foreign,78,men,4661
2020,foreign,79,men,4579
2020,foreign,80,men,4247
2020,foreign,81,men,3712
2020,foreign,82,men,3282
2020,foreign,83,men,2796
2020,foreign,84,men,2347
2020,foreign,85,men,2070
2020,foreign,86,men,1634
2020,foreign,87,men,1371
2020,foreign,88,men,1126
2020,foreign,89,men,954
2020,foreign,90,men,795
2020,foreign,91,men,598
2020,foreign,92,men,429
2020,foreign,93,men,319
2020,foreign,94,men,228
2020,foreign,95,men,173
2020,foreign,96,men,134
2020,foreign,97,men,90
2020,foreign,98,men,39
2020,foreign,99,men,24
2020,foreign,100+,men,47
2020,foreign,0,women,13004
2020,foreign,1,women,14486
2020,foreign,2,women,14733
2020,foreign,3,women,15556
2020,foreign,4,women,16223
2020,foreign,5,women,15698
2020,foreign,6,women,16004
2020,foreign,7,women,15720
2020,foreign,8,women,16171
2020,foreign,9,women,15719
2020,foreign,10,women,16112
2020,foreign,11,women,16013
2020,foreign,12,women,15991
2020,foreign,13,women,15679
2020,foreign,14,women,15276
2020,foreign,15,women,15137
2020,foreign,16,women,14703
2020,foreign,17,women,14718
2020,foreign,18,women,14651
2020,foreign,19,women,14686
2020,foreign,20,women,15354
2020,foreign,21,women,15685
2020,foreign,22,women,16377
2020,foreign,23,women,17198
2020,foreign,24,women,18171
2020,foreign,25,women,19372
2020,foreign,26,women,20496
2020,foreign,27,women,20959
2020,foreign,28,women,21813
2020,foreign,29,women,22546
2020,foreign,30,women,23789
2020,foreign,31,women,24009
2020,foreign,32,women,24609
2020,foreign,33,women,24600
2020,foreign,34,women,24611
2020,foreign,35,women,24796
2020,foreign,36,women,24492
2020,foreign,37,women,24213
2020,foreign,38,women,23753
2020,foreign,39,women,22686
2020,foreign,40,women,23586
2020,foreign,41,women,21809
2020,foreign,42,women,21346
2020,foreign,43,women,20939
2020,foreign,44,women,20063
2020,foreign,45,women,19935
2020,foreign,46,women,19771
2020,foreign,47,women,18838
2020,foreign,48,women,19046
2020,foreign,49,women,18409
2020,foreign,50,women,18368
2020,foreign,51,women,17719
2020,foreign,52,women,17305
2020,foreign,53,women,16664
2020,foreign,54,women,16098
2020,foreign,55,women,16038
2020,foreign,56,women,15419
2020,foreign,57,women,14928
2020,foreign,58,women,14453
2020,foreign,59,women,13679
2020,foreign,60,women,14023
2020,foreign,61,women,12896
2020,foreign,62,women,12170
2020,foreign,63,women,12186
2020,foreign,64,women,11704
2020,foreign,65,women,11232
2020,foreign,66,women,10727
2020,foreign,67,women,10091
2020,foreign,68,women,9696
2020,foreign,69,women,9317
2020,foreign,70,women,9341
2020,foreign,71,women,8922
2020,foreign,72,women,8599
2020,foreign,73,women,8326
2020,foreign,74,women,7552
2020,foreign,75,women,6622
2020,foreign,76,women,5820
2020,foreign,77,women,5393
2020,foreign,78,women,4883
2020,foreign,79,women,5152
2020,foreign,80,women,4694
2020,foreign,81,women,4620
2020,foreign,82,women,4290
2020,foreign,83,women,3982
2020,foreign,84,women,3654
2020,foreign,85,women,3307
2020,foreign,86,women,3052
2020,foreign,87,women,2499
2020,foreign,88,women,2294
2020,foreign,89,women,2068
2020,foreign,90,women,1897
2020,foreign,91,women,1454
2020,foreign,92,women,1234
2020,foreign,93,women,956
2020,foreign,94,women,739
2020,foreign,95,women,543
2020,foreign,96,women,416
2020,foreign,97,women,269
2020,foreign,98,women,190
2020,foreign,99,women,113
2020,foreign,100+,women,187
2021,Swedish,0,men,45331
2021,Swedish,1,men,44417
2021,Swedish,2,men,44554
2021,Swedish,3,men,45476
2021,Swedish,4,men,45485
2021,Swedish,5,men,46854
2021,Swedish,6,men,46835
2021,Swedish,7,men,46927
2021,Swedish,8,men,46862
2021,Swedish,9,men,46990
2021,Swedish,10,men,46618
2021,Swedish,11,men,48737
2021,Swedish,12,men,47616
2021,Swedish,13,men,47000
2021,Swedish,14,men,46366
2021,Swedish,15,men,46271
2021,Swedish,16,men,44599
2021,Swedish,17,men,44642
2021,Swedish,18,men,44202
2021,Swedish,19,men,42724
2021,Swedish,20,men,40918
2021,Swedish,21,men,40392
2021,Swedish,22,men,39130
2021,Swedish,23,men,39555
2021,Swedish,24,men,39786
2021,Swedish,25,men,41656
2021,Swedish,26,men,45268
2021,Swedish,27,men,49073
2021,Swedish,28,men,51359
2021,Swedish,29,men,54658
2021,Swedish,30,men,55639
2021,Swedish,31,men,55780
2021,Swedish,32,men,52506
2021,Swedish,33,men,50733
2021,Swedish,34,men,46962
2021,Swedish,35,men,45937
2021,Swedish,36,men,44507
2021,Swedish,37,men,42236
2021,Swedish,38,men,41378
2021,Swedish,39,men,41632
2021,Swedish,40,men,41518
2021,Swedish,41,men,42984
2021,Swedish,42,men,42441
2021,Swedish,43,men,41149
2021,Swedish,44,men,42822
2021,Swedish,45,men,43689
2021,Swedish,46,men,46238
2021,Swedish,47,men,49286
2021,Swedish,48,men,48803
2021,Swedish,49,men,49770
2021,Swedish,50,men,50301
2021,Swedish,51,men,48282
2021,Swedish,52,men,47797
2021,Swedish,53,men,50147
2021,Swedish,54,men,53778
2021,Swedish,55,men,54393
2021,Swedish,56,men,54208
2021,Swedish,57,men,53663
2021,Swedish,58,men,49628
2021,Swedish,59,men,46480
2021,Swedish,60,men,45142
2021,Swedish,61,men,43660
2021,Swedish,62,men,45000
2021,Swedish,63,men,44705
2021,Swedish,64,men,44570
2021,Swedish,65,men,45175
2021,Swedish,66,men,43922
2021,Swedish,67,men,42636
2021,Swedish,68,men,44133
2021,Swedish,69,men,43432
2021,Swedish,70,men,42409
2021,Swedish,71,men,44038
2021,Swedish,72,men,45302
2021,Swedish,73,men,46152
2021,Swedish,74,men,45750
2021,Swedish,75,men,45690
2021,Swedish,76,men,45100
2021,Swedish,77,men,42817
2021,Swedish,78,men,38147
2021,Swedish,79,men,33818
2021,Swedish,80,men,27543
2021,Swedish,81,men,24763
2021,Swedish,82,men,23278
2021,Swedish,83,men,20608
2021,Swedish,84,men,17981
2021,Swedish,85,men,15989
2021,Swedish,86,men,13539
2021,Swedish,87,men,11458
2021,Swedish,88,men,9908
2021,Swedish,89,men,8533
2021,Swedish,90,men,7123
2021,Swedish,91,men,5661
2021,Swedish,92,men,4318
2021,Swedish,93,men,3395
2021,Swedish,94,men,2497
2021,Swedish,95,men,1802
2021,Swedish,96,men,1243
2021,Swedish,97,men,819
2021,Swedish,98,men,548
2021,Swedish,99,men,335
2021,Swedish,100+,men,385
2021,Swedish,0,women,43097
2021,Swedish,1,women,41851
2021,Swedish,2,women,41958
2021,Swedish,3,women,43198
2021,Swedish,4,women,42987
2021,Swedish,5,women,44516
2021,Swedish,6,women,43649
2021,Swedish,7,women,44468
2021,Swedish,8,women,44232
2021,Swedish,9,women,44526
2021,Swedish,10,women,44469
2021,Swedish,11,women,46306
2021,Swedish,12,women,44845
2021,Swedish,13,women,44172
2021,Swedish,14,women,43773
2021,Swedish,15,women,43809
2021,Swedish,16,women,42239
2021,Swedish,17,women,42140
2021,Swedish,18,women,41597
2021,Swedish,19,women,40369
2021,Swedish,20,women,38207
2021,Swedish,21,women,37794
2021,Swedish,22,women,36885
2021,Swedish,23,women,36864
2021,Swedish,24,women,37404
2021,Swedish,25,women,39637
2021,Swedish,26,women,42665
2021,Swedish,27,women,46895
2021,Swedish,28,women,49231
2021,Swedish,29,women,51446
2021,Swedish,30,women,52342
2021,Swedish,31,women,52988
2021,Swedish,32,women,49606
2021,Swedish,33,women,47814
2021,Swedish,34,women,45028
2021,Swedish,35,women,43695
2021,Swedish,36,women,41935
2021,Swedish,37,women,39975
2021,Swedish,38,women,38931
2021,Swedish,39,women,39358
2021,Swedish,40,women,39882
2021,Swedish,41,women,40942
2021,Swedish,42,women,40657
2021,Swedish,43,women,39279
2021,Swedish,44,women,40325
2021,Swedish,45,women,41552
2021,Swedish,46,women,44049
2021,Swedish,47,women,46842
2021,Swedish,48,women,46619
2021,Swedish,49,women,47386
2021,Swedish,50,women,47712
2021,Swedish,51,women,46097
2021,Swedish,52,women,45275
2021,Swedish,53,women,48212
2021,Swedish,54,women,51337
2021,Swedish,55,women,52112
2021,Swedish,56,women,52185
2021,Swedish,57,women,52441
2021,Swedish,58,women,47794
2021,Swedish,59,women,45460
2021,Swedish,60,women,43994
2021,Swedish,61,women,43107
2021,Swedish,62,women,43697
2021,Swedish,63,women,44052
2021,Swedish,64,women,44540
2021,Swedish,65,women,44346
2021,Swedish,66,women,44053
2021,Swedish,67,women,42924
2021,Swedish,68,women,44243
2021,Swedish,69,women,43987
2021,Swedish,70,women,43417
2021,Swedish,71,women,44853
2021,Swedish,72,women,46694
2021,Swedish,73,women,48460
2021,Swedish,74,women,48058
2021,Swedish,75,women,48300
2021,Swedish,76,women,47476
2021,Swedish,77,women,46130
2021,Swedish,78,women,42217
2021,Swedish,79,women,37527
2021,Swedish,80,women,31417
2021,Swedish,81,women,29048
2021,Swedish,82,women,28061
2021,Swedish,83,women,26067
2021,Swedish,84,women,23149
2021,Swedish,85,women,21419
2021,Swedish,86,women,18762
2021,Swedish,87,women,16983
2021,Swedish,88,women,15456
2021,Swedish,89,women,14192
2021,Swedish,90,women,12456
2021,Swedish,91,women,10831
2021,Swedish,92,women,8915
2021,Swedish,93,women,7526
2021,Swedish,94,women,5974
2021,Swedish,95,women,4694
2021,Swedish,96,women,3539
2021,Swedish,97,women,2730
2021,Swedish,98,women,1831
2021,Swedish,99,women,1233
2021,Swedish,100+,women,2025
2021,foreign,0,men,13361
2021,foreign,1,men,14778
2021,foreign,2,men,16042
2021,foreign,3,men,16248
2021,foreign,4,men,16688
2021,foreign,5,men,17534
2021,foreign,6,men,17094
2021,foreign,7,men,17428
2021,foreign,8,men,17060
2021,foreign,9,men,17396
2021,foreign,10,men,17244
2021,foreign,11,men,17763
2021,foreign,12,men,17122
2021,foreign,13,men,17315
2021,foreign,14,men,16989
2021,foreign,15,men,16661
2021,foreign,16,men,16293
2021,foreign,17,men,16494
2021,foreign,18,men,16068
2021,foreign,19,men,16608
2021,foreign,20,men,17497
2021,foreign,21,men,20367
2021,foreign,22,men,26612
2021,foreign,23,men,22558
2021,foreign,24,men,20355
2021,foreign,25,men,21070
2021,foreign,26,men,22447
2021,foreign,27,men,23024
2021,foreign,28,men,23661
2021,foreign,29,men,23875
2021,foreign,30,men,24791
2021,foreign,31,men,25673
2021,foreign,32,men,25656
2021,foreign,33,men,26495
2021,foreign,34,men,26158
2021,foreign,35,men,26734
2021,foreign,36,men,27166
2021,foreign,37,men,26786
2021,foreign,38,men,25812
2021,foreign,39,men,25792
2021,foreign,40,men,24050
2021,foreign,41,men,24693
2021,foreign,42,men,23032
2021,foreign,43,men,22095
2021,foreign,44,men,21106
2021,foreign,45,men,20693
2021,foreign,46,men,20029
2021,foreign,47,men,19678
2021,foreign,48,men,18605
2021,foreign,49,men,18621
2021,foreign,50,men,17557
2021,foreign,51,men,17675
2021,foreign,52,men,17006
2021,foreign,53,men,17001
2021,foreign,54,men,16446
2021,foreign,55,men,16112
2021,foreign,56,men,16011
2021,foreign,57,men,15572
2021,foreign,58,men,14985
2021,foreign,59,men,14537
2021,foreign,60,men,13312
2021,foreign,61,men,13641
2021,foreign,62,men,12286
2021,foreign,63,men,11703
2021,foreign,64,men,11642
2021,foreign,65,men,10981
2021,foreign,66,men,10129
2021,foreign,67,men,9839
2021,foreign,68,men,8904
2021,foreign,69,men,8501
2021,foreign,70,men,7844
2021,foreign,71,men,7922
2021,foreign,72,men,7345
2021,foreign,73,men,7089
2021,foreign,74,men,6981
2021,foreign,75,men,6278
2021,foreign,76,men,5472
2021,foreign,77,men,5090
2021,foreign,78,men,4726
2021,foreign,79,men,4469
2021,foreign,80,men,4351
2021,foreign,81,men,3971
2021,foreign,82,men,3498
2021,foreign,83,men,3017
2021,foreign,84,men,2543
2021,foreign,85,men,2143
2021,foreign,86,men,1828
2021,foreign,87,men,1447
2021,foreign,88,men,1170
2021,foreign,89,men,956
2021,foreign,90,men,823
2021,foreign,91,men,656
2021,foreign,92,men,492
2021,foreign,93,men,330
2021,foreign,94,men,254
2021,foreign,95,men,169
2021,foreign,96,men,137
2021,foreign,97,men,97
2021,foreign,98,men,61
2021,foreign,99,men,28
2021,foreign,100+,men,51
2021,foreign,0,women,12874
2021,foreign,1,women,14004
2021,foreign,2,women,15058
2021,foreign,3,women,15127
2021,foreign,4,women,15900
2021,foreign,5,women,16537
2021,foreign,6,women,15979
2021,foreign,7,women,16247
2021,foreign,8,women,16000
2021,foreign,9,women,16468
2021,foreign,10,women,15967
2021,foreign,11,women,16371
2021,foreign,12,women,16247
2021,foreign,13,women,16246
2021,foreign,14,women,15901
2021,foreign,15,women,15570
2021,foreign,16,women,15427
2021,foreign,17,women,14992
2021,foreign,18,women,15114
2021,foreign,19,women,15152
2021,foreign,20,women,15209
2021,foreign,21,women,15933
2021,foreign,22,women,16664
2021,foreign,23,women,17634
2021,foreign,24,women,18451
2021,foreign,25,women,19287
2021,foreign,26,women,20555
2021,foreign,27,women,21626
2021,foreign,28,women,22073
2021,foreign,29,women,22809
2021,foreign,30,women,23557
2021,foreign,31,women,24638
2021,foreign,32,women,24853
2021,foreign,33,women,25325
2021,foreign,34,women,25264
2021,foreign,35,women,25192
2021,foreign,36,women,25260
2021,foreign,37,women,24928
2021,foreign,38,women,24626
2021,foreign,39,women,24098
2021,foreign,40,women,23043
2021,foreign,41,women,23914
2021,foreign,42,women,22110
2021,foreign,43,women,21662
2021,foreign,44,women,21180
2021,foreign,45,women,20289
2021,foreign,46,women,20122
2021,foreign,47,women,19946
2021,foreign,48,women,18969
2021,foreign,49,women,19157
2021,foreign,50,women,18525
2021,foreign,51,women,18466
2021,foreign,52,women,17829
2021,foreign,53,women,17343
2021,foreign,54,women,16710
2021,foreign,55,women,16135
2021,foreign,56,women,16071
2021,foreign,57,women,15465
2021,foreign,58,women,14937
2021,foreign,59,women,14449
2021,foreign,60,women,13642
2021,foreign,61,women,13996
2021,foreign,62,women,12861
2021,foreign,63,women,12130
2021,foreign,64,women,12129
2021,foreign,65,women,11614
2021,foreign,66,women,11140
2021,foreign,67,women,10646
2021,foreign,68,women,9999
2021,foreign,69,women,9616
2021,foreign,70,women,9216
2021,foreign,71,women,9177
2021,foreign,72,women,8770
2021,foreign,73,women,8479
2021,foreign,74,women,8160
2021,foreign,75,women,7417
2021,foreign,76,women,6498
2021,foreign,77,women,5660
2021,foreign,78,women,5225
2021,foreign,79,women,4739
2021,foreign,80,women,4968
2021,foreign,81,women,4503
2021,foreign,82,women,4428
2021,foreign,83,women,4056
2021,foreign,84,women,3761
2021,foreign,85,women,3415
2021,foreign,86,women,3057
2021,foreign,87,women,2783
2021,foreign,88,women,2249
2021,foreign,89,women,2034
2021,foreign,90,women,1806
2021,foreign,91,women,1656
2021,foreign,92,women,1244
2021,foreign,93,women,1017
2021,foreign,94,women,774
2021,foreign,95,women,571
2021,foreign,96,women,425
2021,foreign,97,women,298
2021,foreign,98,women,199
2021,foreign,99,women,133
2021,foreign,100+,women,201
2022,Swedish,0,men,41366
2022,Swedish,1,men,45057
2022,Swedish,2,men,44319
2022,Swedish,3,men,44458
2022,Swedish,4,men,45331
2022,Swedish,5,men,45379
2022,Swedish,6,men,46750
2022,Swedish,7,men,46758
2022,Swedish,8,men,46850
2022,Swedish,9,men,46804
2022,Swedish,10,men,46959
2022,Swedish,11,men,46587
2022,Swedish,12,men,48701
2022,Swedish,13,men,47596
2022,Swedish,14,men,46988
2022,Swedish,15,men,46356
2022,Swedish,16,men,46288
2022,Swedish,17,men,44604
2022,Swedish,18,men,44664
2022,Swedish,19,men,44209
2022,Swedish,20,men,42680
2022,Swedish,21,men,40829
2022,Swedish,22,men,40307
2022,Swedish,23,men,39059
2022,Swedish,24,men,39418
2022,Swedish,25,men,39666
2022,Swedish,26,men,41536
2022,Swedish,27,men,45133
2022,Swedish,28,men,48923
2022,Swedish,29,men,51221
2022,Swedish,30,men,54562
2022,Swedish,31,men,55479
2022,Swedish,32,men,55636
2022,Swedish,33,men,52441
2022,Swedish,34,men,50608
2022,Swedish,35,men,46881
2022,Swedish,36,men,45842
2022,Swedish,37,men,44421
2022,Swedish,38,men,42151
2022,Swedish,39,men,41310
2022,Swedish,40,men,41540
2022,Swedish,41,men,41438
2022,Swedish,42,men,42907
2022,Swedish,43,men,42380
2022,Swedish,44,men,41082
2022,Swedish,45,men,42749
2022,Swedish,46,men,43625
2022,Swedish,47,men,46194
2022,Swedish,48,men,49204
2022,Swedish,49,men,48733
2022,Swedish,50,men,49683
2022,Swedish,51,men,50195
2022,Swedish,52,men,48181
2022,Swedish,53,men,47704
2022,Swedish,54,men,49973
2022,Swedish,55,men,53589
2022,Swedish,56,men,54205
2022,Swedish,57,men,54006
2022,Swedish,58,men,53451
2022,Swedish,59,men,49414
2022,Swedish,60,men,46237
2022,Swedish,61,men,44898
2022,Swedish,62,men,43329
2022,Swedish,63,men,44681
2022,Swedish,64,men,44358
2022,Swedish,65,men,44152
2022,Swedish,66,men,44731
2022,Swedish,67,men,43428
2022,Swedish,68,men,42091
2022,Swedish,69,men,43552
2022,Swedish,70,men,42781
2022,Swedish,71,men,41723
2022,Swedish,72,men,43235
2022,Swedish,73,men,44400
2022,Swedish,74,men,45118
2022,Swedish,75,men,44669
2022,Swedish,76,men,44488
2022,Swedish,77,men,43744
2022,Swedish,78,men,41263
2022,Swedish,79,men,36685
2022,Swedish,80,men,32381
2022,Swedish,81,men,26090
2022,Swedish,82,men,23334
2022,Swedish,83,men,21712
2022,Swedish,84,men,19078
2022,Swedish,85,men,16472
2022,Swedish,86,men,14477
2022,Swedish,87,men,12088
2022,Swedish,88,men,10030
2022,Swedish,89,men,8557
2022,Swedish,90,men,7196
2022,Swedish,91,men,5753
2022,Swedish,92,men,4508
2022,Swedish,93,men,3306
2022,Swedish,94,men,2561
2022,Swedish,95,men,1777
2022,Swedish,96,men,1259
2022,Swedish,97,men,821
2022,Swedish,98,men,529
2022,Swedish,99,men,348
2022,Swedish,100+,men,380
2022,Swedish,0,women,39029
2022,Swedish,1,women,42846
2022,Swedish,2,women,41736
2022,Swedish,3,women,41870
2022,Swedish,4,women,43081
2022,Swedish,5,women,42883
2022,Swedish,6,women,44408
2022,Swedish,7,women,43571
2022,Swedish,8,women,44421
2022,Swedish,9,women,44179
2022,Swedish,10,women,44486
2022,Swedish,11,women,44433
2022,Swedish,12,women,46273
2022,Swedish,13,women,44832
2022,Swedish,14,women,44153
2022,Swedish,15,women,43753
2022,Swedish,16,women,43817
2022,Swedish,17,women,42247
2022,Swedish,18,women,42157
2022,Swedish,19,women,41552
2022,Swedish,20,women,40293
2022,Swedish,21,women,38120
2022,Swedish,22,women,37685
2022,Swedish,23,women,36786
2022,Swedish,24,women,36727
2022,Swedish,25,women,37272
2022,Swedish,26,women,39506
2022,Swedish,27,women,42547
2022,Swedish,28,women,46772
2022,Swedish,29,women,49108
2022,Swedish,30,women,51330
2022,Swedish,31,women,52251
2022,Swedish,32,women,52889
2022,Swedish,33,women,49537
2022,Swedish,34,women,47751
2022,Swedish,35,women,45003
2022,Swedish,36,women,43649
2022,Swedish,37,women,41913
2022,Swedish,38,women,39949
2022,Swedish,39,women,38878
2022,Swedish,40,women,39332
2022,Swedish,41,women,39856
2022,Swedish,42,women,40903
2022,Swedish,43,women,40639
2022,Swedish,44,women,39247
2022,Swedish,45,women,40296
2022,Swedish,46,women,41524
2022,Swedish,47,women,44024
2022,Swedish,48,women,46789
2022,Swedish,49,women,46570
2022,Swedish,50,women,47333
2022,Swedish,51,women,47620
2022,Swedish,52,women,46022
2022,Swedish,53,women,45191
2022,Swedish,54,women,48112
2022,Swedish,55,women,51243
2022,Swedish,56,women,52008
2022,Swedish,57,women,52037
2022,Swedish,58,women,52294
2022,Swedish,59,women,47646
2022,Swedish,60,women,45285
2022,Swedish,61,women,43826
2022,Swedish,62,women,42905
2022,Swedish,63,women,43502
2022,Swedish,64,women,43847
2022,Swedish,65,women,44284
2022,Swedish,66,women,44060
2022,Swedish,67,women,43756
2022,Swedish,68,women,42592
2022,Swedish,69,women,43866
2022,Swedish,70,women,43517
2022,Swedish,71,women,42927
2022,Swedish,72,women,44288
2022,Swedish,73,women,46051
2022,Swedish,74,women,47722
2022,Swedish,75,women,47271
2022,Swedish,76,women,47359
2022,Swedish,77,women,46463
2022,Swedish,78,women,44984
2022,Swedish,79,women,41044
2022,Swedish,80,women,36369
2022,Swedish,81,women,30295
2022,Swedish,82,women,27824
2022,Swedish,83,women,26730
2022,Swedish,84,women,24702
2022,Swedish,85,women,21727
2022,Swedish,86,women,19928
2022,Swedish,87,women,17262
2022,Swedish,88,women,15445
2022,Swedish,89,women,13776
2022,Swedish,90,women,12524
2022,Swedish,91,women,10753
2022,Swedish,92,women,9160
2022,Swedish,93,women,7346
2022,Swedish,94,women,6030
2022,Swedish,95,women,4693
2022,Swedish,96,women,3593
2022,Swedish,97,women,2587
2022,Swedish,98,women,1902
2022,Swedish,99,women,1238
2022,Swedish,100+,women,2022
2022,foreign,0,men,12729
2022,foreign,1,men,14354
2022,foreign,2,men,15404
2022,foreign,3,men,16484
2022,foreign,4,men,16681
2022,foreign,5,men,17064
2022,foreign,6,men,17797
2022,foreign,7,men,17334
2022,foreign,8,men,17690
2022,foreign,9,men,17394
2022,foreign,10,men,17630
2022,foreign,11,men,17521
2022,foreign,12,men,18043
2022,foreign,13,men,17389
2022,foreign,14,men,17589
2022,foreign,15,men,17285
2022,foreign,16,men,16978
2022,foreign,17,men,16644
2022,foreign,18,men,16972
2022,foreign,19,men,16539
2022,foreign,20,men,17138
2022,foreign,21,men,18051
2022,foreign,22,men,21299
2022,foreign,23,men,27804
2022,foreign,24,men,23769
2022,foreign,25,men,21561
2022,foreign,26,men,22228
2022,foreign,27,men,23563
2022,foreign,28,men,24241
2022,foreign,29,men,24902
2022,foreign,30,men,25067
2022,foreign,31,men,25893
2022,foreign,32,men,26870
2022,foreign,33,men,26750
2022,foreign,34,men,27633
2022,foreign,35,men,27076
2022,foreign,36,men,27576
2022,foreign,37,men,27917
2022,foreign,38,men,27478
2022,foreign,39,men,26383
2022,foreign,40,men,26378
2022,foreign,41,men,24551
2022,foreign,42,men,25224
2022,foreign,43,men,23464
2022,foreign,44,men,22511
2022,foreign,45,men,21482
2022,foreign,46,men,21023
2022,foreign,47,men,20326
2022,foreign,48,men,19924
2022,foreign,49,men,18840
2022,foreign,50,men,18797
2022,foreign,51,men,17729
2022,foreign,52,men,17837
2022,foreign,53,men,17160
2022,foreign,54,men,17095
2022,foreign,55,men,16509
2022,foreign,56,men,16177
2022,foreign,57,men,16051
2022,foreign,58,men,15585
2022,foreign,59,men,15025
2022,foreign,60,men,14519
2022,foreign,61,men,13291
2022,foreign,62,men,13594
2022,foreign,63,men,12213
2022,foreign,64,men,11663
2022,foreign,65,men,11535
2022,foreign,66,men,10920
2022,foreign,67,men,10037
2022,foreign,68,men,9742
2022,foreign,69,men,8774
2022,foreign,70,men,8350
2022,foreign,71,men,7736
2022,foreign,72,men,7735
2022,foreign,73,men,7203
2022,foreign,74,men,6909
2022,foreign,75,men,6772
2022,foreign,76,men,6088
2022,foreign,77,men,5274
2022,foreign,78,men,4892
2022,foreign,79,men,4501
2022,foreign,80,men,4239
2022,foreign,81,men,4138
2022,foreign,82,men,3738
2022,foreign,83,men,3263
2022,foreign,84,men,2802
2022,foreign,85,men,2330
2022,foreign,86,men,1941
2022,foreign,87,men,1638
2022,foreign,88,men,1250
2022,foreign,89,men,993
2022,foreign,90,men,801
2022,foreign,91,men,685
2022,foreign,92,men,531
2022,foreign,93,men,397
2022,foreign,94,men,252
2022,foreign,95,men,186
2022,foreign,96,men,124
2022,foreign,97,men,100
2022,foreign,98,men,78
2022,foreign,99,men,37
2022,foreign,100+,men,45
2022,foreign,0,women,12062
2022,foreign,1,women,13866
2022,foreign,2,women,14568
2022,foreign,3,women,15538
2022,foreign,4,women,15588
2022,foreign,5,women,16222
2022,foreign,6,women,16751
2022,foreign,7,women,16179
2022,foreign,8,women,16510
2022,foreign,9,women,16211
2022,foreign,10,women,16668
2022,foreign,11,women,16207
2022,foreign,12,women,16620
2022,foreign,13,women,16438
2022,foreign,14,women,16458
2022,foreign,15,women,16163
2022,foreign,16,women,15871
2022,foreign,17,women,15686
2022,foreign,18,women,15403
2022,foreign,19,women,15659
2022,foreign,20,women,15714
2022,foreign,21,women,15865
2022,foreign,22,women,16965
2022,foreign,23,women,18003
2022,foreign,24,women,18978
2022,foreign,25,women,19780
2022,foreign,26,women,20622
2022,foreign,27,women,21880
2022,foreign,28,women,22887
2022,foreign,29,women,23304
2022,foreign,30,women,23961
2022,foreign,31,women,24639
2022,foreign,32,women,25599
2022,foreign,33,women,25780
2022,foreign,34,women,26129
2022,foreign,35,women,25957
2022,foreign,36,women,25804
2022,foreign,37,women,25839
2022,foreign,38,women,25374
2022,foreign,39,women,25110
2022,foreign,40,women,24464
2022,foreign,41,women,23392
2022,foreign,42,women,24264
2022,foreign,43,women,22408
2022,foreign,44,women,21870
2022,foreign,45,women,21431
2022,foreign,46,women,20523
2022,foreign,47,women,20324
2022,foreign,48,women,20146
2022,foreign,49,women,19149
2022,foreign,50,women,19282
2022,foreign,51,women,18640
2022,foreign,52,women,18571
2022,foreign,53,women,17948
2022,foreign,54,women,17411
2022,foreign,55,women,16764
2022,foreign,56,women,16189
2022,foreign,57,women,16122
2022,foreign,58,women,15476
2022,foreign,59,women,14928
2022,foreign,60,women,14438
2022,foreign,61,women,13630
2022,foreign,62,women,13944
2022,foreign,63,women,12848
2022,foreign,64,women,12084
2022,foreign,65,women,12084
2022,foreign,66,women,11564
2022,foreign,67,women,11069
2022,foreign,68,women,10565
2022,foreign,69,women,9938
2022,foreign,70,women,9517
2022,foreign,71,women,9103
2022,foreign,72,women,9077
2022,foreign,73,women,8657
2022,foreign,74,women,8334
2022,foreign,75,women,8018
2022,foreign,76,women,7262
2022,foreign,77,women,6329
2022,foreign,78,women,5506
2022,foreign,79,women,5055
2022,foreign,80,women,4562
2022,foreign,81,women,4787
2022,foreign,82,women,4290
2022,foreign,83,women,4180
2022,foreign,84,women,3817
2022,foreign,85,women,3495
2022,foreign,86,women,3170
2022,foreign,87,women,2822
2022,foreign,88,women,2535
2022,foreign,89,women,2017
2022,foreign,90,women,1792
2022,foreign,91,women,1560
2022,foreign,92,women,1400
2022,foreign,93,women,1029
2022,foreign,94,women,803
2022,foreign,95,women,607
2022,foreign,96,women,437
2022,foreign,97,women,303
2022,foreign,98,women,224
2022,foreign,99,women,146
2022,foreign,100+,women,240
2023,Swedish,0,men,39586
2023,Swedish,1,men,41204
2023,Swedish,2,men,44940
2023,Swedish,3,men,44194
2023,Swedish,4,men,44349
2023,Swedish,5,men,45182
2023,Swedish,6,men,45214
2023,Swedish,7,men,46604
2023,Swedish,8,men,46649
2023,Swedish,9,men,46782
2023,Swedish,10,men,46729
2023,Swedish,11,men,46904
2023,Swedish,12,men,46552
2023,Swedish,13,men,48666
2023,Swedish,14,men,47570
2023,Swedish,15,men,46967
2023,Swedish,16,men,46353
2023,Swedish,17,men,46303
2023,Swedish,18,men,44629
2023,Swedish,19,men,44657
2023,Swedish,20,men,44153
2023,Swedish,21,men,42593
2023,Swedish,22,men,40754
2023,Swedish,23,men,40214
2023,Swedish,24,men,38953
2023,Swedish,25,men,39306
2023,Swedish,26,men,39546
2023,Swedish,27,men,41378
2023,Swedish,28,men,44981
2023,Swedish,29,men,48746
2023,Swedish,30,men,51058
2023,Swedish,31,men,54388
2023,Swedish,32,men,55314
2023,Swedish,33,men,55517
2023,Swedish,34,men,52316
2023,Swedish,35,men,50502
2023,Swedish,36,men,46784
2023,Swedish,37,men,45745
2023,Swedish,38,men,44329
2023,Swedish,39,men,42051
2023,Swedish,40,men,41240
2023,Swedish,41,men,41473
2023,Swedish,42,men,41393
2023,Swedish,43,men,42823
2023,Swedish,44,men,42296
2023,Swedish,45,men,41013
2023,Swedish,46,men,42671
2023,Swedish,47,men,43553
2023,Swedish,48,men,46097
2023,Swedish,49,men,49119
2023,Swedish,50,men,48630
2023,Swedish,51,men,49584
2023,Swedish,52,men,50085
2023,Swedish,53,men,48047
2023,Swedish,54,men,47569
2023,Swedish,55,men,49815
2023,Swedish,56,men,53376
2023,Swedish,57,men,53986
2023,Swedish,58,men,53794
2023,Swedish,59,men,53199
2023,Swedish,60,men,49152
2023,Swedish,61,men,45982
2023,Swedish,62,men,44607
2023,Swedish,63,men,43015
2023,Swedish,64,men,44315
2023,Swedish,65,men,43984
2023,Swedish,66,men,43722
2023,Swedish,67,men,44266
2023,Swedish,68,men,42939
2023,Swedish,69,men,41556
2023,Swedish,70,men,42911
2023,Swedish,71,men,42113
2023,Swedish,72,men,40969
2023,Swedish,73,men,42397
2023,Swedish,74,men,43474
2023,Swedish,75,men,44008
2023,Swedish,76,men,43462
2023,Swedish,77,men,43156
2023,Swedish,78,men,42224
2023,Swedish,79,men,39681
2023,Swedish,80,men,35113
2023,Swedish,81,men,30852
2023,Swedish,82,men,24696
2023,Swedish,83,men,21843
2023,Swedish,84,men,20156
2023,Swedish,85,men,17542
2023,Swedish,86,men,14939
2023,Swedish,87,men,12931
2023,Swedish,88,men,10581
2023,Swedish,89,men,8586
2023,Swedish,90,men,7236
2023,Swedish,91,men,5947
2023,Swedish,92,men,4608
2023,Swedish,93,men,3497
2023,Swedish,94,men,2464
2023,Swedish,95,men,1838
2023,Swedish,96,men,1215
2023,Swedish,97,men,830
2023,Swedish,98,men,515
2023,Swedish,99,men,341
2023,Swedish,100+,men,417
2023,Swedish,0,women,37650
2023,Swedish,1,women,38887
2023,Swedish,2,women,42735
2023,Swedish,3,women,41612
2023,Swedish,4,women,41770
2023,Swedish,5,women,42933
2023,Swedish,6,women,42712
2023,Swedish,7,women,44281
2023,Swedish,8,women,43463
2023,Swedish,9,women,44361
2023,Swedish,10,women,44127
2023,Swedish,11,women,44442
2023,Swedish,12,women,44392
2023,Swedish,13,women,46244
2023,Swedish,14,women,44814
2023,Swedish,15,women,44127
2023,Swedish,16,women,43745
2023,Swedish,17,women,43804
2023,Swedish,18,women,42276
2023,Swedish,19,women,42107
2023,Swedish,20,women,41440
2023,Swedish,21,women,40208
2023,Swedish,22,women,38021
2023,Swedish,23,women,37570
2023,Swedish,24,women,36615
2023,Swedish,25,women,36578
2023,Swedish,26,women,37138
2023,Swedish,27,women,39405
2023,Swedish,28,women,42396
2023,Swedish,29,women,46632
2023,Swedish,30,women,48974
2023,Swedish,31,women,51194
2023,Swedish,32,women,52153
2023,Swedish,33,women,52787
2023,Swedish,34,women,49451
2023,Swedish,35,women,47669
2023,Swedish,36,women,44943
2023,Swedish,37,women,43569
2023,Swedish,38,women,41875
2023,Swedish,39,women,39904
2023,Swedish,40,women,38812
2023,Swedish,41,women,39297
2023,Swedish,42,women,39810
2023,Swedish,43,women,40861
2023,Swedish,44,women,40598
2023,Swedish,45,women,39213
2023,Swedish,46,women,40248
2023,Swedish,47,women,41482
2023,Swedish,48,women,43967
2023,Swedish,49,women,46729
2023,Swedish,50,women,46505
2023,Swedish,51,women,47262
2023,Swedish,52,women,47555
2023,Swedish,53,women,45933
2023,Swedish,54,women,45132
2023,Swedish,55,women,48032
2023,Swedish,56,women,51146
2023,Swedish,57,women,51862
2023,Swedish,58,women,51899
2023,Swedish,59,women,52134
2023,Swedish,60,women,47467
2023,Swedish,61,women,45104
2023,Swedish,62,women,43658
2023,Swedish,63,women,42692
2023,Swedish,64,women,43291
2023,Swedish,65,women,43579
2023,Swedish,66,women,43993
2023,Swedish,67,women,43735
2023,Swedish,68,women,43386
2023,Swedish,69,women,42238
2023,Swedish,70,women,43459
2023,Swedish,71,women,43083
2023,Swedish,72,women,42412
2023,Swedish,73,women,43714
2023,Swedish,74,women,45366
2023,Swedish,75,women,46891
2023,Swedish,76,women,46392
2023,Swedish,77,women,46378
2023,Swedish,78,women,45325
2023,Swedish,79,women,43732
2023,Swedish,80,women,39829
2023,Swedish,81,women,35158
2023,Swedish,82,women,29103
2023,Swedish,83,women,26590
2023,Swedish,84,women,25353
2023,Swedish,85,women,23213
2023,Swedish,86,women,20247
2023,Swedish,87,women,18364
2023,Swedish,88,women,15746
2023,Swedish,89,women,13908
2023,Swedish,90,women,12170
2023,Swedish,91,women,10871
2023,Swedish,92,women,9102
2023,Swedish,93,women,7495
2023,Swedish,94,women,5961
2023,Swedish,95,women,4680
2023,Swedish,96,women,3579
2023,Swedish,97,women,2633
2023,Swedish,98,women,1852
2023,Swedish,99,women,1296
2023,Swedish,100+,women,2000
2023,foreign,0,men,11950
2023,foreign,1,men,13452
2023,foreign,2,men,14650
2023,foreign,3,men,15544
2023,foreign,4,men,16492
2023,foreign,5,men,16686
2023,foreign,6,men,16933
2023,foreign,7,men,17712
2023,foreign,8,men,17218
2023,foreign,9,men,17629
2023,foreign,10,men,17378
2023,foreign,11,men,17606
2023,foreign,12,men,17534
2023,foreign,13,men,18087
2023,foreign,14,men,17449
2023,foreign,15,men,17752
2023,foreign,16,men,17510
2023,foreign,17,men,17206
2023,foreign,18,men,17059
2023,foreign,19,men,17365
2023,foreign,20,men,16926
2023,foreign,21,men,17668
2023,foreign,22,men,18879
2023,foreign,23,men,22238
2023,foreign,24,men,28626
2023,foreign,25,men,24541
2023,foreign,26,men,22222
2023,foreign,27,men,22688
2023,foreign,28,men,24017
2023,foreign,29,men,24598
2023,foreign,30,men,25248
2023,foreign,31,men,25436
2023,foreign,32,men,26311
2023,foreign,33,men,27248
2023,foreign,34,men,27097
2023,foreign,35,men,27892
2023,foreign,36,men,27329
2023,foreign,37,men,27762
2023,foreign,38,men,28053
2023,foreign,39,men,27538
2023,foreign,40,men,26469
2023,foreign,41,men,26425
2023,foreign,42,men,24656
2023,foreign,43,men,25335
2023,foreign,44,men,23521
2023,foreign,45,men,22600
2023,foreign,46,men,21496
2023,foreign,47,men,21076
2023,foreign,48,men,20421
2023,foreign,49,men,19994
2023,foreign,50,men,18861
2023,foreign,51,men,18833
2023,foreign,52,men,17784
2023,foreign,53,men,17812
2023,foreign,54,men,17168
2023,foreign,55,men,17128
2023,foreign,56,men,16519
2023,foreign,57,men,16150
2023,foreign,58,men,15999
2023,foreign,59,men,15560
2023,foreign,60,men,14987
2023,foreign,61,men,14465
2023,foreign,62,men,13221
2023,foreign,63,men,13506
2023,foreign,64,men,12115
2023,foreign,65,men,11559
2023,foreign,66,men,11421
2023,foreign,67,men,10811
2023,foreign,68,men,9929
2023,foreign,69,men,9614
2023,foreign,70,men,8636
2023,foreign,71,men,8177
2023,foreign,72,men,7558
2023,foreign,73,men,7584
2023,foreign,74,men,7037
2023,foreign,75,men,6742
2023,foreign,76,men,6573
2023,foreign,77,men,5914
2023,foreign,78,men,5067
2023,foreign,79,men,4688
2023,foreign,80,men,4314
2023,foreign,81,men,3993
2023,foreign,82,men,3873
2023,foreign,83,men,3517
2023,foreign,84,men,3012
2023,foreign,85,men,2576
2023,foreign,86,men,2097
2023,foreign,87,men,1755
2023,foreign,88,men,1457
2023,foreign,89,men,1095
2023,foreign,90,men,839
2023,foreign,91,men,670
2023,foreign,92,men,556
2023,foreign,93,men,439
2023,foreign,94,men,305
2023,foreign,95,men,180
2023,foreign,96,men,127
2023,foreign,97,men,81
2023,foreign,98,men,71
2023,foreign,99,men,58
2023,foreign,100+,men,59
2023,foreign,0,women,11470
2023,foreign,1,women,12711
2023,foreign,2,women,14182
2023,foreign,3,women,14740
2023,foreign,4,women,15555
2023,foreign,5,women,15655
2023,foreign,6,women,16090
2023,foreign,7,women,16630
2023,foreign,8,women,16088
2023,foreign,9,women,16440
2023,foreign,10,women,16209
2023,foreign,11,women,16602
2023,foreign,12,women,16210
2023,foreign,13,women,16651
2023,foreign,14,women,16480
2023,foreign,15,women,16567
2023,foreign,16,women,16267
2023,foreign,17,women,16042
2023,foreign,18,women,16044
2023,foreign,19,women,15898
2023,foreign,20,women,16266
2023,foreign,21,women,16449
2023,foreign,22,women,16869
2023,foreign,23,women,18181
2023,foreign,24,women,19245
2023,foreign,25,women,20049
2023,foreign,26,women,20708
2023,foreign,27,women,21498
2023,foreign,28,women,22643
2023,foreign,29,women,23572
2023,foreign,30,women,23933
2023,foreign,31,women,24611
2023,foreign,32,women,25048
2023,foreign,33,women,25976
2023,foreign,34,women,26146
2023,foreign,35,women,26364
2023,foreign,36,women,26138
2023,foreign,37,women,25991
2023,foreign,38,women,25976
2023,foreign,39,women,25508
2023,foreign,40,women,25267
2023,foreign,41,women,24560
2023,foreign,42,women,23527
2023,foreign,43,women,24372
2023,foreign,44,women,22575
2023,foreign,45,women,22011
2023,foreign,46,women,21535
2023,foreign,47,women,20580
2023,foreign,48,women,20424
2023,foreign,49,women,20216
2023,foreign,50,women,19203
2023,foreign,51,women,19376
2023,foreign,52,women,18685
2023,foreign,53,women,18619
2023,foreign,54,women,17961
2023,foreign,55,women,17432
2023,foreign,56,women,16765
2023,foreign,57,women,16167
2023,foreign,58,women,16107
2023,foreign,59,women,15431
2023,foreign,60,women,14908
2023,foreign,61,women,14420
2023,foreign,62,women,13613
2023,foreign,63,women,13899
2023,foreign,64,women,12781
2023,foreign,65,women,12025
2023,foreign,66,women,12002
2023,foreign,67,women,11490
2023,foreign,68,women,11008
2023,foreign,69,women,10462
2023,foreign,70,women,9845
2023,foreign,71,women,9432
2023,foreign,72,women,8984
2023,foreign,73,women,8965
2023,foreign,74,women,8521
2023,foreign,75,women,8184
2023,foreign,76,women,7839
2023,foreign,77,women,7089
2023,foreign,78,women,6153
2023,foreign,79,women,5342
2023,foreign,80,women,4865
2023,foreign,81,women,4399
2023,foreign,82,women,4542
2023,foreign,83,women,4096
2023,foreign,84,women,3943
2023,foreign,85,women,3601
2023,foreign,86,women,3251
2023,foreign,87,women,2910
2023,foreign,88,women,2552
2023,foreign,89,women,2274
2023,foreign,90,women,1775
2023,foreign,91,women,1533
2023,foreign,92,women,1340
2023,foreign,93,women,1173
2023,foreign,94,women,840
2023,foreign,95,women,641
2023,foreign,96,women,461
2023,foreign,97,women,311
2023,foreign,98,women,236
2023,foreign,99,women,168
2023,foreign,100+,women,274
2024,Swedish,0,men,39002
2024,Swedish,1,men,39465
2024,Swedish,2,men,41139
2024,Swedish,3,men,44844
2024,Swedish,4,men,44078
2024,Swedish,5,men,44232
2024,Swedish,6,men,45021
2024,Swedish,7,men,45084
2024,Swedish,8,men,46511
2024,Swedish,9,men,46563
2024,Swedish,10,men,46727
2024,Swedish,11,men,46684
2024,Swedish,12,men,46868
2024,Swedish,13,men,46513
2024,Swedish,14,men,48642
2024,Swedish,15,men,47560
2024,Swedish,16,men,46970
2024,Swedish,17,men,46336
2024,Swedish,18,men,46304
2024,Swedish,19,men,44596
2024,Swedish,20,men,44615
2024,Swedish,21,men,44075
2024,Swedish,22,men,42527
2024,Swedish,23,men,40656
2024,Swedish,24,men,40074
2024,Swedish,25,men,38841
2024,Swedish,26,men,39147
2024,Swedish,27,men,39411
2024,Swedish,28,men,41254
2024,Swedish,29,men,44844
2024,Swedish,30,men,48621
2024,Swedish,31,men,50927
2024,Swedish,32,men,54241
2024,Swedish,33,men,55172
2024,Swedish,34,men,55373
2024,Swedish,35,men,52191
2024,Swedish,36,men,50397
2024,Swedish,37,men,46675
2024,Swedish,38,men,45629
2024,Swedish,39,men,44233
2024,Swedish,40,men,41988
2024,Swedish,41,men,41153
2024,Swedish,42,men,41373
2024,Swedish,43,men,41311
2024,Swedish,44,men,42753
2024,Swedish,45,men,42218
2024,Swedish,46,men,40924
2024,Swedish,47,men,42589
2024,Swedish,48,men,43473
2024,Swedish,49,men,46000
2024,Swedish,50,men,49039
2024,Swedish,51,men,48509
2024,Swedish,52,men,49468
2024,Swedish,53,men,49937
2024,Swedish,54,men,47906
2024,Swedish,55,men,47401
2024,Swedish,56,men,49647
2024,Swedish,57,men,53193
2024,Swedish,58,men,53774
2024,Swedish,59,men,53534
2024,Swedish,60,men,52925
2024,Swedish,61,men,48876
2024,Swedish,62,men,45721
2024,Swedish,63,men,44305
2024,Swedish,64,men,42677
2024,Swedish,65,men,43945
2024,Swedish,66,men,43602
2024,Swedish,67,men,43333
2024,Swedish,68,men,43765
2024,Swedish,69,men,42408
2024,Swedish,70,men,41007
2024,Swedish,71,men,42281
2024,Swedish,72,men,41446
2024,Swedish,73,men,40187
2024,Swedish,74,men,41530
2024,Swedish,75,men,42466
2024,Swedish,76,men,42904
2024,Swedish,77,men,42230
2024,Swedish,78,men,41794
2024,Swedish,79,men,40660
2024,Swedish,80,men,38150
2024,Swedish,81,men,33511
2024,Swedish,82,men,29331
2024,Swedish,83,men,23333
2024,Swedish,84,men,20337
2024,Swedish,85,men,18624
2024,Swedish,86,men,16024
2024,Swedish,87,men,13449
2024,Swedish,88,men,11495
2024,Swedish,89,men,9196
2024,Swedish,90,men,7218
2024,Swedish,91,men,6032
2024,Swedish,92,men,4824
2024,Swedish,93,men,3689
2024,Swedish,94,men,2703
2024,Swedish,95,men,1817
2024,Swedish,96,men,1302
2024,Swedish,97,men,827
2024,Swedish,98,men,557
2024,Swedish,99,men,341
2024,Swedish,100+,men,453
2024,Swedish,0,women,36784
2024,Swedish,1,women,37525
2024,Swedish,2,women,38790
2024,Swedish,3,women,42606
2024,Swedish,4,women,41498
2024,Swedish,5,women,41678
2024,Swedish,6,women,42795
2024,Swedish,7,women,42607
2024,Swedish,8,women,44183
2024,Swedish,9,women,43388
2024,Swedish,10,women,44312
2024,Swedish,11,women,44079
2024,Swedish,12,women,44389
2024,Swedish,13,women,44376
2024,Swedish,14,women,46241
2024,Swedish,15,women,44795
2024,Swedish,16,women,44126
2024,Swedish,17,women,43754
2024,Swedish,18,women,43827
2024,Swedish,19,women,42240
2024,Swedish,20,women,42014
2024,Swedish,21,women,41316
2024,Swedish,22,women,40100
2024,Swedish,23,women,37941
2024,Swedish,24,women,37421
2024,Swedish,25,women,36507
2024,Swedish,26,women,36481
2024,Swedish,27,women,37017
2024,Swedish,28,women,39274
2024,Swedish,29,women,42299
2024,Swedish,30,women,46521
2024,Swedish,31,women,48860
2024,Swedish,32,women,51098
2024,Swedish,33,women,52084
2024,Swedish,34,women,52691
2024,Swedish,35,women,49374
2024,Swedish,36,women,47617
2024,Swedish,37,women,44883
2024,Swedish,38,women,43513
2024,Swedish,39,women,41807
2024,Swedish,40,women,39853
2024,Swedish,41,women,38734
2024,Swedish,42,women,39241
2024,Swedish,43,women,39747
2024,Swedish,44,women,40806
2024,Swedish,45,women,40546
2024,Swedish,46,women,39176
2024,Swedish,47,women,40204
2024,Swedish,48,women,41448
2024,Swedish,49,women,43916
2024,Swedish,50,women,46653
2024,Swedish,51,women,46448
2024,Swedish,52,women,47197
2024,Swedish,53,women,47466
2024,Swedish,54,women,45872
2024,Swedish,55,women,45050
2024,Swedish,56,women,47910
2024,Swedish,57,women,51040
2024,Swedish,58,women,51731
2024,Swedish,59,women,51735
2024,Swedish,60,women,51948
2024,Swedish,61,women,47298
2024,Swedish,62,women,44904
2024,Swedish,63,women,43436
2024,Swedish,64,women,42503
2024,Swedish,65,women,43051
2024,Swedish,66,women,43321
2024,Swedish,67,women,43702
2024,Swedish,68,women,43397
2024,Swedish,69,women,43011
2024,Swedish,70,women,41830
2024,Swedish,71,women,43077
2024,Swedish,72,women,42586
2024,Swedish,73,women,41846
2024,Swedish,74,women,43077
2024,Swedish,75,women,44653
2024,Swedish,76,women,46069
2024,Swedish,77,women,45501
2024,Swedish,78,women,45318
2024,Swedish,79,women,44109
2024,Swedish,80,women,42429
2024,Swedish,81,women,38483
2024,Swedish,82,women,33832
2024,Swedish,83,women,27823
2024,Swedish,84,women,25253
2024,Swedish,85,women,23986
2024,Swedish,86,women,21749
2024,Swedish,87,women,18673
2024,Swedish,88,women,16805
2024,Swedish,89,women,14165
2024,Swedish,90,women,12305
2024,Swedish,91,women,10523
2024,Swedish,92,women,9241
2024,Swedish,93,women,7542
2024,Swedish,94,women,6110
2024,Swedish,95,women,4714
2024,Swedish,96,women,3567
2024,Swedish,97,women,2630
2024,Swedish,98,women,1861
2024,Swedish,99,women,1300
2024,Swedish,100+,women,2114
2024,foreign,0,men,11935
2024,foreign,1,men,12506
2024,foreign,2,men,13626
2024,foreign,3,men,14814
2024,foreign,4,men,15630
2024,foreign,5,men,16517
2024,foreign,6,men,16650
2024,foreign,7,men,16960
2024,foreign,8,men,17713
2024,foreign,9,men,17368
2024,foreign,10,men,17778
2024,foreign,11,men,17517
2024,foreign,12,men,17844
2024,foreign,13,men,17793
2024,foreign,14,men,18339
2024,foreign,15,men,17772
2024,foreign,16,men,18115
2024,foreign,17,men,17865
2024,foreign,18,men,17781
2024,foreign,19,men,17679
2024,foreign,20,men,17931
2024,foreign,21,men,17383
2024,foreign,22,men,18518
2024,foreign,23,men,19714
2024,foreign,24,men,23007
2024,foreign,25,men,28960
2024,foreign,26,men,25076
2024,foreign,27,men,22717
2024,foreign,28,men,23164
2024,foreign,29,men,24422
2024,foreign,30,men,24992
2024,foreign,31,men,25422
2024,foreign,32,men,25644
2024,foreign,33,men,26399
2024,foreign,34,men,27313
2024,foreign,35,men,27145
2024,foreign,36,men,27778
2024,foreign,37,men,27186
2024,foreign,38,men,27653
2024,foreign,39,men,27934
2024,foreign,40,men,27343
2024,foreign,41,men,26335
2024,foreign,42,men,26335
2024,foreign,43,men,24518
2024,foreign,44,men,25217
2024,foreign,45,men,23510
2024,foreign,46,men,22476
2024,foreign,47,men,21419
2024,foreign,48,men,21006
2024,foreign,49,men,20401
2024,foreign,50,men,19901
2024,foreign,51,men,18763
2024,foreign,52,men,18781
2024,foreign,53,men,17716
2024,foreign,54,men,17781
2024,foreign,55,men,17089
2024,foreign,56,men,17030
2024,foreign,57,men,16420
2024,foreign,58,men,16085
2024,foreign,59,men,15907
2024,foreign,60,men,15464
2024,foreign,61,men,14905
2024,foreign,62,men,14423
2024,foreign,63,men,13170
2024,foreign,64,men,13426
2024,foreign,65,men,12035
2024,foreign,66,men,11486
2024,foreign,67,men,11315
2024,foreign,68,men,10702
2024,foreign,69,men,9831
2024,foreign,70,men,9509
2024,foreign,71,men,8527
2024,foreign,72,men,8017
2024,foreign,73,men,7392
2024,foreign,74,men,7389
2024,foreign,75,men,6860
2024,foreign,76,men,6545
2024,foreign,77,men,6352
2024,foreign,78,men,5693
2024,foreign,79,men,4872
2024,foreign,80,men,4473
2024,foreign,81,men,4101
2024,foreign,82,men,3784
2024,foreign,83,men,3634
2024,foreign,84,men,3269
2024,foreign,85,men,2771
2024,foreign,86,men,2366
2024,foreign,87,men,1875
2024,foreign,88,men,1569
2024,foreign,89,men,1290
2024,foreign,90,men,940
2024,foreign,91,men,710
2024,foreign,92,men,549
2024,foreign,93,men,439
2024,foreign,94,men,346
2024,foreign,95,men,230
2024,foreign,96,men,143
2024,foreign,97,men,96
2024,foreign,98,men,63
2024,foreign,99,men,44
2024,foreign,100+,men,80
2024,foreign,0,women,11351
2024,foreign,1,women,12004
2024,foreign,2,women,12944
2024,foreign,3,women,14381
2024,foreign,4,women,14827
2024,foreign,5,women,15614
2024,foreign,6,women,15632
2024,foreign,7,women,16158
2024,foreign,8,women,16659
2024,foreign,9,women,16246
2024,foreign,10,women,16545
2024,foreign,11,women,16346
2024,foreign,12,women,16848
2024,foreign,13,women,16433
2024,foreign,14,women,16866
2024,foreign,15,women,16708
2024,foreign,16,women,16870
2024,foreign,17,women,16526
2024,foreign,18,women,16556
2024,foreign,19,women,16651
2024,foreign,20,women,16396
2024,foreign,21,women,17049
2024,foreign,22,women,17687
2024,foreign,23,women,18221
2024,foreign,24,women,19470
2024,foreign,25,women,20403
2024,foreign,26,women,21134
2024,foreign,27,women,21749
2024,foreign,28,women,22461
2024,foreign,29,women,23465
2024,foreign,30,women,24325
2024,foreign,31,women,24525
2024,foreign,32,women,25099
2024,foreign,33,women,25419
2024,foreign,34,women,26308
2024,foreign,35,women,26385
2024,foreign,36,women,26679
2024,foreign,37,women,26458
2024,foreign,38,women,26254
2024,foreign,39,women,26246
2024,foreign,40,women,25786
2024,foreign,41,women,25556
2024,foreign,42,women,24914
2024,foreign,43,women,23781
2024,foreign,44,women,24670
2024,foreign,45,women,22814
2024,foreign,46,women,22263
2024,foreign,47,women,21739
2024,foreign,48,women,20765
2024,foreign,49,women,20668
2024,foreign,50,women,20408
2024,foreign,51,women,19336
2024,foreign,52,women,19503
2024,foreign,53,women,18769
2024,foreign,54,women,18710
2024,foreign,55,women,18073
2024,foreign,56,women,17502
2024,foreign,57,women,16823
2024,foreign,58,women,16184
2024,foreign,59,women,16169
2024,foreign,60,women,15455
2024,foreign,61,women,14949
2024,foreign,62,women,14485
2024,foreign,63,women,13677
2024,foreign,64,women,13935
2024,foreign,65,women,12847
2024,foreign,66,women,12069
2024,foreign,67,women,12036
2024,foreign,68,women,11495
2024,foreign,69,women,11055
2024,foreign,70,women,10457
2024,foreign,71,women,9804
2024,foreign,72,women,9394
2024,foreign,73,women,8924
2024,foreign,74,women,8913
2024,foreign,75,women,8458
2024,foreign,76,women,8091
2024,foreign,77,women,7709
2024,foreign,78,women,6963
2024,foreign,79,women,5996
2024,foreign,80,women,5186
2024,foreign,81,women,4679
2024,foreign,82,women,4263
2024,foreign,83,women,4360
2024,foreign,84,women,3870
2024,foreign,85,women,3704
2024,foreign,86,women,3372
2024,foreign,87,women,2958
2024,foreign,88,women,2654
2024,foreign,89,women,2292
2024,foreign,90,women,2022
2024,foreign,91,women,1538
2024,foreign,92,women,1320
2024,foreign,93,women,1104
2024,foreign,94,women,976
2024,foreign,95,women,665
2024,foreign,96,women,500
2024,foreign,97,women,373
2024,foreign,98,women,232
2024,foreign,99,women,174
2024,foreign,100+,women,314
